{
  "layers_analyzed": [
    "layer_1",
    "layer_2",
    "layer_3",
    "layer_4",
    "layer_5",
    "layer_6",
    "layer_7"
  ],
  "num_layers": 7,
  "train": {
    "layer_1": {
      "h_norm": 0.6113494634628296,
      "residual_norm": 4.974520206451416,
      "residual_inf_norm": 4.974520206451416,
      "h_t_norm": 4.666521072387695,
      "h_x_norm": 2.186530113220215,
      "h_xx_norm": 10.344795227050781,
      "convection_norm": 1.3233234882354736
    },
    "layer_2": {
      "h_norm": 0.5021314024925232,
      "residual_norm": 0.8896833062171936,
      "residual_inf_norm": 0.8896833062171936,
      "h_t_norm": 0.7816674113273621,
      "h_x_norm": 1.8964016437530518,
      "h_xx_norm": 10.781161308288574,
      "convection_norm": 0.9247922897338867
    },
    "layer_3": {
      "h_norm": 0.5254910588264465,
      "residual_norm": 0.8575937747955322,
      "residual_inf_norm": 0.8575937747955322,
      "h_t_norm": 0.7286034226417542,
      "h_x_norm": 1.964166522026062,
      "h_xx_norm": 17.903032302856445,
      "convection_norm": 0.973857045173645
    },
    "layer_4": {
      "h_norm": 0.5300381779670715,
      "residual_norm": 0.6094008088111877,
      "residual_inf_norm": 0.6094008088111877,
      "h_t_norm": 0.6276090741157532,
      "h_x_norm": 2.0055272579193115,
      "h_xx_norm": 22.204797744750977,
      "convection_norm": 0.9953246712684631
    },
    "layer_5": {
      "h_norm": 0.5360518097877502,
      "residual_norm": 0.3621551990509033,
      "residual_inf_norm": 0.3621551990509033,
      "h_t_norm": 0.6448660492897034,
      "h_x_norm": 1.9731528759002686,
      "h_xx_norm": 44.0571174621582,
      "convection_norm": 0.9636917114257812
    },
    "layer_6": {
      "h_norm": 0.5382760167121887,
      "residual_norm": 0.18671074509620667,
      "residual_inf_norm": 0.18671074509620667,
      "h_t_norm": 0.6181385517120361,
      "h_x_norm": 1.9263184070587158,
      "h_xx_norm": 72.66111755371094,
      "convection_norm": 0.9244584441184998
    },
    "layer_7": {
      "h_norm": 0.5383368730545044,
      "residual_norm": 0.017529182136058807,
      "residual_inf_norm": 0.017529182136058807,
      "h_t_norm": 0.6126416325569153,
      "h_x_norm": 1.865097999572754,
      "h_xx_norm": 86.87271881103516,
      "convection_norm": 0.8772614598274231
    }
  },
  "eval": {
    "layer_1": {
      "h_norm": 0.6098228693008423,
      "residual_norm": 4.986478805541992,
      "residual_inf_norm": 4.986478805541992,
      "h_t_norm": 4.642795562744141,
      "h_x_norm": 2.2013912200927734,
      "h_xx_norm": 10.280043601989746,
      "convection_norm": 1.293663740158081
    },
    "layer_2": {
      "h_norm": 0.5006480813026428,
      "residual_norm": 0.8910110592842102,
      "residual_inf_norm": 0.8910110592842102,
      "h_t_norm": 0.7824848294258118,
      "h_x_norm": 1.9067373275756836,
      "h_xx_norm": 10.906597137451172,
      "convection_norm": 0.9210689067840576
    },
    "layer_3": {
      "h_norm": 0.5257112383842468,
      "residual_norm": 0.8652003407478333,
      "residual_inf_norm": 0.8652003407478333,
      "h_t_norm": 0.7356505393981934,
      "h_x_norm": 1.9836958646774292,
      "h_xx_norm": 18.24692153930664,
      "convection_norm": 0.984016478061676
    },
    "layer_4": {
      "h_norm": 0.5302363634109497,
      "residual_norm": 0.6261731386184692,
      "residual_inf_norm": 0.6261731386184692,
      "h_t_norm": 0.6289176344871521,
      "h_x_norm": 2.034878969192505,
      "h_xx_norm": 22.63924217224121,
      "convection_norm": 1.0131210088729858
    },
    "layer_5": {
      "h_norm": 0.5365476012229919,
      "residual_norm": 0.3738437294960022,
      "residual_inf_norm": 0.3738437294960022,
      "h_t_norm": 0.6430907249450684,
      "h_x_norm": 1.9834504127502441,
      "h_xx_norm": 46.087890625,
      "convection_norm": 0.9747692942619324
    },
    "layer_6": {
      "h_norm": 0.5390099287033081,
      "residual_norm": 0.19326435029506683,
      "residual_inf_norm": 0.19326435029506683,
      "h_t_norm": 0.6209239959716797,
      "h_x_norm": 1.944116473197937,
      "h_xx_norm": 77.21698760986328,
      "convection_norm": 0.9493088722229004
    },
    "layer_7": {
      "h_norm": 0.5391366481781006,
      "residual_norm": 0.017654743045568466,
      "residual_inf_norm": 0.017654743045568466,
      "h_t_norm": 0.6151405572891235,
      "h_x_norm": 1.8540773391723633,
      "h_xx_norm": 87.70584106445312,
      "convection_norm": 0.8823449015617371
    }
  },
  "layer_norms": {
    "layer_1": {
      "train_residual_l2": 4.974520206451416,
      "eval_residual_l2": 4.986478805541992,
      "train_residual_linf": 4.974520206451416,
      "eval_residual_linf": 4.986478805541992
    },
    "layer_2": {
      "train_residual_l2": 0.8896833062171936,
      "eval_residual_l2": 0.8910110592842102,
      "train_residual_linf": 0.8896833062171936,
      "eval_residual_linf": 0.8910110592842102
    },
    "layer_3": {
      "train_residual_l2": 0.8575937747955322,
      "eval_residual_l2": 0.8652003407478333,
      "train_residual_linf": 0.8575937747955322,
      "eval_residual_linf": 0.8652003407478333
    },
    "layer_4": {
      "train_residual_l2": 0.6094008088111877,
      "eval_residual_l2": 0.6261731386184692,
      "train_residual_linf": 0.6094008088111877,
      "eval_residual_linf": 0.6261731386184692
    },
    "layer_5": {
      "train_residual_l2": 0.3621551990509033,
      "eval_residual_l2": 0.3738437294960022,
      "train_residual_linf": 0.3621551990509033,
      "eval_residual_linf": 0.3738437294960022
    },
    "layer_6": {
      "train_residual_l2": 0.18671074509620667,
      "eval_residual_l2": 0.19326435029506683,
      "train_residual_linf": 0.18671074509620667,
      "eval_residual_linf": 0.19326435029506683
    },
    "layer_7": {
      "train_residual_l2": 0.017529182136058807,
      "eval_residual_l2": 0.017654743045568466,
      "train_residual_linf": 0.017529182136058807,
      "eval_residual_linf": 0.017654743045568466
    }
  },
  "ic": {
    "train": {
      "layer_1": {
        "l2": 1.2524625062942505,
        "linf": 1.2524625062942505
      },
      "layer_2": {
        "l2": 0.16631221771240234,
        "linf": 0.16631221771240234
      },
      "layer_3": {
        "l2": 0.09204445034265518,
        "linf": 0.09204445034265518
      },
      "layer_4": {
        "l2": 0.04887225106358528,
        "linf": 0.04887225106358528
      },
      "layer_5": {
        "l2": 0.02180640771985054,
        "linf": 0.02180640771985054
      },
      "layer_6": {
        "l2": 0.008101369254291058,
        "linf": 0.008101369254291058
      },
      "layer_7": {
        "l2": 0.000879574625287205,
        "linf": 0.000879574625287205
      }
    },
    "eval": {
      "layer_1": {
        "l2": 1.0766417980194092,
        "linf": 1.0766417980194092
      },
      "layer_2": {
        "l2": 0.19215568900108337,
        "linf": 0.19215568900108337
      },
      "layer_3": {
        "l2": 0.10184819996356964,
        "linf": 0.10184819996356964
      },
      "layer_4": {
        "l2": 0.05064322426915169,
        "linf": 0.05064322426915169
      },
      "layer_5": {
        "l2": 0.02587517723441124,
        "linf": 0.02587517723441124
      },
      "layer_6": {
        "l2": 0.009193704463541508,
        "linf": 0.009193704463541508
      },
      "layer_7": {
        "l2": 0.001083442592062056,
        "linf": 0.001083442592062056
      }
    }
  },
  "bc_value": {
    "train": {
      "layer_1": {
        "l2": 0.4170861840248108,
        "linf": 0.4170861840248108
      },
      "layer_2": {
        "l2": 0.07532619684934616,
        "linf": 0.07532619684934616
      },
      "layer_3": {
        "l2": 0.05369297042489052,
        "linf": 0.05369297042489052
      },
      "layer_4": {
        "l2": 0.05009026825428009,
        "linf": 0.05009026825428009
      },
      "layer_5": {
        "l2": 0.007326221559196711,
        "linf": 0.007326221559196711
      },