{
  "layers_analyzed": [
    "layer_1",
    "layer_2",
    "layer_3",
    "layer_4",
    "layer_5"
  ],
  "num_layers": 5,
  "train": {
    "layer_1": {
      "h_norm": 0.4211359918117523,
      "residual_norm": 0.6878542304039001,
      "residual_inf_norm": 0.6878542304039001,
      "h_t_norm": 0.4792078137397766,
      "h_x_norm": 0.44052478671073914,
      "h_xx_norm": 0.6310347318649292,
      "h_tt_norm": 0.6406068801879883
    },
    "layer_2": {
      "h_norm": 0.42001599073410034,
      "residual_norm": 0.6526895761489868,
      "residual_inf_norm": 0.6526895761489868,
      "h_t_norm": 0.4739382863044739,
      "h_x_norm": 0.4148833751678467,
      "h_xx_norm": 0.5448196530342102,
      "h_tt_norm": 0.7009442448616028
    },
    "layer_3": {
      "h_norm": 0.4240652918815613,
      "residual_norm": 0.5019977688789368,
      "residual_inf_norm": 0.5019977688789368,
      "h_t_norm": 0.4526728689670563,
      "h_x_norm": 0.4012262523174286,
      "h_xx_norm": 0.5038020014762878,
      "h_tt_norm": 0.6732127666473389
    },
    "layer_4": {
      "h_norm": 0.419613242149353,
      "residual_norm": 0.0595378614962101,
      "residual_inf_norm": 0.0595378614962101,
      "h_t_norm": 0.4194575250148773,
      "h_x_norm": 0.3900854289531708,
      "h_xx_norm": 0.42824023962020874,
      "h_tt_norm": 0.4134678542613983
    },
    "layer_5": {
      "h_norm": 0.4195523262023926,
      "residual_norm": 0.011523495428264141,
      "residual_inf_norm": 0.011523495428264141,
      "h_t_norm": 0.41812562942504883,
      "h_x_norm": 0.3886868953704834,
      "h_xx_norm": 0.41867244243621826,
      "h_tt_norm": 0.4179748296737671
    }
  },
  "eval": {
    "layer_1": {
      "h_norm": 0.4208018481731415,
      "residual_norm": 0.689817488193512,
      "residual_inf_norm": 0.689817488193512,
      "h_t_norm": 0.47539159655570984,
      "h_x_norm": 0.4417031705379486,
      "h_xx_norm": 0.6396687626838684,
      "h_tt_norm": 0.6404052972793579
    },
    "layer_2": {
      "h_norm": 0.4161223769187927,
      "residual_norm": 0.6567765474319458,
      "residual_inf_norm": 0.6567765474319458,
      "h_t_norm": 0.47532978653907776,
      "h_x_norm": 0.41535359621047974,
      "h_xx_norm": 0.5374900102615356,
      "h_tt_norm": 0.6927226781845093
    },
    "layer_3": {
      "h_norm": 0.4218205511569977,
      "residual_norm": 0.5059757828712463,
      "residual_inf_norm": 0.5059757828712463,
      "h_t_norm": 0.4553546607494354,
      "h_x_norm": 0.40232378244400024,
      "h_xx_norm": 0.504889726638794,
      "h_tt_norm": 0.6836865544319153
    },
    "layer_4": {
      "h_norm": 0.416904091835022,
      "residual_norm": 0.06105964258313179,
      "residual_inf_norm": 0.06105964258313179,
      "h_t_norm": 0.42026984691619873,
      "h_x_norm": 0.38931789994239807,
      "h_xx_norm": 0.4255867898464203,
      "h_tt_norm": 0.41022688150405884
    },
    "layer_5": {
      "h_norm": 0.41676074266433716,
      "residual_norm": 0.011471141129732132,
      "residual_inf_norm": 0.011471141129732132,
      "h_t_norm": 0.4186660647392273,
      "h_x_norm": 0.38818952441215515,
      "h_xx_norm": 0.41577693819999695,
      "h_tt_norm": 0.4152243137359619
    }
  },
  "layer_norms": {
    "layer_1": {
      "train_residual_l2": 0.6878542304039001,
      "eval_residual_l2": 0.689817488193512,
      "train_residual_linf": 0.6878542304039001,
      "eval_residual_linf": 0.689817488193512
    },
    "layer_2": {
      "train_residual_l2": 0.6526895761489868,
      "eval_residual_l2": 0.6567765474319458,
      "train_residual_linf": 0.6526895761489868,
      "eval_residual_linf": 0.6567765474319458
    },
    "layer_3": {
      "train_residual_l2": 0.5019977688789368,
      "eval_residual_l2": 0.5059757828712463,
      "train_residual_linf": 0.5019977688789368,
      "eval_residual_linf": 0.5059757828712463
    },
    "layer_4": {
      "train_residual_l2": 0.0595378614962101,
      "eval_residual_l2": 0.06105964258313179,
      "train_residual_linf": 0.0595378614962101,
      "eval_residual_linf": 0.06105964258313179
    },
    "layer_5": {
      "train_residual_l2": 0.011523495428264141,
      "eval_residual_l2": 0.011471141129732132,
      "train_residual_linf": 0.011523495428264141,
      "eval_residual_linf": 0.011471141129732132
    }
  },
  "ic": {
    "train": {
      "layer_1": {
        "l2": 0.12716346979141235,
        "linf": 0.12716346979141235
      },
      "layer_2": {
        "l2": 0.14890716969966888,
        "linf": 0.14890716969966888
      },
      "layer_3": {
        "l2": 0.0802718847990036,
        "linf": 0.0802718847990036
      },
      "layer_4": {
        "l2": 0.006471814122051001,
        "linf": 0.006471814122051001
      },
      "layer_5": {
        "l2": 0.0019230847246944904,
        "linf": 0.0019230847246944904
      }
    },
    "eval": {
      "layer_1": {
        "l2": 0.11037090420722961,
        "linf": 0.11037090420722961
      },
      "layer_2": {
        "l2": 0.16989640891551971,
        "linf": 0.16989640891551971
      },
      "layer_3": {
        "l2": 0.05878295749425888,
        "linf": 0.05878295749425888
      },
      "layer_4": {
        "l2": 0.00576168904080987,
        "linf": 0.00576168904080987
      },
      "layer_5": {
        "l2": 0.001833322923630476,
        "linf": 0.001833322923630476
      }
    }
  },
  "bc_value": {
    "train": {
      "layer_1": {
        "l2": 0.20085018873214722,
        "linf": 0.20085018873214722
      },
      "layer_2": {
        "l2": 0.08535446971654892,
        "linf": 0.08535446971654892
      },
      "layer_3": {
        "l2": 0.06470146775245667,
        "linf": 0.06470146775245667
      },
      "layer_4": {
        "l2": 0.010754712857306004,
        "linf": 0.010754712857306004
      },
      "layer_5": {
        "l2": 0.002056301571428776,
        "linf": 0.002056301571428776
      }
    },
    "eval": {
      "layer_1": {
        "l2": 0.19141723215579987,
        "linf": 0.19141723215579987
      },
      "layer_2": {
        "l2": 0.06917920708656311,
        "linf": 0.06917920708656311
      },
      "layer_3": {
        "l2": 0.0831558033823967,
        "linf": 0.0831558033823967
      },
      "layer_4": {
        "l2": 0.009802880696952343,
        "linf": 0.009802880696952343
      },
      "layer_5": {
        "l2": 0.0019193098414689302,
        "linf": 0.0019193098414689302
      }
    }
  },
  "bc_derivative": {
    "train": {},
    "eval": {}
  },
  "final_layer_train_residual": 0.011523495428264141,
  "final_layer_eval_residual": 0.011471141129732132,
  "final_layer_train_residual_inf": 0.011523495428264141,
  "final_layer_eval_residual_inf": 0.011471141129732132,
  "final_layer_train_ic": {
    "l2": 0.0019230847246944904,
    "linf": 0.0019230847246944904
  },
  "final_layer_eval_ic": {
    "l2": 0.001833322923630476,
    "linf": 0.001833322923630476
  },
  "final_layer_train_bc_value": {
    "l2": 0.002056301571428776,
    "linf": 0.002056301571428776
  },
  "final_layer_eval_bc_value": {
    "l2": 0.0019193098414689302,
    "linf": 0.0019193098414689302
  },
  "final_layer_train_bc_derivative": {},
  "final_layer_eval_bc_derivative": {}
}