{
  "layers_analyzed": [
    "layer_1",
    "layer_2",
    "layer_3",
    "layer_4",
    "layer_5",
    "layer_6",
    "layer_7"
  ],
  "num_layers": 7,
  "train": {
    "rel_l2": [
      0.17331147193908691,
      0.13786068558692932,
      0.17230823636054993,
      0.12385611236095428,
      0.04722283035516739,
      0.025942567735910416,
      0.006854639854282141
    ],
    "inf_norm": [
      0.5120791792869568,
      0.4778273105621338,
      0.36675775051116943,
      0.5290493369102478,
      0.16459861397743225,
      0.10816526412963867,
      0.04646480083465576
    ]
  },
  "eval": {
    "rel_l2": [
      0.17466357350349426,
      0.1382591426372528,
      0.17229311168193817,
      0.12610462307929993,
      0.04774004593491554,
      0.02590142749249935,
      0.006860977970063686
    ],
    "inf_norm": [
      0.48205286264419556,
      0.4762154221534729,
      0.3318222165107727,
      0.4689091444015503,
      0.1641731560230255,
      0.107876718044281,
      0.045106470584869385
    ]
  },
  "layer_dimensions": {
    "layer_1": 40,
    "layer_2": 40,
    "layer_3": 40,
    "layer_4": 40,
    "layer_5": 40,
    "layer_6": 40,
    "layer_7": 40
  }
}