{
  "layers_analyzed": [
    "layer_1",
    "layer_2",
    "layer_3",
    "layer_4",
    "layer_5",
    "layer_6",
    "layer_7"
  ],
  "num_layers": 7,
  "train": {
    "layer_1": {
      "h_norm": 0.4109441637992859,
      "residual_norm": 0.19131140410900116,
      "residual_inf_norm": 0.19131140410900116,
      "h_t_norm": 0.4405463933944702,
      "h_x_norm": 0.39435875415802,
      "h_xx_norm": 0.3706005811691284,
      "h_tt_norm": 0.41778889298439026
    },
    "layer_2": {
      "h_norm": 0.41127270460128784,
      "residual_norm": 0.4104565680027008,
      "residual_inf_norm": 0.4104565680027008,
      "h_t_norm": 0.45539242029190063,
      "h_x_norm": 0.41715946793556213,
      "h_xx_norm": 0.40333470702171326,
      "h_tt_norm": 0.6317934989929199
    },
    "layer_3": {
      "h_norm": 0.4034114480018616,
      "residual_norm": 0.38721808791160583,
      "residual_inf_norm": 0.38721808791160583,
      "h_t_norm": 0.4748230576515198,
      "h_x_norm": 0.3916759490966797,
      "h_xx_norm": 0.39863941073417664,
      "h_tt_norm": 0.5528568625450134
    },
    "layer_4": {
      "h_norm": 0.4070248603820801,
      "residual_norm": 0.4358901083469391,
      "residual_inf_norm": 0.4358901083469391,
      "h_t_norm": 0.4615643322467804,
      "h_x_norm": 0.3924652934074402,
      "h_xx_norm": 0.39444756507873535,
      "h_tt_norm": 0.5734544992446899
    },
    "layer_5": {
      "h_norm": 0.41760721802711487,
      "residual_norm": 0.1917637288570404,
      "residual_inf_norm": 0.1917637288570404,
      "h_t_norm": 0.4308716952800751,
      "h_x_norm": 0.3976050913333893,
      "h_xx_norm": 0.42694056034088135,
      "h_tt_norm": 0.4670242965221405
    },
    "layer_6": {
      "h_norm": 0.42032119631767273,
      "residual_norm": 0.06375908851623535,
      "residual_inf_norm": 0.06375908851623535,
      "h_t_norm": 0.4167099595069885,
      "h_x_norm": 0.39107051491737366,
      "h_xx_norm": 0.4212692975997925,
      "h_tt_norm": 0.4371679723262787
    },
    "layer_7": {
      "h_norm": 0.4196375906467438,
      "residual_norm": 0.002269962802529335,
      "residual_inf_norm": 0.002269962802529335,
      "h_t_norm": 0.41780245304107666,
      "h_x_norm": 0.3884499669075012,
      "h_xx_norm": 0.4185369908809662,
      "h_tt_norm": 0.418745219707489
    }
  },
  "eval": {
    "layer_1": {
      "h_norm": 0.4097057282924652,
      "residual_norm": 0.1901959627866745,
      "residual_inf_norm": 0.1901959627866745,
      "h_t_norm": 0.44064563512802124,
      "h_x_norm": 0.3927497863769531,
      "h_xx_norm": 0.37086382508277893,
      "h_tt_norm": 0.41843748092651367
    },
    "layer_2": {
      "h_norm": 0.409574419260025,
      "residual_norm": 0.4087460935115814,
      "residual_inf_norm": 0.4087460935115814,
      "h_t_norm": 0.45685458183288574,
      "h_x_norm": 0.4158373177051544,
      "h_xx_norm": 0.40322524309158325,
      "h_tt_norm": 0.6271001696586609
    },
    "layer_3": {
      "h_norm": 0.4035852253437042,
      "residual_norm": 0.392809122800827,
      "residual_inf_norm": 0.392809122800827,
      "h_t_norm": 0.47884929180145264,
      "h_x_norm": 0.3935581147670746,
      "h_xx_norm": 0.3974100351333618,
      "h_tt_norm": 0.5608088970184326
    },
    "layer_4": {
      "h_norm": 0.4048330783843994,
      "residual_norm": 0.4461279809474945,
      "residual_inf_norm": 0.4461279809474945,
      "h_t_norm": 0.46664661169052124,
      "h_x_norm": 0.39142006635665894,
      "h_xx_norm": 0.3874122202396393,
      "h_tt_norm": 0.5755943655967712
    },
    "layer_5": {
      "h_norm": 0.4156718850135803,
      "residual_norm": 0.1945042759180069,
      "residual_inf_norm": 0.1945042759180069,
      "h_t_norm": 0.4319800138473511,
      "h_x_norm": 0.3958789110183716,
      "h_xx_norm": 0.42380771040916443,
      "h_tt_norm": 0.46427974104881287
    },
    "layer_6": {
      "h_norm": 0.4173717796802521,
      "residual_norm": 0.06482888758182526,
      "residual_inf_norm": 0.06482888758182526,
      "h_t_norm": 0.41750434041023254,
      "h_x_norm": 0.39103925228118896,
      "h_xx_norm": 0.4179062247276306,
      "h_tt_norm": 0.434007465839386
    },
    "layer_7": {
      "h_norm": 0.4168336093425751,
      "residual_norm": 0.0022693886421620846,
      "residual_inf_norm": 0.0022693886421620846,
      "h_t_norm": 0.4183700680732727,
      "h_x_norm": 0.38794293999671936,
      "h_xx_norm": 0.41562262177467346,
      "h_tt_norm": 0.41579893231391907
    }
  },
  "layer_norms": {
    "layer_1": {
      "train_residual_l2": 0.19131140410900116,
      "eval_residual_l2": 0.1901959627866745,
      "train_residual_linf": 0.19131140410900116,
      "eval_residual_linf": 0.1901959627866745
    },
    "layer_2": {
      "train_residual_l2": 0.4104565680027008,
      "eval_residual_l2": 0.4087460935115814,
      "train_residual_linf": 0.4104565680027008,
      "eval_residual_linf": 0.4087460935115814
    },
    "layer_3": {
      "train_residual_l2": 0.38721808791160583,
      "eval_residual_l2": 0.392809122800827,
      "train_residual_linf": 0.38721808791160583,
      "eval_residual_linf": 0.392809122800827
    },
    "layer_4": {
      "train_residual_l2": 0.4358901083469391,
      "eval_residual_l2": 0.4461279809474945,
      "train_residual_linf": 0.4358901083469391,
      "eval_residual_linf": 0.4461279809474945
    },
    "layer_5": {
      "train_residual_l2": 0.1917637288570404,
      "eval_residual_l2": 0.1945042759180069,
      "train_residual_linf": 0.1917637288570404,
      "eval_residual_linf": 0.1945042759180069
    },
    "layer_6": {
      "train_residual_l2": 0.06375908851623535,
      "eval_residual_l2": 0.06482888758182526,
      "train_residual_linf": 0.06375908851623535,
      "eval_residual_linf": 0.06482888758182526
    },
    "layer_7": {
      "train_residual_l2": 0.002269962802529335,
      "eval_residual_l2": 0.0022693886421620846,
      "train_residual_linf": 0.002269962802529335,
      "eval_residual_linf": 0.0022693886421620846
    }
  },
  "ic": {
    "train": {
      "layer_1": {
        "l2": 0.07346208393573761,
        "linf": 0.07346208393573761
      },
      "layer_2": {
        "l2": 0.17914746701717377,
        "linf": 0.17914746701717377
      },
      "layer_3": {
        "l2": 0.21333181858062744,
        "linf": 0.21333181858062744
      },
      "layer_4": {
        "l2": 0.1893327832221985,
        "linf": 0.1893327832221985
      },
      "layer_5": {
        "l2": 0.10540056228637695,
        "linf": 0.10540056228637695
      },
      "layer_6": {
        "l2": 0.02372993528842926,
        "linf": 0.02372993528842926
      },
      "layer_7": {
        "l2": 0.0006634352612309158,
        "linf": 0.0006634352612309158
      }
    },
    "eval": {
      "layer_1": {
        "l2": 0.05648195371031761,
        "linf": 0.05648195371031761
      },
      "layer_2": {
        "l2": 0.17156708240509033,
        "linf": 0.17156708240509033
      },
      "layer_3": {
        "l2": 0.248637393116951,
        "linf": 0.248637393116951
      },
      "layer_4": {
        "l2": 0.17991578578948975,
        "linf": 0.17991578578948975
      },
      "layer_5": {
        "l2": 0.11854866147041321,
        "linf": 0.11854866147041321
      },
      "layer_6": {
        "l2": 0.025607481598854065,
        "linf": 0.025607481598854065
      },
      "layer_7": {
        "l2": 0.0005319246556609869,
        "linf": 0.0005319246556609869
      }
    }
  },
  "bc_value": {
    "train": {
      "layer_1": {
        "l2": 0.10613920539617538,
        "linf": 0.10613920539617538
      },
      "layer_2": {
        "l2": 0.15821295976638794,
        "linf": 0.15821295976638794
      },
      "layer_3": {
        "l2": 0.11798344552516937,
        "linf": 0.11798344552516937
      },
      "layer_4": {
        "l2": 0.13414496183395386,
        "linf": 0.13414496183395386
      },
      "layer_5": {
        "l2": 0.08016745746135712,
        "linf": 0.08016745746135712
      },