{
  "bins": 5,
  "num_classes": 5,
  "num_samples": 4000,
  "layers_analyzed": [
    "layer_1",
    "layer_2",
    "layer_3",
    "layer_4",
    "layer_5"
  ],
  "layer_accuracies": {
    "layer_1": 0.24075,
    "layer_2": 0.24475,
    "layer_3": 0.23675,
    "layer_4": 0.30425,
    "layer_5": 0.56025
  },
  "layer_compactness": {
    "layer_1": {
      "intra_class": 0.4021065592765808,
      "intra_class_std": 0.20242105957338843,
      "inter_class_mean": 0.2995365560054779,
      "inter_class_std": 0.30959731340408325
    },
    "layer_2": {
      "intra_class": 0.24387412071228026,
      "intra_class_std": 0.1225425659312974,
      "inter_class_mean": 0.1572411060333252,
      "inter_class_std": 0.1527075171470642
    },
    "layer_3": {
      "intra_class": 0.18997892141342163,
      "intra_class_std": 0.09549334124401017,
      "inter_class_mean": 0.10190459340810776,
      "inter_class_std": 0.08420636504888535
    },
    "layer_4": {
      "intra_class": 0.1894642472267151,
      "intra_class_std": 0.09591756629040574,
      "inter_class_mean": 0.115463487803936,
      "inter_class_std": 0.07937761396169662
    },
    "layer_5": {
      "intra_class": 0.16828490197658538,
      "intra_class_std": 0.0859451237877566,
      "inter_class_mean": 0.1530541628599167,
      "inter_class_std": 0.07084188610315323
    }
  },
  "layer_margins": {
    "layer_1": {
      "mean_margin": -0.10263574868440628,
      "std_margin": 0.17345724999904633,
      "fraction_positive": 0.24075
    },
    "layer_2": {
      "mean_margin": -0.05171000957489014,
      "std_margin": 0.08763207495212555,
      "fraction_positive": 0.24475
    },
    "layer_3": {
      "mean_margin": -0.022800637409090996,
      "std_margin": 0.038189489394426346,
      "fraction_positive": 0.23675
    },
    "layer_4": {
      "mean_margin": -0.017521429806947708,
      "std_margin": 0.0356755368411541,
      "fraction_positive": 0.30425
    },
    "layer_5": {
      "mean_margin": 0.0004558120563160628,
      "std_margin": 0.027953142300248146,
      "fraction_positive": 0.56025
    }
  }
}