{
  "layers_analyzed": [
    "layer_1",
    "layer_2",
    "layer_3",
    "layer_4",
    "layer_5",
    "layer_6",
    "layer_7"
  ],
  "num_layers": 7,
  "train": {
    "rel_l2": [
      0.2198706716299057,
      0.25830379128456116,
      0.0875929519534111,
      0.030881797894835472,
      0.03522702679038048,
      0.01572430320084095,
      0.00042931491043418646
    ],
    "inf_norm": [
      1.2053170204162598,
      0.7254977226257324,
      0.5144856572151184,
      0.12980449199676514,
      0.09368818998336792,
      0.05529284477233887,
      0.007551014423370361
    ]
  },
  "eval": {
    "rel_l2": [
      0.21529433131217957,
      0.25799959897994995,
      0.08853257447481155,
      0.031072502955794334,
      0.03564199432730675,
      0.015820426866412163,
      0.00041904288809746504
    ],
    "inf_norm": [
      0.8061387538909912,
      0.718114972114563,
      0.3616912364959717,
      0.10888117551803589,
      0.09032213687896729,
      0.05365413427352905,
      0.0031431913375854492
    ]
  },
  "layer_dimensions": {
    "layer_1": 70,
    "layer_2": 70,
    "layer_3": 70,
    "layer_4": 70,
    "layer_5": 70,
    "layer_6": 70,
    "layer_7": 70
  }
}