{
  "layers_analyzed": [
    "layer_1",
    "layer_2",
    "layer_3",
    "layer_4",
    "layer_5"
  ],
  "num_layers": 5,
  "train": {
    "layer_1": {
      "h_norm": 0.48004961013793945,
      "residual_norm": 0.783827543258667,
      "residual_inf_norm": 0.783827543258667,
      "h_t_norm": 0.5226659178733826,
      "h_x_norm": 1.7984243631362915,
      "h_xx_norm": 10.087425231933594,
      "convection_norm": 0.7975088953971863
    },
    "layer_2": {
      "h_norm": 0.5293108820915222,
      "residual_norm": 0.639653742313385,
      "residual_inf_norm": 0.639653742313385,
      "h_t_norm": 0.6119644045829773,
      "h_x_norm": 1.9791499376296997,
      "h_xx_norm": 23.078601837158203,
      "convection_norm": 0.9990409016609192
    },
    "layer_3": {
      "h_norm": 0.5365802049636841,
      "residual_norm": 0.49358195066452026,
      "residual_inf_norm": 0.49358195066452026,
      "h_t_norm": 0.647601306438446,
      "h_x_norm": 1.9465280771255493,
      "h_xx_norm": 39.34798049926758,
      "convection_norm": 0.9600324630737305
    },
    "layer_4": {
      "h_norm": 0.5378981828689575,
      "residual_norm": 0.30554649233818054,
      "residual_inf_norm": 0.30554649233818054,
      "h_t_norm": 0.6198892593383789,
      "h_x_norm": 1.9480690956115723,
      "h_xx_norm": 53.22340393066406,
      "convection_norm": 0.9270378351211548
    },
    "layer_5": {
      "h_norm": 0.5383483171463013,
      "residual_norm": 0.008164775557816029,
      "residual_inf_norm": 0.008164775557816029,
      "h_t_norm": 0.6134142875671387,
      "h_x_norm": 1.8609910011291504,
      "h_xx_norm": 88.53987121582031,
      "convection_norm": 0.8756064176559448
    }
  },
  "eval": {
    "layer_1": {
      "h_norm": 0.47833216190338135,
      "residual_norm": 0.7847200036048889,
      "residual_inf_norm": 0.7847200036048889,
      "h_t_norm": 0.5124210715293884,
      "h_x_norm": 1.8086528778076172,
      "h_xx_norm": 10.127840042114258,
      "convection_norm": 0.8021777272224426
    },
    "layer_2": {
      "h_norm": 0.5292947888374329,
      "residual_norm": 0.6588160991668701,
      "residual_inf_norm": 0.6588160991668701,
      "h_t_norm": 0.6094362735748291,
      "h_x_norm": 2.008334159851074,
      "h_xx_norm": 23.340497970581055,
      "convection_norm": 1.0157520771026611
    },
    "layer_3": {
      "h_norm": 0.537143886089325,
      "residual_norm": 0.503077507019043,
      "residual_inf_norm": 0.503077507019043,
      "h_t_norm": 0.6487844586372375,
      "h_x_norm": 1.9893382787704468,
      "h_xx_norm": 40.765438079833984,
      "convection_norm": 0.9825048446655273
    },
    "layer_4": {
      "h_norm": 0.5385036468505859,
      "residual_norm": 0.31922540068626404,
      "residual_inf_norm": 0.31922540068626404,
      "h_t_norm": 0.6187537908554077,
      "h_x_norm": 1.9627656936645508,
      "h_xx_norm": 57.039127349853516,
      "convection_norm": 0.9488240480422974
    },
    "layer_5": {
      "h_norm": 0.5391515493392944,
      "residual_norm": 0.008563976734876633,
      "residual_inf_norm": 0.008563976734876633,
      "h_t_norm": 0.6157494187355042,
      "h_x_norm": 1.8474793434143066,
      "h_xx_norm": 88.91387176513672,
      "convection_norm": 0.8789973258972168
    }
  },
  "layer_norms": {
    "layer_1": {
      "train_residual_l2": 0.783827543258667,
      "eval_residual_l2": 0.7847200036048889,
      "train_residual_linf": 0.783827543258667,
      "eval_residual_linf": 0.7847200036048889
    },
    "layer_2": {
      "train_residual_l2": 0.639653742313385,
      "eval_residual_l2": 0.6588160991668701,
      "train_residual_linf": 0.639653742313385,
      "eval_residual_linf": 0.6588160991668701
    },
    "layer_3": {
      "train_residual_l2": 0.49358195066452026,
      "eval_residual_l2": 0.503077507019043,
      "train_residual_linf": 0.49358195066452026,
      "eval_residual_linf": 0.503077507019043
    },
    "layer_4": {
      "train_residual_l2": 0.30554649233818054,
      "eval_residual_l2": 0.31922540068626404,
      "train_residual_linf": 0.30554649233818054,
      "eval_residual_linf": 0.31922540068626404
    },
    "layer_5": {
      "train_residual_l2": 0.008164775557816029,
      "eval_residual_l2": 0.008563976734876633,
      "train_residual_linf": 0.008164775557816029,
      "eval_residual_linf": 0.008563976734876633
    }
  },
  "ic": {
    "train": {
      "layer_1": {
        "l2": 0.10735917091369629,
        "linf": 0.10735917091369629
      },
      "layer_2": {
        "l2": 0.0481204092502594,
        "linf": 0.0481204092502594
      },
      "layer_3": {
        "l2": 0.05698855221271515,
        "linf": 0.05698855221271515
      },
      "layer_4": {
        "l2": 0.02404228039085865,
        "linf": 0.02404228039085865
      },
      "layer_5": {
        "l2": 0.0010198383824899793,
        "linf": 0.0010198383824899793
      }
    },
    "eval": {
      "layer_1": {
        "l2": 0.09717419743537903,
        "linf": 0.09717419743537903
      },
      "layer_2": {
        "l2": 0.04971381276845932,
        "linf": 0.04971381276845932
      },
      "layer_3": {
        "l2": 0.0627700611948967,
        "linf": 0.0627700611948967
      },
      "layer_4": {
        "l2": 0.02788744680583477,
        "linf": 0.02788744680583477
      },
      "layer_5": {
        "l2": 0.0012050855439156294,
        "linf": 0.0012050855439156294
      }
    }
  },
  "bc_value": {
    "train": {
      "layer_1": {
        "l2": 0.33316436409950256,
        "linf": 0.33316436409950256
      },
      "layer_2": {
        "l2": 0.054198190569877625,
        "linf": 0.054198190569877625
      },
      "layer_3": {
        "l2": 0.058698881417512894,
        "linf": 0.058698881417512894
      },
      "layer_4": {
        "l2": 0.019100310280919075,
        "linf": 0.019100310280919075
      },
      "layer_5": {
        "l2": 0.0009001213475130498,
        "linf": 0.0009001213475130498
      }
    },
    "eval": {
      "layer_1": {
        "l2": 0.3194257318973541,
        "linf": 0.3194257318973541
      },
      "layer_2": {
        "l2": 0.06511449813842773,
        "linf": 0.06511449813842773
      },
      "layer_3": {
        "l2": 0.055796340107917786,
        "linf": 0.055796340107917786
      },
      "layer_4": {
        "l2": 0.020532025024294853,
        "linf": 0.020532025024294853
      },
      "layer_5": {
        "l2": 0.0010591609170660377,
        "linf": 0.0010591609170660377
      }
    }
  },
  "bc_derivative": {
    "train": {
      "layer_1": {
        "l2": 1.3624844551086426,
        "linf": 1.3624844551086426
      },
      "layer_2": {
        "l2": 0.577440083026886,
        "linf": 0.577440083026886
      },
      "layer_3": {
        "l2": 0.12411713600158691,
        "linf": 0.12411713600158691
      },
      "layer_4": {
        "l2": 0.21377962827682495,
        "linf": 0.21377962827682495
      },
      "layer_5": {
        "l2": 0.018608354032039642,
        "linf": 0.018608354032039642
      }
    },
    "eval": {
      "layer_1": {
        "l2": 1.3663581609725952,
        "linf": 1.3663581609725952
      },
      "layer_2": {
        "l2": 0.545028805732727,
        "linf": 0.545028805732727
      },
      "layer_3": {
        "l2": 0.12536337971687317,
        "linf": 0.12536337971687317
      },
      "layer_4": {
        "l2": 0.22281716763973236,
        "linf": 0.22281716763973236
      },
      "layer_5": {
        "l2": 0.0168816689401865,
        "linf": 0.0168816689401865
      }
    }
  },
  "final_layer_train_residual": 0.008164775557816029,
  "final_layer_eval_residual": 0.008563976734876633,
  "final_layer_train_residual_inf": 0.008164775557816029,
  "final_layer_eval_residual_inf": 0.008563976734876633,
  "final_layer_train_ic": {
    "l2": 0.0010198383824899793,
    "linf": 0.0010198383824899793
  },
  "final_layer_eval_ic": {
    "l2": 0.0012050855439156294,
    "linf": 0.0012050855439156294
  },
  "final_layer_train_bc_value": {
    "l2": 0.0009001213475130498,