{
  "bins": 5,
  "num_classes": 18,
  "num_samples": 4432,
  "layers_analyzed": [
    "layer_1",
    "layer_2",
    "layer_3",
    "layer_4",
    "layer_5"
  ],
  "layer_accuracies": {
    "layer_1": 0.3398014440433213,
    "layer_2": 0.38154332129963897,
    "layer_3": 0.4356949458483754,
    "layer_4": 0.47314981949458484,
    "layer_5": 0.5254963898916968
  },
  "layer_compactness": {
    "layer_1": {
      "intra_class": 0.1079887292944392,
      "intra_class_std": 0.15137942979288577,
      "inter_class_mean": 0.075581856071949,
      "inter_class_std": 0.060369908809661865
    },
    "layer_2": {
      "intra_class": 0.06600355796922106,
      "intra_class_std": 0.09040777524549645,
      "inter_class_mean": 0.04935605451464653,
      "inter_class_std": 0.040982767939567566
    },
    "layer_3": {
      "intra_class": 0.040974239435570325,
      "intra_class_std": 0.05662637798367182,
      "inter_class_mean": 0.03981972113251686,
      "inter_class_std": 0.037106215953826904
    },
    "layer_4": {
      "intra_class": 0.027761458994377344,
      "intra_class_std": 0.03909639703141361,
      "inter_class_mean": 0.034847065806388855,
      "inter_class_std": 0.03486067056655884
    },
    "layer_5": {
      "intra_class": 0.018275655078930846,
      "intra_class_std": 0.026734667014843456,
      "inter_class_mean": 0.029297439381480217,
      "inter_class_std": 0.03053978458046913
    }
  },
  "layer_margins": {
    "layer_1": {
      "mean_margin": -0.008536150678992271,
      "std_margin": 0.024223430082201958,
      "fraction_positive": 0.3398014440433213
    },
    "layer_2": {
      "mean_margin": -0.004024574998766184,
      "std_margin": 0.013053063303232193,
      "fraction_positive": 0.38154332129963897
    },
    "layer_3": {
      "mean_margin": -0.0016851184191182256,
      "std_margin": 0.011560642160475254,
      "fraction_positive": 0.4356949458483754
    },
    "layer_4": {
      "mean_margin": -0.0006317292572930455,
      "std_margin": 0.0123418178409338,
      "fraction_positive": 0.47314981949458484
    },
    "layer_5": {
      "mean_margin": 0.00026237452402710915,
      "std_margin": 0.012449659407138824,
      "fraction_positive": 0.5254963898916968
    }
  }
}