{
  "layers_analyzed": [
    "layer_1",
    "layer_2",
    "layer_3",
    "layer_4",
    "layer_5"
  ],
  "num_layers": 5,
  "train": {
    "layer_1": {
      "h_norm": 0.48551467061042786,
      "residual_norm": 1.4235929250717163,
      "residual_inf_norm": 1.4235929250717163,
      "h_t_norm": 1.3237662315368652,
      "h_x_norm": 1.7284096479415894,
      "h_xx_norm": 8.716216087341309,
      "convection_norm": 0.7351018190383911
    },
    "layer_2": {
      "h_norm": 0.5369443893432617,
      "residual_norm": 1.901749610900879,
      "residual_inf_norm": 1.901749610900879,
      "h_t_norm": 1.433182954788208,
      "h_x_norm": 2.831598997116089,
      "h_xx_norm": 36.93920135498047,
      "convection_norm": 1.4548531770706177
    },
    "layer_3": {
      "h_norm": 0.5388886332511902,
      "residual_norm": 1.6634347438812256,
      "residual_inf_norm": 1.6634347438812256,
      "h_t_norm": 1.3216679096221924,
      "h_x_norm": 2.5541985034942627,
      "h_xx_norm": 67.2938232421875,
      "convection_norm": 1.4237401485443115
    },
    "layer_4": {
      "h_norm": 0.5382346510887146,
      "residual_norm": 0.5401673913002014,
      "residual_inf_norm": 0.5401673913002014,
      "h_t_norm": 0.6632964015007019,
      "h_x_norm": 2.054896116256714,
      "h_xx_norm": 80.45043182373047,
      "convection_norm": 1.0496630668640137
    },
    "layer_5": {
      "h_norm": 0.5384834408760071,
      "residual_norm": 0.08149845153093338,
      "residual_inf_norm": 0.08149845153093338,
      "h_t_norm": 0.615048348903656,
      "h_x_norm": 1.876929759979248,
      "h_xx_norm": 89.94245910644531,
      "convection_norm": 0.8801246285438538
    }
  },
  "eval": {
    "layer_1": {
      "h_norm": 0.4842897653579712,
      "residual_norm": 1.4284971952438354,
      "residual_inf_norm": 1.4284971952438354,
      "h_t_norm": 1.3253809213638306,
      "h_x_norm": 1.7301685810089111,
      "h_xx_norm": 8.85640811920166,
      "convection_norm": 0.7369301319122314
    },
    "layer_2": {
      "h_norm": 0.53838711977005,
      "residual_norm": 1.9263861179351807,
      "residual_inf_norm": 1.9263861179351807,
      "h_t_norm": 1.4482910633087158,
      "h_x_norm": 2.8310117721557617,
      "h_xx_norm": 37.562286376953125,
      "convection_norm": 1.450520396232605
    },
    "layer_3": {
      "h_norm": 0.5401602983474731,
      "residual_norm": 1.6931716203689575,
      "residual_inf_norm": 1.6931716203689575,
      "h_t_norm": 1.33226478099823,
      "h_x_norm": 2.619340658187866,
      "h_xx_norm": 68.76348114013672,
      "convection_norm": 1.4590572118759155
    },
    "layer_4": {
      "h_norm": 0.538424551486969,
      "residual_norm": 0.5397458076477051,
      "residual_inf_norm": 0.5397458076477051,
      "h_t_norm": 0.6693152189254761,
      "h_x_norm": 2.0683083534240723,
      "h_xx_norm": 85.71700286865234,
      "convection_norm": 1.0775152444839478
    },
    "layer_5": {
      "h_norm": 0.5393179655075073,
      "residual_norm": 0.08651844412088394,
      "residual_inf_norm": 0.08651844412088394,
      "h_t_norm": 0.6177883148193359,
      "h_x_norm": 1.8659069538116455,
      "h_xx_norm": 90.62910461425781,
      "convection_norm": 0.8880183696746826
    }
  },
  "layer_norms": {
    "layer_1": {
      "train_residual_l2": 1.4235929250717163,
      "eval_residual_l2": 1.4284971952438354,
      "train_residual_linf": 1.4235929250717163,
      "eval_residual_linf": 1.4284971952438354
    },
    "layer_2": {
      "train_residual_l2": 1.901749610900879,
      "eval_residual_l2": 1.9263861179351807,
      "train_residual_linf": 1.901749610900879,
      "eval_residual_linf": 1.9263861179351807
    },
    "layer_3": {
      "train_residual_l2": 1.6634347438812256,
      "eval_residual_l2": 1.6931716203689575,
      "train_residual_linf": 1.6634347438812256,
      "eval_residual_linf": 1.6931716203689575
    },
    "layer_4": {
      "train_residual_l2": 0.5401673913002014,
      "eval_residual_l2": 0.5397458076477051,
      "train_residual_linf": 0.5401673913002014,
      "eval_residual_linf": 0.5397458076477051
    },
    "layer_5": {
      "train_residual_l2": 0.08149845153093338,
      "eval_residual_l2": 0.08651844412088394,
      "train_residual_linf": 0.08149845153093338,
      "eval_residual_linf": 0.08651844412088394
    }
  },
  "ic": {
    "train": {
      "layer_1": {
        "l2": 0.27471259236335754,
        "linf": 0.27471259236335754
      },
      "layer_2": {
        "l2": 0.24212168157100677,
        "linf": 0.24212168157100677
      },
      "layer_3": {
        "l2": 0.2180977463722229,
        "linf": 0.2180977463722229
      },
      "layer_4": {
        "l2": 0.03378463163971901,
        "linf": 0.03378463163971901
      },
      "layer_5": {
        "l2": 0.006845796015113592,
        "linf": 0.006845796015113592
      }
    },
    "eval": {
      "layer_1": {
        "l2": 0.22989730536937714,
        "linf": 0.22989730536937714
      },
      "layer_2": {
        "l2": 0.22991910576820374,
        "linf": 0.22991910576820374
      },
      "layer_3": {
        "l2": 0.20247505605220795,
        "linf": 0.20247505605220795
      },
      "layer_4": {
        "l2": 0.038258086889982224,
        "linf": 0.038258086889982224
      },
      "layer_5": {
        "l2": 0.007823889143764973,
        "linf": 0.007823889143764973
      }
    }
  },
  "bc_value": {
    "train": {
      "layer_1": {
        "l2": 0.12393584847450256,
        "linf": 0.12393584847450256
      },
      "layer_2": {
        "l2": 0.2732717990875244,
        "linf": 0.2732717990875244
      },
      "layer_3": {
        "l2": 0.06509185582399368,
        "linf": 0.06509185582399368
      },
      "layer_4": {
        "l2": 0.026557788252830505,
        "linf": 0.026557788252830505
      },
      "layer_5": {
        "l2": 0.015088004991412163,
        "linf": 0.015088004991412163
      }
    },
    "eval": {
      "layer_1": {
        "l2": 0.10158475488424301,
        "linf": 0.10158475488424301
      },
      "layer_2": {
        "l2": 0.24263636767864227,
        "linf": 0.24263636767864227
      },
      "layer_3": {
        "l2": 0.0496927909553051,
        "linf": 0.0496927909553051
      },
      "layer_4": {
        "l2": 0.02253945730626583,
        "linf": 0.02253945730626583
      },
      "layer_5": {
        "l2": 0.013753294944763184,
        "linf": 0.013753294944763184
      }
    }
  },
  "bc_derivative": {
    "train": {
      "layer_1": {
        "l2": 3.3390564918518066,
        "linf": 3.3390564918518066
      },
      "layer_2": {
        "l2": 3.7268171310424805,
        "linf": 3.7268171310424805
      },
      "layer_3": {
        "l2": 3.3934292793273926,
        "linf": 3.3934292793273926
      },
      "layer_4": {
        "l2": 0.24008266627788544,
        "linf": 0.24008266627788544
      },
      "layer_5": {
        "l2": 0.35824501514434814,
        "linf": 0.35824501514434814
      }
    },
    "eval": {
      "layer_1": {
        "l2": 3.105959177017212,
        "linf": 3.105959177017212
      },
      "layer_2": {
        "l2": 3.7647502422332764,
        "linf": 3.7647502422332764
      },
      "layer_3": {
        "l2": 3.2231204509735107,
        "linf": 3.2231204509735107
      },
      "layer_4": {
        "l2": 0.21080200374126434,
        "linf": 0.21080200374126434
      },
      "layer_5": {
        "l2": 0.40404972434043884,
        "linf": 0.40404972434043884
      }
    }
  },
  "final_layer_train_residual": 0.08149845153093338,
  "final_layer_eval_residual": 0.08651844412088394,
  "final_layer_train_residual_inf": 0.08149845153093338,
  "final_layer_eval_residual_inf": 0.08651844412088394,
  "final_layer_train_ic": {
    "l2": 0.006845796015113592,
    "linf": 0.006845796015113592
  },
  "final_layer_eval_ic": {
    "l2": 0.007823889143764973,
    "linf": 0.007823889143764973
  },
  "final_layer_train_bc_value": {
    "l2": 0.015088004991412163,
    "linf": 0.015088004991412163
  },