{
  "train_loss_epochs": [
    1,
    2,
    3,
    4,
    5,
    6,
    7,
    8,
    9,
    10
  ],
  "train_loss": [
    0.27986046683363386,
    0.17246915673313196,
    0.10885832882486284,
    0.13850048351450822,
    0.09483559542568401,
    0.09798262699041516,
    0.0781574850785546,
    0.06291061122901738,
    0.0680939377984032,
    0.09174120584502816
  ],
  "epochs": [
    1,
    2,
    3,
    4,
    5,
    6,
    7,
    8,
    9,
    10
  ],
  "eval_loss": [
    0.09852084455390771,
    0.07259558544804652,
    0.06789949908852577,
    0.060075439823170505,
    0.051488359458744526,
    0.04621513653546572,
    0.044635276620586715,
    0.053879755859573684,
    0.041461640348037086,
    0.0399578670039773
  ],
  "train_rel_l2": [
    0.8869068861007691,
    0.8737078577280044,
    0.8696786373853683,
    0.8720272094011307,
    0.8675810441374778,
    0.8748280510306359,
    0.8731122151017189,
    0.8733193933963775,
    0.8739639893174171,
    0.8835408002138138
  ],
  "eval_rel_l2": [
    1.8364206353823345,
    2.530028462409973,
    2.250425120194753,
    2.3086267908414206,
    1.817405382792155,
    1.7049494981765747,
    1.6428627371788025,
    1.5711006323496501,
    1.2682272394498189,
    1.2288227279980977
  ],
  "train_inf_norm": [
    3.953232133388519,
    4.203820836544037,
    4.224213397502899,
    4.261885553598404,
    4.283506935834884,
    4.3435653924942015,
    4.347483509778977,
    4.343562370538711,
    4.437848961353302,
    4.3414503037929535
  ],
  "eval_inf_norm": [
    2.802526116371155,
    2.9895133674144745,
    3.0283829669157663,
    3.0616986056168876,
    3.047319153944651,
    3.065016806125641,
    3.082552199562391,
    3.0926612466573715,
    3.084350109100342,
    3.0467810357610383
  ]
}