{
  "layers_analyzed": [
    "layer_1",
    "layer_2",
    "layer_3",
    "layer_4",
    "layer_5",
    "layer_6",
    "layer_7"
  ],
  "num_layers": 7,
  "train": {
    "layer_1": {
      "h_norm": 0.46562469005584717,
      "residual_norm": 2.485037088394165,
      "residual_inf_norm": 2.485037088394165,
      "h_t_norm": 0.8218367099761963,
      "h_x_norm": 0.6031792163848877,
      "h_xx_norm": 1.1110007762908936,
      "h_tt_norm": 2.3759093284606934
    },
    "layer_2": {
      "h_norm": 0.4159959852695465,
      "residual_norm": 0.4049997627735138,
      "residual_inf_norm": 0.4049997627735138,
      "h_t_norm": 0.45075735449790955,
      "h_x_norm": 0.41072380542755127,
      "h_xx_norm": 0.4356286823749542,
      "h_tt_norm": 0.5659040212631226
    },
    "layer_3": {
      "h_norm": 0.41379037499427795,
      "residual_norm": 0.3857029974460602,
      "residual_inf_norm": 0.3857029974460602,
      "h_t_norm": 0.4559212028980255,
      "h_x_norm": 0.39993757009506226,
      "h_xx_norm": 0.4221712648868561,
      "h_tt_norm": 0.46798285841941833
    },
    "layer_4": {
      "h_norm": 0.4149570167064667,
      "residual_norm": 0.29767343401908875,
      "residual_inf_norm": 0.29767343401908875,
      "h_t_norm": 0.44947969913482666,
      "h_x_norm": 0.39180222153663635,
      "h_xx_norm": 0.3968638777732849,
      "h_tt_norm": 0.44879627227783203
    },
    "layer_5": {
      "h_norm": 0.41744840145111084,
      "residual_norm": 0.2023342251777649,
      "residual_inf_norm": 0.2023342251777649,
      "h_t_norm": 0.4331015348434448,
      "h_x_norm": 0.3955606520175934,
      "h_xx_norm": 0.421846479177475,
      "h_tt_norm": 0.4182075560092926
    },
    "layer_6": {
      "h_norm": 0.4190893769264221,
      "residual_norm": 0.10339128226041794,
      "residual_inf_norm": 0.10339128226041794,
      "h_t_norm": 0.4231601059436798,
      "h_x_norm": 0.3895995616912842,
      "h_xx_norm": 0.42775052785873413,
      "h_tt_norm": 0.4148898720741272
    },
    "layer_7": {
      "h_norm": 0.4191279411315918,
      "residual_norm": 0.03453836217522621,
      "residual_inf_norm": 0.03453836217522621,
      "h_t_norm": 0.41915571689605713,
      "h_x_norm": 0.38901370763778687,
      "h_xx_norm": 0.4171088933944702,
      "h_tt_norm": 0.41445380449295044
    }
  },
  "eval": {
    "layer_1": {
      "h_norm": 0.4679063856601715,
      "residual_norm": 2.5582809448242188,
      "residual_inf_norm": 2.5582809448242188,
      "h_t_norm": 0.8322298526763916,
      "h_x_norm": 0.6072277426719666,
      "h_xx_norm": 1.1450198888778687,
      "h_tt_norm": 2.438284397125244
    },
    "layer_2": {
      "h_norm": 0.4143117070198059,
      "residual_norm": 0.40046852827072144,
      "residual_inf_norm": 0.40046852827072144,
      "h_t_norm": 0.4526561498641968,
      "h_x_norm": 0.4114204943180084,
      "h_xx_norm": 0.4353879988193512,
      "h_tt_norm": 0.5612099170684814
    },
    "layer_3": {
      "h_norm": 0.41164690256118774,
      "residual_norm": 0.39806094765663147,
      "residual_inf_norm": 0.39806094765663147,
      "h_t_norm": 0.45848166942596436,
      "h_x_norm": 0.399074912071228,
      "h_xx_norm": 0.4203745722770691,
      "h_tt_norm": 0.476763516664505
    },
    "layer_4": {
      "h_norm": 0.41281789541244507,
      "residual_norm": 0.29221248626708984,
      "residual_inf_norm": 0.29221248626708984,
      "h_t_norm": 0.44838276505470276,
      "h_x_norm": 0.3913813829421997,
      "h_xx_norm": 0.39120155572891235,
      "h_tt_norm": 0.4454384744167328
    },
    "layer_5": {
      "h_norm": 0.4150541424751282,
      "residual_norm": 0.2029288113117218,
      "residual_inf_norm": 0.2029288113117218,
      "h_t_norm": 0.4331606328487396,
      "h_x_norm": 0.39605626463890076,
      "h_xx_norm": 0.41874805092811584,
      "h_tt_norm": 0.4144812226295471
    },
    "layer_6": {
      "h_norm": 0.41610002517700195,
      "residual_norm": 0.10344003885984421,
      "residual_inf_norm": 0.10344003885984421,
      "h_t_norm": 0.4232807755470276,
      "h_x_norm": 0.38903480768203735,
      "h_xx_norm": 0.4243214726448059,
      "h_tt_norm": 0.4140636622905731
    },
    "layer_7": {
      "h_norm": 0.41637009382247925,
      "residual_norm": 0.033982209861278534,
      "residual_inf_norm": 0.033982209861278534,
      "h_t_norm": 0.4198176860809326,
      "h_x_norm": 0.3884032070636749,
      "h_xx_norm": 0.41497769951820374,
      "h_tt_norm": 0.41208305954933167
    }
  },
  "layer_norms": {
    "layer_1": {
      "train_residual_l2": 2.485037088394165,
      "eval_residual_l2": 2.5582809448242188,
      "train_residual_linf": 2.485037088394165,
      "eval_residual_linf": 2.5582809448242188
    },
    "layer_2": {
      "train_residual_l2": 0.4049997627735138,
      "eval_residual_l2": 0.40046852827072144,
      "train_residual_linf": 0.4049997627735138,
      "eval_residual_linf": 0.40046852827072144
    },
    "layer_3": {
      "train_residual_l2": 0.3857029974460602,
      "eval_residual_l2": 0.39806094765663147,
      "train_residual_linf": 0.3857029974460602,
      "eval_residual_linf": 0.39806094765663147
    },
    "layer_4": {
      "train_residual_l2": 0.29767343401908875,
      "eval_residual_l2": 0.29221248626708984,
      "train_residual_linf": 0.29767343401908875,
      "eval_residual_linf": 0.29221248626708984
    },
    "layer_5": {
      "train_residual_l2": 0.2023342251777649,
      "eval_residual_l2": 0.2029288113117218,
      "train_residual_linf": 0.2023342251777649,
      "eval_residual_linf": 0.2029288113117218
    },
    "layer_6": {
      "train_residual_l2": 0.10339128226041794,
      "eval_residual_l2": 0.10344003885984421,
      "train_residual_linf": 0.10339128226041794,
      "eval_residual_linf": 0.10344003885984421
    },
    "layer_7": {
      "train_residual_l2": 0.03453836217522621,
      "eval_residual_l2": 0.033982209861278534,
      "train_residual_linf": 0.03453836217522621,
      "eval_residual_linf": 0.033982209861278534
    }
  },
  "ic": {
    "train": {
      "layer_1": {
        "l2": 0.5287454724311829,
        "linf": 0.5287454724311829
      },
      "layer_2": {
        "l2": 0.09989310055971146,
        "linf": 0.09989310055971146
      },
      "layer_3": {
        "l2": 0.06709901243448257,
        "linf": 0.06709901243448257
      },
      "layer_4": {
        "l2": 0.07655239850282669,
        "linf": 0.07655239850282669
      },
      "layer_5": {
        "l2": 0.05095348507165909,
        "linf": 0.05095348507165909
      },
      "layer_6": {
        "l2": 0.02199074998497963,
        "linf": 0.02199074998497963
      },
      "layer_7": {
        "l2": 0.005969518329948187,
        "linf": 0.005969518329948187
      }
    },
    "eval": {
      "layer_1": {
        "l2": 0.5853754281997681,
        "linf": 0.5853754281997681
      },
      "layer_2": {
        "l2": 0.10842752456665039,
        "linf": 0.10842752456665039
      },
      "layer_3": {
        "l2": 0.0659327283501625,
        "linf": 0.0659327283501625
      },
      "layer_4": {
        "l2": 0.08220791071653366,
        "linf": 0.08220791071653366
      },
      "layer_5": {
        "l2": 0.05366893857717514,
        "linf": 0.05366893857717514
      },
      "layer_6": {
        "l2": 0.017387190833687782,
        "linf": 0.017387190833687782
      },
      "layer_7": {
        "l2": 0.004986746236681938,
        "linf": 0.004986746236681938
      }
    }
  },
  "bc_value": {
    "train": {
      "layer_1": {
        "l2": 1.3978630304336548,
        "linf": 1.3978630304336548
      },
      "layer_2": {
        "l2": 1.3233364820480347,
        "linf": 1.3233364820480347
      },
      "layer_3": {
        "l2": 1.2982569932937622,
        "linf": 1.2982569932937622
      },
      "layer_4": {
        "l2": 1.2783474922180176,
        "linf": 1.2783474922180176
      },
      "layer_5": {
        "l2": 1.2318549156188965,
        "linf": 1.2318549156188965
      },