{
  "layers_analyzed": [
    "layer_1",
    "layer_2",
    "layer_3",
    "layer_4",
    "layer_5",
    "layer_6",
    "layer_7"
  ],
  "num_layers": 7,
  "train": {
    "layer_1": {
      "h_norm": 0.41639605164527893,
      "residual_norm": 0.5676422119140625,
      "residual_inf_norm": 0.5676422119140625,
      "h_t_norm": 0.48163771629333496,
      "h_x_norm": 0.4080020487308502,
      "h_xx_norm": 0.45991721749305725,
      "h_tt_norm": 0.7077115178108215
    },
    "layer_2": {
      "h_norm": 0.41801509261131287,
      "residual_norm": 0.5800520181655884,
      "residual_inf_norm": 0.5800520181655884,
      "h_t_norm": 0.47164109349250793,
      "h_x_norm": 0.41141703724861145,
      "h_xx_norm": 0.5275090932846069,
      "h_tt_norm": 0.6609758734703064
    },
    "layer_3": {
      "h_norm": 0.41691839694976807,
      "residual_norm": 0.2933659851551056,
      "residual_inf_norm": 0.2933659851551056,
      "h_t_norm": 0.44339317083358765,
      "h_x_norm": 0.396884560585022,
      "h_xx_norm": 0.42280861735343933,
      "h_tt_norm": 0.46365049481391907
    },
    "layer_4": {
      "h_norm": 0.4182180166244507,
      "residual_norm": 0.16921396553516388,
      "residual_inf_norm": 0.16921396553516388,
      "h_t_norm": 0.4294408857822418,
      "h_x_norm": 0.39077654480934143,
      "h_xx_norm": 0.4258352518081665,
      "h_tt_norm": 0.3957062363624573
    },
    "layer_5": {
      "h_norm": 0.4196307957172394,
      "residual_norm": 0.16068796813488007,
      "residual_inf_norm": 0.16068796813488007,
      "h_t_norm": 0.4262300133705139,
      "h_x_norm": 0.38967764377593994,
      "h_xx_norm": 0.42879119515419006,
      "h_tt_norm": 0.41199272871017456
    },
    "layer_6": {
      "h_norm": 0.419748991727829,
      "residual_norm": 0.07027364522218704,
      "residual_inf_norm": 0.07027364522218704,
      "h_t_norm": 0.4180724024772644,
      "h_x_norm": 0.38977277278900146,
      "h_xx_norm": 0.4158775508403778,
      "h_tt_norm": 0.4233887493610382
    },
    "layer_7": {
      "h_norm": 0.4196007251739502,
      "residual_norm": 0.01043641660362482,
      "residual_inf_norm": 0.01043641660362482,
      "h_t_norm": 0.4183114171028137,
      "h_x_norm": 0.3884738087654114,
      "h_xx_norm": 0.4190172851085663,
      "h_tt_norm": 0.4181434214115143
    }
  },
  "eval": {
    "layer_1": {
      "h_norm": 0.41430360078811646,
      "residual_norm": 0.5874680876731873,
      "residual_inf_norm": 0.5874680876731873,
      "h_t_norm": 0.4880194067955017,
      "h_x_norm": 0.408956378698349,
      "h_xx_norm": 0.46169206500053406,
      "h_tt_norm": 0.719799280166626
    },
    "layer_2": {
      "h_norm": 0.41661131381988525,
      "residual_norm": 0.5916166305541992,
      "residual_inf_norm": 0.5916166305541992,
      "h_t_norm": 0.473660945892334,
      "h_x_norm": 0.4107694923877716,
      "h_xx_norm": 0.5298723578453064,
      "h_tt_norm": 0.6633521914482117
    },
    "layer_3": {
      "h_norm": 0.41426485776901245,
      "residual_norm": 0.2937338054180145,
      "residual_inf_norm": 0.2937338054180145,
      "h_t_norm": 0.4454762041568756,
      "h_x_norm": 0.3967304527759552,
      "h_xx_norm": 0.41665318608283997,
      "h_tt_norm": 0.4592815339565277
    },
    "layer_4": {
      "h_norm": 0.4153675138950348,
      "residual_norm": 0.1726677268743515,
      "residual_inf_norm": 0.1726677268743515,
      "h_t_norm": 0.42952394485473633,
      "h_x_norm": 0.39164915680885315,
      "h_xx_norm": 0.42048943042755127,
      "h_tt_norm": 0.3957640826702118
    },
    "layer_5": {
      "h_norm": 0.4167095720767975,
      "residual_norm": 0.1611453741788864,
      "residual_inf_norm": 0.1611453741788864,
      "h_t_norm": 0.42787253856658936,
      "h_x_norm": 0.38874688744544983,
      "h_xx_norm": 0.42405757308006287,
      "h_tt_norm": 0.4097357392311096
    },
    "layer_6": {
      "h_norm": 0.4169759452342987,
      "residual_norm": 0.07139367610216141,
      "residual_inf_norm": 0.07139367610216141,
      "h_t_norm": 0.41921329498291016,
      "h_x_norm": 0.3891374170780182,
      "h_xx_norm": 0.41184115409851074,
      "h_tt_norm": 0.4203818142414093
    },
    "layer_7": {
      "h_norm": 0.4168558418750763,
      "residual_norm": 0.01049018930643797,
      "residual_inf_norm": 0.01049018930643797,
      "h_t_norm": 0.41902488470077515,
      "h_x_norm": 0.38798537850379944,
      "h_xx_norm": 0.4163600206375122,
      "h_tt_norm": 0.41540560126304626
    }
  },
  "layer_norms": {
    "layer_1": {
      "train_residual_l2": 0.5676422119140625,
      "eval_residual_l2": 0.5874680876731873,
      "train_residual_linf": 0.5676422119140625,
      "eval_residual_linf": 0.5874680876731873
    },
    "layer_2": {
      "train_residual_l2": 0.5800520181655884,
      "eval_residual_l2": 0.5916166305541992,
      "train_residual_linf": 0.5800520181655884,
      "eval_residual_linf": 0.5916166305541992
    },
    "layer_3": {
      "train_residual_l2": 0.2933659851551056,
      "eval_residual_l2": 0.2937338054180145,
      "train_residual_linf": 0.2933659851551056,
      "eval_residual_linf": 0.2937338054180145
    },
    "layer_4": {
      "train_residual_l2": 0.16921396553516388,
      "eval_residual_l2": 0.1726677268743515,
      "train_residual_linf": 0.16921396553516388,
      "eval_residual_linf": 0.1726677268743515
    },
    "layer_5": {
      "train_residual_l2": 0.16068796813488007,
      "eval_residual_l2": 0.1611453741788864,
      "train_residual_linf": 0.16068796813488007,
      "eval_residual_linf": 0.1611453741788864
    },
    "layer_6": {
      "train_residual_l2": 0.07027364522218704,
      "eval_residual_l2": 0.07139367610216141,
      "train_residual_linf": 0.07027364522218704,
      "eval_residual_linf": 0.07139367610216141
    },
    "layer_7": {
      "train_residual_l2": 0.01043641660362482,
      "eval_residual_l2": 0.01049018930643797,
      "train_residual_linf": 0.01043641660362482,
      "eval_residual_linf": 0.01049018930643797
    }
  },
  "ic": {
    "train": {
      "layer_1": {
        "l2": 0.1847134381532669,
        "linf": 0.1847134381532669
      },
      "layer_2": {
        "l2": 0.12743787467479706,
        "linf": 0.12743787467479706
      },
      "layer_3": {
        "l2": 0.08579230308532715,
        "linf": 0.08579230308532715
      },
      "layer_4": {
        "l2": 0.03107568249106407,
        "linf": 0.03107568249106407
      },
      "layer_5": {
        "l2": 0.02393150143325329,
        "linf": 0.02393150143325329
      },
      "layer_6": {
        "l2": 0.010939993895590305,
        "linf": 0.010939993895590305
      },
      "layer_7": {
        "l2": 0.001996038481593132,
        "linf": 0.001996038481593132
      }
    },
    "eval": {
      "layer_1": {
        "l2": 0.17639316618442535,
        "linf": 0.17639316618442535
      },
      "layer_2": {
        "l2": 0.15553320944309235,
        "linf": 0.15553320944309235
      },
      "layer_3": {
        "l2": 0.09675251692533493,
        "linf": 0.09675251692533493
      },
      "layer_4": {
        "l2": 0.030482396483421326,
        "linf": 0.030482396483421326
      },
      "layer_5": {
        "l2": 0.02378786727786064,
        "linf": 0.02378786727786064
      },
      "layer_6": {
        "l2": 0.0115714892745018,
        "linf": 0.0115714892745018
      },
      "layer_7": {
        "l2": 0.002029897179454565,
        "linf": 0.002029897179454565
      }
    }
  },
  "bc_value": {
    "train": {
      "layer_1": {
        "l2": 1.194820761680603,
        "linf": 1.194820761680603
      },
      "layer_2": {
        "l2": 1.2651184797286987,
        "linf": 1.2651184797286987
      },
      "layer_3": {
        "l2": 1.274930477142334,
        "linf": 1.274930477142334
      },
      "layer_4": {
        "l2": 1.2110412120819092,
        "linf": 1.2110412120819092
      },
      "layer_5": {
        "l2": 1.1930413246154785,
        "linf": 1.1930413246154785
      },