{
  "bins": 5,
  "num_classes": 5,
  "num_samples": 4000,
  "layers_analyzed": [
    "layer_1",
    "layer_2",
    "layer_3",
    "layer_4",
    "layer_5",
    "layer_6",
    "layer_7"
  ],
  "layer_accuracies": {
    "layer_1": 0.51825,
    "layer_2": 0.583,
    "layer_3": 0.56325,
    "layer_4": 0.57425,
    "layer_5": 0.6105,
    "layer_6": 0.6075,
    "layer_7": 0.7245
  },
  "layer_compactness": {
    "layer_1": {
      "intra_class": 0.15507221221923828,
      "intra_class_std": 0.1246761723975815,
      "inter_class_mean": 0.2651192843914032,
      "inter_class_std": 0.10880348086357117
    },
    "layer_2": {
      "intra_class": 0.2679595977067947,
      "intra_class_std": 0.22093952165103867,
      "inter_class_mean": 0.5097801089286804,
      "inter_class_std": 0.21303822100162506
    },
    "layer_3": {
      "intra_class": 0.28339220583438873,
      "intra_class_std": 0.25226636033983446,
      "inter_class_mean": 0.6502659916877747,
      "inter_class_std": 0.342525452375412
    },
    "layer_4": {
      "intra_class": 0.2436061292886734,
      "intra_class_std": 0.22544273350160474,
      "inter_class_mean": 0.6125662922859192,
      "inter_class_std": 0.3430596888065338
    },
    "layer_5": {
      "intra_class": 0.24267329573631286,
      "intra_class_std": 0.21105989615879306,
      "inter_class_mean": 0.6266345381736755,
      "inter_class_std": 0.33184006810188293
    },
    "layer_6": {
      "intra_class": 0.22925349473953247,
      "intra_class_std": 0.1881799918683768,
      "inter_class_mean": 0.6342968344688416,
      "inter_class_std": 0.2987176775932312
    },
    "layer_7": {
      "intra_class": 0.15003374814987183,
      "intra_class_std": 0.11014442665661466,
      "inter_class_mean": 0.46656203269958496,
      "inter_class_std": 0.2256433218717575
    }
  },
  "layer_margins": {
    "layer_1": {
      "mean_margin": -0.01564665511250496,
      "std_margin": 0.12838466465473175,
      "fraction_positive": 0.51825
    },
    "layer_2": {
      "mean_margin": 0.004005855415016413,
      "std_margin": 0.26629650592803955,
      "fraction_positive": 0.583
    },
    "layer_3": {
      "mean_margin": 0.003024076810106635,
      "std_margin": 0.3579801023006439,
      "fraction_positive": 0.56325
    },
    "layer_4": {
      "mean_margin": 0.012634207494556904,
      "std_margin": 0.33587318658828735,
      "fraction_positive": 0.57425
    },
    "layer_5": {
      "mean_margin": 0.04528963193297386,
      "std_margin": 0.3189579248428345,
      "fraction_positive": 0.6105
    },
    "layer_6": {
      "mean_margin": 0.08174122869968414,
      "std_margin": 0.2829688489437103,
      "fraction_positive": 0.6075
    },
    "layer_7": {
      "mean_margin": 0.10093393176794052,
      "std_margin": 0.14534838497638702,
      "fraction_positive": 0.7245
    }
  }
}