{
  "layers_analyzed": [
    "layer_1",
    "layer_2",
    "layer_3",
    "layer_4",
    "layer_5"
  ],
  "num_layers": 5,
  "train": {
    "layer_1": {
      "h_norm": 0.4105711281299591,
      "residual_norm": 0.38540422916412354,
      "residual_inf_norm": 0.38540422916412354,
      "h_t_norm": 0.44930633902549744,
      "h_x_norm": 0.4272643029689789,
      "h_xx_norm": 0.41111695766448975,
      "h_tt_norm": 0.5173733234405518
    },
    "layer_2": {
      "h_norm": 0.40841177105903625,
      "residual_norm": 0.40264421701431274,
      "residual_inf_norm": 0.40264421701431274,
      "h_t_norm": 0.45117369294166565,
      "h_x_norm": 0.41024500131607056,
      "h_xx_norm": 0.4002824127674103,
      "h_tt_norm": 0.5414103865623474
    },
    "layer_3": {
      "h_norm": 0.41532525420188904,
      "residual_norm": 0.2766781449317932,
      "residual_inf_norm": 0.2766781449317932,
      "h_t_norm": 0.43958088755607605,
      "h_x_norm": 0.41107842326164246,
      "h_xx_norm": 0.4324199855327606,
      "h_tt_norm": 0.4935704469680786
    },
    "layer_4": {
      "h_norm": 0.41758644580841064,
      "residual_norm": 0.1602550446987152,
      "residual_inf_norm": 0.1602550446987152,
      "h_t_norm": 0.4309966564178467,
      "h_x_norm": 0.40231701731681824,
      "h_xx_norm": 0.45165714621543884,
      "h_tt_norm": 0.4377601742744446
    },
    "layer_5": {
      "h_norm": 0.4167940318584442,
      "residual_norm": 0.19098100066184998,
      "residual_inf_norm": 0.19098100066184998,
      "h_t_norm": 0.4321270287036896,
      "h_x_norm": 0.4094051718711853,
      "h_xx_norm": 0.4557817280292511,
      "h_tt_norm": 0.498955637216568
    }
  },
  "eval": {
    "layer_1": {
      "h_norm": 0.4096897542476654,
      "residual_norm": 0.38651055097579956,
      "residual_inf_norm": 0.38651055097579956,
      "h_t_norm": 0.4509720504283905,
      "h_x_norm": 0.4292365312576294,
      "h_xx_norm": 0.4101310968399048,
      "h_tt_norm": 0.5237371325492859
    },
    "layer_2": {
      "h_norm": 0.40758323669433594,
      "residual_norm": 0.4031134247779846,
      "residual_inf_norm": 0.4031134247779846,
      "h_t_norm": 0.45382416248321533,
      "h_x_norm": 0.4091041684150696,
      "h_xx_norm": 0.3993489742279053,
      "h_tt_norm": 0.5437828898429871
    },
    "layer_3": {
      "h_norm": 0.4143323600292206,
      "residual_norm": 0.2763976752758026,
      "residual_inf_norm": 0.2763976752758026,
      "h_t_norm": 0.44427067041397095,
      "h_x_norm": 0.41169506311416626,
      "h_xx_norm": 0.43215593695640564,
      "h_tt_norm": 0.49813687801361084
    },
    "layer_4": {
      "h_norm": 0.41546380519866943,
      "residual_norm": 0.16397757828235626,
      "residual_inf_norm": 0.16397757828235626,
      "h_t_norm": 0.43303266167640686,
      "h_x_norm": 0.40356501936912537,
      "h_xx_norm": 0.45044660568237305,
      "h_tt_norm": 0.4336334466934204
    },
    "layer_5": {
      "h_norm": 0.41464269161224365,
      "residual_norm": 0.1924642026424408,
      "residual_inf_norm": 0.1924642026424408,
      "h_t_norm": 0.43552273511886597,
      "h_x_norm": 0.41093188524246216,
      "h_xx_norm": 0.4530201852321625,
      "h_tt_norm": 0.49546578526496887
    }
  },
  "layer_norms": {
    "layer_1": {
      "train_residual_l2": 0.38540422916412354,
      "eval_residual_l2": 0.38651055097579956,
      "train_residual_linf": 0.38540422916412354,
      "eval_residual_linf": 0.38651055097579956
    },
    "layer_2": {
      "train_residual_l2": 0.40264421701431274,
      "eval_residual_l2": 0.4031134247779846,
      "train_residual_linf": 0.40264421701431274,
      "eval_residual_linf": 0.4031134247779846
    },
    "layer_3": {
      "train_residual_l2": 0.2766781449317932,
      "eval_residual_l2": 0.2763976752758026,
      "train_residual_linf": 0.2766781449317932,
      "eval_residual_linf": 0.2763976752758026
    },
    "layer_4": {
      "train_residual_l2": 0.1602550446987152,
      "eval_residual_l2": 0.16397757828235626,
      "train_residual_linf": 0.1602550446987152,
      "eval_residual_linf": 0.16397757828235626
    },
    "layer_5": {
      "train_residual_l2": 0.19098100066184998,
      "eval_residual_l2": 0.1924642026424408,
      "train_residual_linf": 0.19098100066184998,
      "eval_residual_linf": 0.1924642026424408
    }
  },
  "ic": {
    "train": {
      "layer_1": {
        "l2": 0.15073640644550323,
        "linf": 0.15073640644550323
      },
      "layer_2": {
        "l2": 0.12853136658668518,
        "linf": 0.12853136658668518
      },
      "layer_3": {
        "l2": 0.06935660541057587,
        "linf": 0.06935660541057587
      },
      "layer_4": {
        "l2": 0.026219790801405907,
        "linf": 0.026219790801405907
      },
      "layer_5": {
        "l2": 0.05441958084702492,
        "linf": 0.05441958084702492
      }
    },
    "eval": {
      "layer_1": {
        "l2": 0.15650589764118195,
        "linf": 0.15650589764118195
      },
      "layer_2": {
        "l2": 0.14367347955703735,
        "linf": 0.14367347955703735
      },
      "layer_3": {
        "l2": 0.07841381430625916,
        "linf": 0.07841381430625916
      },
      "layer_4": {
        "l2": 0.033023227006196976,
        "linf": 0.033023227006196976
      },
      "layer_5": {
        "l2": 0.04460304230451584,
        "linf": 0.04460304230451584
      }
    }
  },
  "bc_value": {
    "train": {
      "layer_1": {
        "l2": 0.1938222497701645,
        "linf": 0.1938222497701645
      },
      "layer_2": {
        "l2": 0.1309753805398941,
        "linf": 0.1309753805398941
      },
      "layer_3": {
        "l2": 0.13368602097034454,
        "linf": 0.13368602097034454
      },
      "layer_4": {
        "l2": 0.05502064526081085,
        "linf": 0.05502064526081085
      },
      "layer_5": {
        "l2": 0.08546110987663269,
        "linf": 0.08546110987663269
      }
    },
    "eval": {
      "layer_1": {
        "l2": 0.19143688678741455,
        "linf": 0.19143688678741455
      },
      "layer_2": {
        "l2": 0.13541938364505768,
        "linf": 0.13541938364505768
      },
      "layer_3": {
        "l2": 0.1441260129213333,
        "linf": 0.1441260129213333
      },
      "layer_4": {
        "l2": 0.04997488483786583,
        "linf": 0.04997488483786583
      },
      "layer_5": {
        "l2": 0.08010771125555038,
        "linf": 0.08010771125555038
      }
    }
  },
  "bc_derivative": {
    "train": {},
    "eval": {}
  },
  "final_layer_train_residual": 0.19098100066184998,
  "final_layer_eval_residual": 0.1924642026424408,
  "final_layer_train_residual_inf": 0.19098100066184998,
  "final_layer_eval_residual_inf": 0.1924642026424408,
  "final_layer_train_ic": {
    "l2": 0.05441958084702492,
    "linf": 0.05441958084702492
  },
  "final_layer_eval_ic": {
    "l2": 0.04460304230451584,
    "linf": 0.04460304230451584
  },
  "final_layer_train_bc_value": {
    "l2": 0.08546110987663269,
    "linf": 0.08546110987663269
  },
  "final_layer_eval_bc_value": {
    "l2": 0.08010771125555038,
    "linf": 0.08010771125555038
  },
  "final_layer_train_bc_derivative": {},
  "final_layer_eval_bc_derivative": {}
}