{
  "layers_analyzed": [
    "layer_1",
    "layer_2",
    "layer_3",
    "layer_4",
    "layer_5"
  ],
  "num_layers": 5,
  "train": {
    "rel_l2": [
      0.4959363341331482,
      0.5195410251617432,
      0.0783509761095047,
      0.02830895408987999,
      0.01918831281363964
    ],
    "inf_norm": [
      1.7221052646636963,
      1.9176759719848633,
      0.48733755946159363,
      0.20134985446929932,
      0.14595192670822144
    ]
  },
  "eval": {
    "rel_l2": [
      0.49177926778793335,
      0.5226817727088928,
      0.08029910922050476,
      0.028795812278985977,
      0.019602663815021515
    ],
    "inf_norm": [
      1.7220137119293213,
      1.8724504709243774,
      0.48733755946159363,
      0.17146646976470947,
      0.1424146294593811
    ]
  },
  "layer_dimensions": {
    "layer_1": 50,
    "layer_2": 50,
    "layer_3": 50,
    "layer_4": 50,
    "layer_5": 50
  }
}