{
  "layers_analyzed": [
    "layer_1",
    "layer_2",
    "layer_3",
    "layer_4",
    "layer_5",
    "layer_6",
    "layer_7"
  ],
  "num_layers": 7,
  "train": {
    "layer_1": {
      "h_norm": 0.414722204208374,
      "residual_norm": 0.26171818375587463,
      "residual_inf_norm": 0.26171818375587463,
      "h_t_norm": 0.4395403265953064,
      "h_x_norm": 0.4072302281856537,
      "h_xx_norm": 0.39506933093070984,
      "h_tt_norm": 0.4655904769897461
    },
    "layer_2": {
      "h_norm": 0.42015260457992554,
      "residual_norm": 0.4251444339752197,
      "residual_inf_norm": 0.4251444339752197,
      "h_t_norm": 0.4497176706790924,
      "h_x_norm": 0.4035090506076813,
      "h_xx_norm": 0.4429644048213959,
      "h_tt_norm": 0.550888180732727
    },
    "layer_3": {
      "h_norm": 0.41774046421051025,
      "residual_norm": 0.3615565001964569,
      "residual_inf_norm": 0.3615565001964569,
      "h_t_norm": 0.44260600209236145,
      "h_x_norm": 0.40480777621269226,
      "h_xx_norm": 0.4433775544166565,
      "h_tt_norm": 0.4499318301677704
    },
    "layer_4": {
      "h_norm": 0.4190867245197296,
      "residual_norm": 0.2266407459974289,
      "residual_inf_norm": 0.2266407459974289,
      "h_t_norm": 0.43473565578460693,
      "h_x_norm": 0.3930318355560303,
      "h_xx_norm": 0.4225911796092987,
      "h_tt_norm": 0.43925172090530396
    },
    "layer_5": {
      "h_norm": 0.42171430587768555,
      "residual_norm": 0.189600870013237,
      "residual_inf_norm": 0.189600870013237,
      "h_t_norm": 0.4210416376590729,
      "h_x_norm": 0.3909323811531067,
      "h_xx_norm": 0.4395088255405426,
      "h_tt_norm": 0.43823257088661194
    },
    "layer_6": {
      "h_norm": 0.42027637362480164,
      "residual_norm": 0.0892915204167366,
      "residual_inf_norm": 0.0892915204167366,
      "h_t_norm": 0.41814032196998596,
      "h_x_norm": 0.38751786947250366,
      "h_xx_norm": 0.4239528477191925,
      "h_tt_norm": 0.421307235956192
    },
    "layer_7": {
      "h_norm": 0.41967520117759705,
      "residual_norm": 0.0007272197981365025,
      "residual_inf_norm": 0.0007272197981365025,
      "h_t_norm": 0.41759565472602844,
      "h_x_norm": 0.38837698101997375,
      "h_xx_norm": 0.4194308817386627,
      "h_tt_norm": 0.41935116052627563
    }
  },
  "eval": {
    "layer_1": {
      "h_norm": 0.4135189652442932,
      "residual_norm": 0.26486536860466003,
      "residual_inf_norm": 0.26486536860466003,
      "h_t_norm": 0.44205397367477417,
      "h_x_norm": 0.40728485584259033,
      "h_xx_norm": 0.39868927001953125,
      "h_tt_norm": 0.46778953075408936
    },
    "layer_2": {
      "h_norm": 0.41868695616722107,
      "residual_norm": 0.43666642904281616,
      "residual_inf_norm": 0.43666642904281616,
      "h_t_norm": 0.45038849115371704,
      "h_x_norm": 0.4038124680519104,
      "h_xx_norm": 0.4457436203956604,
      "h_tt_norm": 0.5573047399520874
    },
    "layer_3": {
      "h_norm": 0.41597506403923035,
      "residual_norm": 0.36641520261764526,
      "residual_inf_norm": 0.36641520261764526,
      "h_t_norm": 0.443794846534729,
      "h_x_norm": 0.40417346358299255,
      "h_xx_norm": 0.4428906738758087,
      "h_tt_norm": 0.44719991087913513
    },
    "layer_4": {
      "h_norm": 0.4167592525482178,
      "residual_norm": 0.22678087651729584,
      "residual_inf_norm": 0.22678087651729584,
      "h_t_norm": 0.4348108768463135,
      "h_x_norm": 0.39248016476631165,
      "h_xx_norm": 0.4207674264907837,
      "h_tt_norm": 0.43638721108436584
    },
    "layer_5": {
      "h_norm": 0.4193252921104431,
      "residual_norm": 0.19180332124233246,
      "residual_inf_norm": 0.19180332124233246,
      "h_t_norm": 0.42198115587234497,
      "h_x_norm": 0.3905375301837921,
      "h_xx_norm": 0.4405147135257721,
      "h_tt_norm": 0.43664565682411194
    },
    "layer_6": {
      "h_norm": 0.417644202709198,
      "residual_norm": 0.09048771113157272,
      "residual_inf_norm": 0.09048771113157272,
      "h_t_norm": 0.41881200671195984,
      "h_x_norm": 0.3873775899410248,
      "h_xx_norm": 0.4220331311225891,
      "h_tt_norm": 0.41734278202056885
    },
    "layer_7": {
      "h_norm": 0.4168788194656372,
      "residual_norm": 0.0007278823177330196,
      "residual_inf_norm": 0.0007278823177330196,
      "h_t_norm": 0.41815802454948425,
      "h_x_norm": 0.3877629041671753,
      "h_xx_norm": 0.41652634739875793,
      "h_tt_norm": 0.4164443016052246
    }
  },
  "layer_norms": {
    "layer_1": {
      "train_residual_l2": 0.26171818375587463,
      "eval_residual_l2": 0.26486536860466003,
      "train_residual_linf": 0.26171818375587463,
      "eval_residual_linf": 0.26486536860466003
    },
    "layer_2": {
      "train_residual_l2": 0.4251444339752197,
      "eval_residual_l2": 0.43666642904281616,
      "train_residual_linf": 0.4251444339752197,
      "eval_residual_linf": 0.43666642904281616
    },
    "layer_3": {
      "train_residual_l2": 0.3615565001964569,
      "eval_residual_l2": 0.36641520261764526,
      "train_residual_linf": 0.3615565001964569,
      "eval_residual_linf": 0.36641520261764526
    },
    "layer_4": {
      "train_residual_l2": 0.2266407459974289,
      "eval_residual_l2": 0.22678087651729584,
      "train_residual_linf": 0.2266407459974289,
      "eval_residual_linf": 0.22678087651729584
    },
    "layer_5": {
      "train_residual_l2": 0.189600870013237,
      "eval_residual_l2": 0.19180332124233246,
      "train_residual_linf": 0.189600870013237,
      "eval_residual_linf": 0.19180332124233246
    },
    "layer_6": {
      "train_residual_l2": 0.0892915204167366,
      "eval_residual_l2": 0.09048771113157272,
      "train_residual_linf": 0.0892915204167366,
      "eval_residual_linf": 0.09048771113157272
    },
    "layer_7": {
      "train_residual_l2": 0.0007272197981365025,
      "eval_residual_l2": 0.0007278823177330196,
      "train_residual_linf": 0.0007272197981365025,
      "eval_residual_linf": 0.0007278823177330196
    }
  },
  "ic": {
    "train": {
      "layer_1": {
        "l2": 0.07820584625005722,
        "linf": 0.07820584625005722
      },
      "layer_2": {
        "l2": 0.09487102180719376,
        "linf": 0.09487102180719376
      },
      "layer_3": {
        "l2": 0.06995513290166855,
        "linf": 0.06995513290166855
      },
      "layer_4": {
        "l2": 0.05858997255563736,
        "linf": 0.05858997255563736
      },
      "layer_5": {
        "l2": 0.031572386622428894,
        "linf": 0.031572386622428894
      },
      "layer_6": {
        "l2": 0.019646115601062775,
        "linf": 0.019646115601062775
      },
      "layer_7": {
        "l2": 0.00016808509826660156,
        "linf": 0.00016808509826660156
      }
    },
    "eval": {
      "layer_1": {
        "l2": 0.07654424011707306,
        "linf": 0.07654424011707306
      },
      "layer_2": {
        "l2": 0.08580776304006577,
        "linf": 0.08580776304006577
      },
      "layer_3": {
        "l2": 0.06149361655116081,
        "linf": 0.06149361655116081
      },
      "layer_4": {
        "l2": 0.058351002633571625,
        "linf": 0.058351002633571625
      },
      "layer_5": {
        "l2": 0.0315665565431118,
        "linf": 0.0315665565431118
      },
      "layer_6": {
        "l2": 0.017530959099531174,
        "linf": 0.017530959099531174
      },
      "layer_7": {
        "l2": 0.00016714780940674245,
        "linf": 0.00016714780940674245
      }
    }
  },
  "bc_value": {
    "train": {
      "layer_1": {
        "l2": 1.2845158576965332,
        "linf": 1.2845158576965332
      },
      "layer_2": {
        "l2": 1.2895350456237793,
        "linf": 1.2895350456237793
      },
      "layer_3": {
        "l2": 1.3319321870803833,
        "linf": 1.3319321870803833
      },
      "layer_4": {
        "l2": 1.2671970129013062,
        "linf": 1.2671970129013062
      },
      "layer_5": {
        "l2": 1.213281512260437,
        "linf": 1.213281512260437
      },