{
  "layers_analyzed": [
    "layer_1",
    "layer_2",
    "layer_3"
  ],
  "num_layers": 3,
  "train": {
    "layer_1": {
      "h_norm": 0.6434527635574341,
      "residual_norm": 2.955409049987793,
      "residual_inf_norm": 2.65372371673584,
      "h_t_norm": 3.104980230331421,
      "h_x_norm": 1.053935170173645,
      "h_xx_norm": 3.210516929626465,
      "nonlinear_norm": 1.394526481628418
    },
    "layer_2": {
      "h_norm": 0.6894102096557617,
      "residual_norm": 4.628422737121582,
      "residual_inf_norm": 4.0300140380859375,
      "h_t_norm": 3.261004686355591,
      "h_x_norm": 1.481224536895752,
      "h_xx_norm": 8.022347450256348,
      "nonlinear_norm": 2.028021812438965
    },
    "layer_3": {
      "h_norm": 0.5907928943634033,
      "residual_norm": 0.020213942974805832,
      "residual_inf_norm": 0.018313517794013023,
      "h_t_norm": 1.5901399850845337,
      "h_x_norm": 0.6776612401008606,
      "h_xx_norm": 1.6729602813720703,
      "nonlinear_norm": 1.620654821395874
    }
  },
  "eval": {
    "layer_1": {
      "h_norm": 0.6693516373634338,
      "residual_norm": 3.140841484069824,
      "residual_inf_norm": 2.8168394565582275,
      "h_t_norm": 3.3040876388549805,
      "h_x_norm": 1.0964388847351074,
      "h_xx_norm": 3.314357280731201,
      "nonlinear_norm": 1.5272890329360962
    },
    "layer_2": {
      "h_norm": 0.7193731665611267,
      "residual_norm": 5.068853855133057,
      "residual_inf_norm": 4.393093109130859,
      "h_t_norm": 3.4974992275238037,
      "h_x_norm": 1.567645788192749,
      "h_xx_norm": 8.578109741210938,
      "nonlinear_norm": 2.0815346240997314
    },
    "layer_3": {
      "h_norm": 0.6013355851173401,
      "residual_norm": 0.020574433729052544,
      "residual_inf_norm": 0.0187115129083395,
      "h_t_norm": 1.6298596858978271,
      "h_x_norm": 0.6954958438873291,
      "h_xx_norm": 1.5276163816452026,
      "nonlinear_norm": 1.6137908697128296
    }
  },
  "layer_norms": {
    "layer_1": {
      "train_residual_l2": 2.955409049987793,
      "eval_residual_l2": 3.140841484069824,
      "train_residual_linf": 2.65372371673584,
      "eval_residual_linf": 2.8168394565582275
    },
    "layer_2": {
      "train_residual_l2": 4.628422737121582,
      "eval_residual_l2": 5.068853855133057,
      "train_residual_linf": 4.0300140380859375,
      "eval_residual_linf": 4.393093109130859
    },
    "layer_3": {
      "train_residual_l2": 0.020213942974805832,
      "eval_residual_l2": 0.020574433729052544,
      "train_residual_linf": 0.018313517794013023,
      "eval_residual_linf": 0.0187115129083395
    }
  },
  "ic": {
    "train": {
      "layer_1": {
        "l2": 0.7843891978263855,
        "linf": 0.695034921169281
      },
      "layer_2": {
        "l2": 0.7212830185890198,
        "linf": 0.5593259334564209
      },
      "layer_3": {
        "l2": 0.0017131700878962874,
        "linf": 0.001507903914898634
      }
    },
    "eval": {
      "layer_1": {
        "l2": 0.7316240072250366,
        "linf": 0.6482349038124084
      },
      "layer_2": {
        "l2": 0.7939716577529907,
        "linf": 0.6094949245452881
      },
      "layer_3": {
        "l2": 0.0016495238523930311,
        "linf": 0.001466652611270547
      }
    }
  },
  "bc_value": {
    "train": {
      "layer_1": {
        "l2": 0.6271541714668274,
        "linf": 0.49756667017936707
      },
      "layer_2": {
        "l2": 0.4759838581085205,
        "linf": 0.36706459522247314
      },
      "layer_3": {
        "l2": 0.0017098644748330116,
        "linf": 0.001556320465169847
      }
    },
    "eval": {
      "layer_1": {
        "l2": 0.6677981615066528,
        "linf": 0.5146225094795227
      },
      "layer_2": {
        "l2": 0.5508288145065308,
        "linf": 0.4161438047885895
      },
      "layer_3": {
        "l2": 0.0019440877949818969,
        "linf": 0.0017753348220139742
      }
    }
  },
  "bc_derivative": {
    "train": {
      "layer_1": {
        "l2": 1.8188414573669434,
        "linf": 1.4785739183425903
      },
      "layer_2": {
        "l2": 2.100648880004883,
        "linf": 1.6456060409545898
      },
      "layer_3": {
        "l2": 0.007848353125154972,
        "linf": 0.006738035473972559
      }
    },
    "eval": {
      "layer_1": {
        "l2": 2.1108126640319824,
        "linf": 1.7186501026153564
      },
      "layer_2": {
        "l2": 2.1835219860076904,
        "linf": 1.6985269784927368
      },
      "layer_3": {
        "l2": 0.008382324129343033,
        "linf": 0.007170603610575199
      }
    }
  },
  "final_layer_train_residual": 0.020213942974805832,
  "final_layer_eval_residual": 0.020574433729052544,
  "final_layer_train_residual_inf": 0.018313517794013023,
  "final_layer_eval_residual_inf": 0.0187115129083395,
  "final_layer_train_ic": {
    "l2": 0.0017131700878962874,
    "linf": 0.001507903914898634
  },
  "final_layer_eval_ic": {
    "l2": 0.0016495238523930311,
    "linf": 0.001466652611270547
  },
  "final_layer_train_bc_value": {
    "l2": 0.0017098644748330116,
    "linf": 0.001556320465169847
  },
  "final_layer_eval_bc_value": {
    "l2": 0.0019440877949818969,
    "linf": 0.0017753348220139742
  },
  "final_layer_train_bc_derivative": {
    "l2": 0.007848353125154972,
    "linf": 0.006738035473972559
  },
  "final_layer_eval_bc_derivative": {
    "l2": 0.008382324129343033,
    "linf": 0.007170603610575199
  }
}