{
  "layers_analyzed": [
    "layer_1",
    "layer_2",
    "layer_3",
    "layer_4",
    "layer_5",
    "layer_6",
    "layer_7"
  ],
  "num_layers": 7,
  "train": {
    "rel_l2": [
      0.2354363054037094,
      0.2661522328853607,
      0.21899446845054626,
      0.2411542683839798,
      0.23461739718914032,
      0.15965703129768372,
      0.17348121106624603
    ],
    "inf_norm": [
      0.6931715607643127,
      0.43058717250823975,
      0.46273159980773926,
      0.4804360270500183,
      0.4094385504722595,
      0.3653261065483093,
      0.30514898896217346
    ]
  },
  "eval": {
    "rel_l2": [
      0.234712615609169,
      0.2665318250656128,
      0.217842698097229,
      0.24233843386173248,
      0.23294468224048615,
      0.15714478492736816,
      0.1698184311389923
    ],
    "inf_norm": [
      0.6931715607643127,
      0.43058741092681885,
      0.45068544149398804,
      0.4804360270500183,
      0.40943849086761475,
      0.3653261065483093,
      0.30480024218559265
    ]
  },
  "layer_dimensions": {
    "layer_1": 28,
    "layer_2": 28,
    "layer_3": 28,
    "layer_4": 28,
    "layer_5": 28,
    "layer_6": 28,
    "layer_7": 28
  }
}