{
  "epochs": [
    1,
    2,
    3,
    4,
    5,
    6,
    7,
    8,
    9,
    10
  ],
  "train_loss": [
    6.574457502365112,
    5.998422527313233,
    6.172910690307617,
    6.035152435302734,
    5.986209583282471,
    5.923630237579346,
    6.2249305725097654,
    6.055881452560425,
    6.047176551818848,
    6.211621809005737
  ],
  "eval_loss": [
    3.298953572909037,
    3.2839900652567544,
    3.2606403827667236,
    3.298168937365214,
    3.2752226193745932,
    3.2601265907287598,
    3.258206605911255,
    3.3113515774408975,
    3.268884023030599,
    3.26937997341156
  ],
  "train_rel_l2": [
    1.004569059610367,
    1.0041828453540802,
    1.0036267340183258,
    1.0032907783985139,
    1.003675103187561,
    1.0025384366512298,
    1.002100306749344,
    1.0028928995132447,
    1.0063333332538604,
    1.0024571478366853
  ],
  "eval_rel_l2": [
    1.0068106253941853,
    1.0043939749399822,
    0.9998336037000021,
    1.0083564519882202,
    1.003895878791809,
    1.0002797444661458,
    1.0003878871599834,
    1.0091527303059895,
    1.0026970108350117,
    1.002557059129079
  ]
}