{
  "layers_analyzed": [
    "layer_1",
    "layer_2",
    "layer_3",
    "layer_4",
    "layer_5"
  ],
  "num_layers": 5,
  "train": {
    "rel_l2": [
      0.28658539056777954,
      2.425266742706299,
      0.06576992571353912,
      0.014913245104253292,
      0.0005352713633328676
    ],
    "inf_norm": [
      0.8552796840667725,
      7.508210182189941,
      0.24662303924560547,
      0.07575851678848267,
      0.008105993270874023
    ]
  },
  "eval": {
    "rel_l2": [
      0.289612740278244,
      2.4486634731292725,
      0.06549553573131561,
      0.01519373431801796,
      0.0005220853490754962
    ],
    "inf_norm": [
      0.786338210105896,
      6.596918106079102,
      0.1983703374862671,
      0.07575827836990356,
      0.004492461681365967
    ]
  },
  "layer_dimensions": {
    "layer_1": 85,
    "layer_2": 85,
    "layer_3": 85,
    "layer_4": 85,
    "layer_5": 85
  }
}