{
  "layers_analyzed": [
    "layer_1",
    "layer_2",
    "layer_3",
    "layer_4",
    "layer_5"
  ],
  "num_layers": 5,
  "train": {
    "layer_1": {
      "h_norm": 0.4473448693752289,
      "residual_norm": 1.5030239820480347,
      "residual_inf_norm": 1.5030239820480347,
      "h_t_norm": 0.5970348119735718,
      "h_x_norm": 0.5753440856933594,
      "h_xx_norm": 1.2474983930587769,
      "h_tt_norm": 1.1366575956344604
    },
    "layer_2": {
      "h_norm": 0.4280602037906647,
      "residual_norm": 2.1535964012145996,
      "residual_inf_norm": 2.1535964012145996,
      "h_t_norm": 0.6680323481559753,
      "h_x_norm": 0.5396730303764343,
      "h_xx_norm": 1.144511342048645,
      "h_tt_norm": 1.9783875942230225
    },
    "layer_3": {
      "h_norm": 0.41938039660453796,
      "residual_norm": 0.17202837765216827,
      "residual_inf_norm": 0.17202837765216827,
      "h_t_norm": 0.42769163846969604,
      "h_x_norm": 0.39056646823883057,
      "h_xx_norm": 0.43737897276878357,
      "h_tt_norm": 0.40471526980400085
    },
    "layer_4": {
      "h_norm": 0.42007574439048767,
      "residual_norm": 0.1137298047542572,
      "residual_inf_norm": 0.1137298047542572,
      "h_t_norm": 0.4225378632545471,
      "h_x_norm": 0.38677892088890076,
      "h_xx_norm": 0.41044485569000244,
      "h_tt_norm": 0.4134517014026642
    },
    "layer_5": {
      "h_norm": 0.41951897740364075,
      "residual_norm": 0.016962170600891113,
      "residual_inf_norm": 0.016962170600891113,
      "h_t_norm": 0.4182471036911011,
      "h_x_norm": 0.3885566294193268,
      "h_xx_norm": 0.4155464768409729,
      "h_tt_norm": 0.41869062185287476
    }
  },
  "eval": {
    "layer_1": {
      "h_norm": 0.4503560960292816,
      "residual_norm": 1.539929986000061,
      "residual_inf_norm": 1.539929986000061,
      "h_t_norm": 0.6031319499015808,
      "h_x_norm": 0.5807942748069763,
      "h_xx_norm": 1.259050726890564,
      "h_tt_norm": 1.1771612167358398
    },
    "layer_2": {
      "h_norm": 0.42593199014663696,
      "residual_norm": 2.2386474609375,
      "residual_inf_norm": 2.2386474609375,
      "h_t_norm": 0.6810676455497742,
      "h_x_norm": 0.5389159321784973,
      "h_xx_norm": 1.1540594100952148,
      "h_tt_norm": 2.049574851989746
    },
    "layer_3": {
      "h_norm": 0.4169149398803711,
      "residual_norm": 0.1727566123008728,
      "residual_inf_norm": 0.1727566123008728,
      "h_t_norm": 0.4294661581516266,
      "h_x_norm": 0.3905695974826813,
      "h_xx_norm": 0.436543732881546,
      "h_tt_norm": 0.4017491638660431
    },
    "layer_4": {
      "h_norm": 0.41754332184791565,
      "residual_norm": 0.11560392379760742,
      "residual_inf_norm": 0.11560392379760742,
      "h_t_norm": 0.4237978458404541,
      "h_x_norm": 0.3862428665161133,
      "h_xx_norm": 0.4069725573062897,
      "h_tt_norm": 0.4118145704269409
    },
    "layer_5": {
      "h_norm": 0.416734904050827,
      "residual_norm": 0.017332468181848526,
      "residual_inf_norm": 0.017332468181848526,
      "h_t_norm": 0.4188512861728668,
      "h_x_norm": 0.3880327045917511,
      "h_xx_norm": 0.4124784767627716,
      "h_tt_norm": 0.41549915075302124
    }
  },
  "layer_norms": {
    "layer_1": {
      "train_residual_l2": 1.5030239820480347,
      "eval_residual_l2": 1.539929986000061,
      "train_residual_linf": 1.5030239820480347,
      "eval_residual_linf": 1.539929986000061
    },
    "layer_2": {
      "train_residual_l2": 2.1535964012145996,
      "eval_residual_l2": 2.2386474609375,
      "train_residual_linf": 2.1535964012145996,
      "eval_residual_linf": 2.2386474609375
    },
    "layer_3": {
      "train_residual_l2": 0.17202837765216827,
      "eval_residual_l2": 0.1727566123008728,
      "train_residual_linf": 0.17202837765216827,
      "eval_residual_linf": 0.1727566123008728
    },
    "layer_4": {
      "train_residual_l2": 0.1137298047542572,
      "eval_residual_l2": 0.11560392379760742,
      "train_residual_linf": 0.1137298047542572,
      "eval_residual_linf": 0.11560392379760742
    },
    "layer_5": {
      "train_residual_l2": 0.016962170600891113,
      "eval_residual_l2": 0.017332468181848526,
      "train_residual_linf": 0.016962170600891113,
      "eval_residual_linf": 0.017332468181848526
    }
  },
  "ic": {
    "train": {
      "layer_1": {
        "l2": 0.2749246656894684,
        "linf": 0.2749246656894684
      },
      "layer_2": {
        "l2": 0.27960512042045593,
        "linf": 0.27960512042045593
      },
      "layer_3": {
        "l2": 0.01727706752717495,
        "linf": 0.01727706752717495
      },
      "layer_4": {
        "l2": 0.014265680685639381,
        "linf": 0.014265680685639381
      },
      "layer_5": {
        "l2": 0.0023302757181227207,
        "linf": 0.0023302757181227207
      }
    },
    "eval": {
      "layer_1": {
        "l2": 0.3139135241508484,
        "linf": 0.3139135241508484
      },
      "layer_2": {
        "l2": 0.30662479996681213,
        "linf": 0.30662479996681213
      },
      "layer_3": {
        "l2": 0.01734359934926033,
        "linf": 0.01734359934926033
      },
      "layer_4": {
        "l2": 0.01368021871894598,
        "linf": 0.01368021871894598
      },
      "layer_5": {
        "l2": 0.0023346354719251394,
        "linf": 0.0023346354719251394
      }
    }
  },
  "bc_value": {
    "train": {
      "layer_1": {
        "l2": 1.4094407558441162,
        "linf": 1.4094407558441162
      },
      "layer_2": {
        "l2": 1.245719313621521,
        "linf": 1.245719313621521
      },
      "layer_3": {
        "l2": 1.1910450458526611,
        "linf": 1.1910450458526611
      },
      "layer_4": {
        "l2": 1.2005836963653564,
        "linf": 1.2005836963653564
      },
      "layer_5": {
        "l2": 1.1821423768997192,
        "linf": 1.1821423768997192
      }
    },
    "eval": {
      "layer_1": {
        "l2": 1.150708556175232,
        "linf": 1.150708556175232
      },
      "layer_2": {
        "l2": 1.0122432708740234,
        "linf": 1.0122432708740234
      },
      "layer_3": {
        "l2": 1.0781023502349854,
        "linf": 1.0781023502349854
      },
      "layer_4": {
        "l2": 1.0625287294387817,
        "linf": 1.0625287294387817
      },
      "layer_5": {
        "l2": 1.0616732835769653,
        "linf": 1.0616732835769653
      }
    }
  },
  "bc_derivative": {
    "train": {
      "layer_1": {
        "l2": 1.5270812511444092,
        "linf": 1.5270812511444092
      },
      "layer_2": {
        "l2": 1.847678780555725,
        "linf": 1.847678780555725
      },
      "layer_3": {
        "l2": 0.11244736611843109,
        "linf": 0.11244736611843109
      },
      "layer_4": {
        "l2": 0.14103323221206665,
        "linf": 0.14103323221206665
      },
      "layer_5": {
        "l2": 0.018670693039894104,
        "linf": 0.018670693039894104
      }
    },
    "eval": {
      "layer_1": {
        "l2": 1.3218060731887817,
        "linf": 1.3218060731887817
      },
      "layer_2": {
        "l2": 2.1141161918640137,
        "linf": 2.1141161918640137
      },
      "layer_3": {
        "l2": 0.11075732111930847,
        "linf": 0.11075732111930847
      },
      "layer_4": {
        "l2": 0.16330301761627197,
        "linf": 0.16330301761627197
      },
      "layer_5": {
        "l2": 0.015257664024829865,
        "linf": 0.015257664024829865
      }
    }
  },
  "final_layer_train_residual": 0.016962170600891113,
  "final_layer_eval_residual": 0.017332468181848526,
  "final_layer_train_residual_inf": 0.016962170600891113,
  "final_layer_eval_residual_inf": 0.017332468181848526,
  "final_layer_train_ic": {
    "l2": 0.0023302757181227207,
    "linf": 0.0023302757181227207
  },
  "final_layer_eval_ic": {
    "l2": 0.0023346354719251394,
    "linf": 0.0023346354719251394
  },
  "final_layer_train_bc_value": {
    "l2": 1.1821423768997192,
    "linf": 1.1821423768997192
  },