{
  "layers_analyzed": [
    "layer_1",
    "layer_2",
    "layer_3",
    "layer_4",
    "layer_5"
  ],
  "num_layers": 5,
  "train": {
    "layer_1": {
      "h_norm": 0.4974600076675415,
      "residual_norm": 1.8758649826049805,
      "residual_inf_norm": 1.8758649826049805,
      "h_t_norm": 1.403810977935791,
      "h_x_norm": 1.9204589128494263,
      "h_xx_norm": 11.053812980651855,
      "convection_norm": 0.8836796283721924
    },
    "layer_2": {
      "h_norm": 0.8492150902748108,
      "residual_norm": 11.344958305358887,
      "residual_inf_norm": 11.344958305358887,
      "h_t_norm": 7.1527862548828125,
      "h_x_norm": 9.046306610107422,
      "h_xx_norm": 121.14457702636719,
      "convection_norm": 8.04701042175293
    },
    "layer_3": {
      "h_norm": 0.5371035933494568,
      "residual_norm": 0.4107854962348938,
      "residual_inf_norm": 0.4107854962348938,
      "h_t_norm": 0.6137205958366394,
      "h_x_norm": 1.923200011253357,
      "h_xx_norm": 42.500308990478516,
      "convection_norm": 0.9142483472824097
    },
    "layer_4": {
      "h_norm": 0.5384228229522705,
      "residual_norm": 0.1912260204553604,
      "residual_inf_norm": 0.1912260204553604,
      "h_t_norm": 0.6167441606521606,
      "h_x_norm": 1.8754801750183105,
      "h_xx_norm": 92.183349609375,
      "convection_norm": 0.8929745554924011
    },
    "layer_5": {
      "h_norm": 0.5384203791618347,
      "residual_norm": 0.08997013419866562,
      "residual_inf_norm": 0.08997013419866562,
      "h_t_norm": 0.6146875619888306,
      "h_x_norm": 1.8705872297286987,
      "h_xx_norm": 88.89774322509766,
      "convection_norm": 0.885077714920044
    }
  },
  "eval": {
    "layer_1": {
      "h_norm": 0.4950529932975769,
      "residual_norm": 1.8646808862686157,
      "residual_inf_norm": 1.8646808862686157,
      "h_t_norm": 1.3875019550323486,
      "h_x_norm": 1.934280276298523,
      "h_xx_norm": 11.308636665344238,
      "convection_norm": 0.8841361403465271
    },
    "layer_2": {
      "h_norm": 0.858869194984436,
      "residual_norm": 11.391289710998535,
      "residual_inf_norm": 11.391289710998535,
      "h_t_norm": 7.205672740936279,
      "h_x_norm": 9.108329772949219,
      "h_xx_norm": 120.71930694580078,
      "convection_norm": 8.139345169067383
    },
    "layer_3": {
      "h_norm": 0.5374933481216431,
      "residual_norm": 0.42342594265937805,
      "residual_inf_norm": 0.42342594265937805,
      "h_t_norm": 0.6105902791023254,
      "h_x_norm": 1.9498721361160278,
      "h_xx_norm": 44.40074157714844,
      "convection_norm": 0.9292429089546204
    },
    "layer_4": {
      "h_norm": 0.5393062233924866,
      "residual_norm": 0.20177985727787018,
      "residual_inf_norm": 0.20177985727787018,
      "h_t_norm": 0.6185751557350159,
      "h_x_norm": 1.8619177341461182,
      "h_xx_norm": 93.46662139892578,
      "convection_norm": 0.8941680788993835
    },
    "layer_5": {
      "h_norm": 0.5391051173210144,
      "residual_norm": 0.0919172614812851,
      "residual_inf_norm": 0.0919172614812851,
      "h_t_norm": 0.6162126660346985,
      "h_x_norm": 1.8511730432510376,
      "h_xx_norm": 90.07337951660156,
      "convection_norm": 0.8875373005867004
    }
  },
  "layer_norms": {
    "layer_1": {
      "train_residual_l2": 1.8758649826049805,
      "eval_residual_l2": 1.8646808862686157,
      "train_residual_linf": 1.8758649826049805,
      "eval_residual_linf": 1.8646808862686157
    },
    "layer_2": {
      "train_residual_l2": 11.344958305358887,
      "eval_residual_l2": 11.391289710998535,
      "train_residual_linf": 11.344958305358887,
      "eval_residual_linf": 11.391289710998535
    },
    "layer_3": {
      "train_residual_l2": 0.4107854962348938,
      "eval_residual_l2": 0.42342594265937805,
      "train_residual_linf": 0.4107854962348938,
      "eval_residual_linf": 0.42342594265937805
    },
    "layer_4": {
      "train_residual_l2": 0.1912260204553604,
      "eval_residual_l2": 0.20177985727787018,
      "train_residual_linf": 0.1912260204553604,
      "eval_residual_linf": 0.20177985727787018
    },
    "layer_5": {
      "train_residual_l2": 0.08997013419866562,
      "eval_residual_l2": 0.0919172614812851,
      "train_residual_linf": 0.08997013419866562,
      "eval_residual_linf": 0.0919172614812851
    }
  },
  "ic": {
    "train": {
      "layer_1": {
        "l2": 0.40629342198371887,
        "linf": 0.40629342198371887
      },
      "layer_2": {
        "l2": 1.456844449043274,
        "linf": 1.456844449043274
      },
      "layer_3": {
        "l2": 0.037174273282289505,
        "linf": 0.037174273282289505
      },
      "layer_4": {
        "l2": 0.014785517007112503,
        "linf": 0.014785517007112503
      },
      "layer_5": {
        "l2": 0.005536466836929321,
        "linf": 0.005536466836929321
      }
    },
    "eval": {
      "layer_1": {
        "l2": 0.356672465801239,
        "linf": 0.356672465801239
      },
      "layer_2": {
        "l2": 1.6126255989074707,
        "linf": 1.6126255989074707
      },
      "layer_3": {
        "l2": 0.036000076681375504,
        "linf": 0.036000076681375504
      },
      "layer_4": {
        "l2": 0.017353545874357224,
        "linf": 0.017353545874357224
      },
      "layer_5": {
        "l2": 0.006289362441748381,
        "linf": 0.006289362441748381
      }
    }
  },
  "bc_value": {
    "train": {
      "layer_1": {
        "l2": 0.5409887433052063,
        "linf": 0.5409887433052063
      },
      "layer_2": {
        "l2": 2.560847282409668,
        "linf": 2.560847282409668
      },
      "layer_3": {
        "l2": 0.024903584271669388,
        "linf": 0.024903584271669388
      },
      "layer_4": {
        "l2": 0.014103083871304989,
        "linf": 0.014103083871304989
      },
      "layer_5": {
        "l2": 0.005666940938681364,
        "linf": 0.005666940938681364
      }
    },
    "eval": {
      "layer_1": {
        "l2": 0.61651611328125,
        "linf": 0.61651611328125
      },
      "layer_2": {
        "l2": 2.0421650409698486,
        "linf": 2.0421650409698486
      },
      "layer_3": {
        "l2": 0.025898059830069542,
        "linf": 0.025898059830069542
      },
      "layer_4": {
        "l2": 0.012525458820164204,
        "linf": 0.012525458820164204
      },
      "layer_5": {
        "l2": 0.005511508788913488,
        "linf": 0.005511508788913488
      }
    }
  },
  "bc_derivative": {
    "train": {
      "layer_1": {
        "l2": 6.097074031829834,
        "linf": 6.097074031829834
      },
      "layer_2": {
        "l2": 22.30902671813965,
        "linf": 22.30902671813965
      },
      "layer_3": {
        "l2": 0.15632988512516022,
        "linf": 0.15632988512516022
      },
      "layer_4": {
        "l2": 0.0645262598991394,
        "linf": 0.0645262598991394
      },
      "layer_5": {
        "l2": 0.07674122601747513,
        "linf": 0.07674122601747513
      }
    },
    "eval": {
      "layer_1": {
        "l2": 6.4760894775390625,
        "linf": 6.4760894775390625
      },
      "layer_2": {
        "l2": 21.44256591796875,
        "linf": 21.44256591796875
      },
      "layer_3": {
        "l2": 0.15377077460289001,
        "linf": 0.15377077460289001
      },
      "layer_4": {
        "l2": 0.049363743513822556,
        "linf": 0.049363743513822556
      },
      "layer_5": {
        "l2": 0.08020050078630447,
        "linf": 0.08020050078630447
      }
    }
  },
  "final_layer_train_residual": 0.08997013419866562,
  "final_layer_eval_residual": 0.0919172614812851,
  "final_layer_train_residual_inf": 0.08997013419866562,
  "final_layer_eval_residual_inf": 0.0919172614812851,
  "final_layer_train_ic": {
    "l2": 0.005536466836929321,
    "linf": 0.005536466836929321
  },
  "final_layer_eval_ic": {
    "l2": 0.006289362441748381,
    "linf": 0.006289362441748381
  },
  "final_layer_train_bc_value": {
    "l2": 0.005666940938681364,
    "linf": 0.005666940938681364
  },