{
  "layers_analyzed": [
    "layer_1",
    "layer_2",
    "layer_3",
    "layer_4",
    "layer_5"
  ],
  "num_layers": 5,
  "train": {
    "rel_l2": [
      0.1541028469800949,
      0.14324882626533508,
      0.12481316924095154,
      0.041428834199905396,
      0.014038307592272758
    ],
    "inf_norm": [
      0.6277846693992615,
      0.4548614025115967,
      0.3128623962402344,
      0.1982688307762146,
      0.10957169532775879
    ]
  },
  "eval": {
    "rel_l2": [
      0.15696267783641815,
      0.14364539086818695,
      0.1263609528541565,
      0.04191627725958824,
      0.014017731882631779
    ],
    "inf_norm": [
      0.5469173192977905,
      0.43928104639053345,
      0.3128626346588135,
      0.19826847314834595,
      0.1039305329322815
    ]
  },
  "layer_dimensions": {
    "layer_1": 50,
    "layer_2": 50,
    "layer_3": 50,
    "layer_4": 50,
    "layer_5": 50
  }
}