{
  "layers_analyzed": [
    "layer_1",
    "layer_2",
    "layer_3",
    "layer_4",
    "layer_5"
  ],
  "num_layers": 5,
  "train": {
    "layer_1": {
      "h_norm": 0.41429248452186584,
      "residual_norm": 0.41360366344451904,
      "residual_inf_norm": 0.41360366344451904,
      "h_t_norm": 0.4552244544029236,
      "h_x_norm": 0.41761544346809387,
      "h_xx_norm": 0.4428228437900543,
      "h_tt_norm": 0.44577568769454956
    },
    "layer_2": {
      "h_norm": 0.4281657040119171,
      "residual_norm": 1.1070674657821655,
      "residual_inf_norm": 1.1070674657821655,
      "h_t_norm": 0.5049387216567993,
      "h_x_norm": 0.4716736376285553,
      "h_xx_norm": 0.8711068630218506,
      "h_tt_norm": 0.9211032390594482
    },
    "layer_3": {
      "h_norm": 0.42188790440559387,
      "residual_norm": 1.3335309028625488,
      "residual_inf_norm": 1.3335309028625488,
      "h_t_norm": 0.5505945086479187,
      "h_x_norm": 0.4505811035633087,
      "h_xx_norm": 0.763529360294342,
      "h_tt_norm": 1.3467260599136353
    },
    "layer_4": {
      "h_norm": 0.4195467233657837,
      "residual_norm": 0.1423545479774475,
      "residual_inf_norm": 0.1423545479774475,
      "h_t_norm": 0.4236813485622406,
      "h_x_norm": 0.391939252614975,
      "h_xx_norm": 0.42925500869750977,
      "h_tt_norm": 0.4357864558696747
    },
    "layer_5": {
      "h_norm": 0.41969823837280273,
      "residual_norm": 0.02191062644124031,
      "residual_inf_norm": 0.02191062644124031,
      "h_t_norm": 0.41825345158576965,
      "h_x_norm": 0.388145387172699,
      "h_xx_norm": 0.41819247603416443,
      "h_tt_norm": 0.4175553619861603
    }
  },
  "eval": {
    "layer_1": {
      "h_norm": 0.41354626417160034,
      "residual_norm": 0.414077490568161,
      "residual_inf_norm": 0.414077490568161,
      "h_t_norm": 0.4538043439388275,
      "h_x_norm": 0.4192066192626953,
      "h_xx_norm": 0.44400104880332947,
      "h_tt_norm": 0.44602566957473755
    },
    "layer_2": {
      "h_norm": 0.42569491267204285,
      "residual_norm": 1.113891839981079,
      "residual_inf_norm": 1.113891839981079,
      "h_t_norm": 0.5062816739082336,
      "h_x_norm": 0.47371214628219604,
      "h_xx_norm": 0.8776569962501526,
      "h_tt_norm": 0.9337952136993408
    },
    "layer_3": {
      "h_norm": 0.4202542304992676,
      "residual_norm": 1.3794581890106201,
      "residual_inf_norm": 1.3794581890106201,
      "h_t_norm": 0.5528849363327026,
      "h_x_norm": 0.45525887608528137,
      "h_xx_norm": 0.764564037322998,
      "h_tt_norm": 1.3981691598892212
    },
    "layer_4": {
      "h_norm": 0.41662630438804626,
      "residual_norm": 0.14590772986412048,
      "residual_inf_norm": 0.14590772986412048,
      "h_t_norm": 0.4255055785179138,
      "h_x_norm": 0.39142948389053345,
      "h_xx_norm": 0.4253728687763214,
      "h_tt_norm": 0.4319544732570648
    },
    "layer_5": {
      "h_norm": 0.41694384813308716,
      "residual_norm": 0.02264357917010784,
      "residual_inf_norm": 0.02264357917010784,
      "h_t_norm": 0.4190671741962433,
      "h_x_norm": 0.38754206895828247,
      "h_xx_norm": 0.41464829444885254,
      "h_tt_norm": 0.4145016670227051
    }
  },
  "layer_norms": {
    "layer_1": {
      "train_residual_l2": 0.41360366344451904,
      "eval_residual_l2": 0.414077490568161,
      "train_residual_linf": 0.41360366344451904,
      "eval_residual_linf": 0.414077490568161
    },
    "layer_2": {
      "train_residual_l2": 1.1070674657821655,
      "eval_residual_l2": 1.113891839981079,
      "train_residual_linf": 1.1070674657821655,
      "eval_residual_linf": 1.113891839981079
    },
    "layer_3": {
      "train_residual_l2": 1.3335309028625488,
      "eval_residual_l2": 1.3794581890106201,
      "train_residual_linf": 1.3335309028625488,
      "eval_residual_linf": 1.3794581890106201
    },
    "layer_4": {
      "train_residual_l2": 0.1423545479774475,
      "eval_residual_l2": 0.14590772986412048,
      "train_residual_linf": 0.1423545479774475,
      "eval_residual_linf": 0.14590772986412048
    },
    "layer_5": {
      "train_residual_l2": 0.02191062644124031,
      "eval_residual_l2": 0.02264357917010784,
      "train_residual_linf": 0.02191062644124031,
      "eval_residual_linf": 0.02264357917010784
    }
  },
  "ic": {
    "train": {
      "layer_1": {
        "l2": 0.12928473949432373,
        "linf": 0.12928473949432373
      },
      "layer_2": {
        "l2": 0.2365676909685135,
        "linf": 0.2365676909685135
      },
      "layer_3": {
        "l2": 0.2996319830417633,
        "linf": 0.2996319830417633
      },
      "layer_4": {
        "l2": 0.025637565180659294,
        "linf": 0.025637565180659294
      },
      "layer_5": {
        "l2": 0.002896164311096072,
        "linf": 0.002896164311096072
      }
    },
    "eval": {
      "layer_1": {
        "l2": 0.1098259761929512,
        "linf": 0.1098259761929512
      },
      "layer_2": {
        "l2": 0.22986137866973877,
        "linf": 0.22986137866973877
      },
      "layer_3": {
        "l2": 0.3105459213256836,
        "linf": 0.3105459213256836
      },
      "layer_4": {
        "l2": 0.023762905970215797,
        "linf": 0.023762905970215797
      },
      "layer_5": {
        "l2": 0.0034941688645631075,
        "linf": 0.0034941688645631075
      }
    }
  },
  "bc_value": {
    "train": {
      "layer_1": {
        "l2": 0.14980024099349976,
        "linf": 0.14980024099349976
      },
      "layer_2": {
        "l2": 0.1770908236503601,
        "linf": 0.1770908236503601
      },
      "layer_3": {
        "l2": 0.19210638105869293,
        "linf": 0.19210638105869293
      },
      "layer_4": {
        "l2": 0.024673445150256157,
        "linf": 0.024673445150256157
      },
      "layer_5": {
        "l2": 0.0055879103019833565,
        "linf": 0.0055879103019833565
      }
    },
    "eval": {
      "layer_1": {
        "l2": 0.14314229786396027,
        "linf": 0.14314229786396027
      },
      "layer_2": {
        "l2": 0.18187080323696136,
        "linf": 0.18187080323696136
      },
      "layer_3": {
        "l2": 0.19155824184417725,
        "linf": 0.19155824184417725
      },
      "layer_4": {
        "l2": 0.02239525318145752,
        "linf": 0.02239525318145752
      },
      "layer_5": {
        "l2": 0.004050238523632288,
        "linf": 0.004050238523632288
      }
    }
  },
  "bc_derivative": {
    "train": {},
    "eval": {}
  },
  "final_layer_train_residual": 0.02191062644124031,
  "final_layer_eval_residual": 0.02264357917010784,
  "final_layer_train_residual_inf": 0.02191062644124031,
  "final_layer_eval_residual_inf": 0.02264357917010784,
  "final_layer_train_ic": {
    "l2": 0.002896164311096072,
    "linf": 0.002896164311096072
  },
  "final_layer_eval_ic": {
    "l2": 0.0034941688645631075,
    "linf": 0.0034941688645631075
  },
  "final_layer_train_bc_value": {
    "l2": 0.0055879103019833565,
    "linf": 0.0055879103019833565
  },
  "final_layer_eval_bc_value": {
    "l2": 0.004050238523632288,
    "linf": 0.004050238523632288
  },
  "final_layer_train_bc_derivative": {},
  "final_layer_eval_bc_derivative": {}
}