{
  "layers_analyzed": [
    "layer_1",
    "layer_2",
    "layer_3",
    "layer_4",
    "layer_5"
  ],
  "num_layers": 5,
  "train": {
    "rel_l2": [
      0.84175044298172,
      0.11889531463384628,
      0.027055511251091957,
      0.005582773592323065,
      0.0016099084168672562
    ],
    "inf_norm": [
      4.449668884277344,
      0.7108004093170166,
      0.15365266799926758,
      0.030961258336901665,
      0.006573071703314781
    ]
  },
  "eval": {
    "rel_l2": [
      0.8703798055648804,
      0.11565840989351273,
      0.02619389072060585,
      0.005803240928798914,
      0.0016265413723886013
    ],
    "inf_norm": [
      3.7220873832702637,
      0.5695586204528809,
      0.1233677864074707,
      0.02115584909915924,
      0.004841429181396961
    ]
  },
  "layer_dimensions": {
    "layer_1": 100,
    "layer_2": 100,
    "layer_3": 100,
    "layer_4": 100,
    "layer_5": 100
  }
}