{
  "layers_analyzed": [
    "layer_1",
    "layer_2",
    "layer_3",
    "layer_4",
    "layer_5"
  ],
  "num_layers": 5,
  "train": {
    "layer_1": {
      "h_norm": 0.407512366771698,
      "residual_norm": 0.2874358892440796,
      "residual_inf_norm": 0.2874358892440796,
      "h_t_norm": 0.4385017454624176,
      "h_x_norm": 0.44094088673591614,
      "h_xx_norm": 0.46978339552879333,
      "h_tt_norm": 0.4714071750640869
    },
    "layer_2": {
      "h_norm": 0.40894249081611633,
      "residual_norm": 0.32404041290283203,
      "residual_inf_norm": 0.32404041290283203,
      "h_t_norm": 0.4566906988620758,
      "h_x_norm": 0.40225064754486084,
      "h_xx_norm": 0.3984898030757904,
      "h_tt_norm": 0.43116143345832825
    },
    "layer_3": {
      "h_norm": 0.414678156375885,
      "residual_norm": 0.22077511250972748,
      "residual_inf_norm": 0.22077511250972748,
      "h_t_norm": 0.43824657797813416,
      "h_x_norm": 0.4047302007675171,
      "h_xx_norm": 0.40831664204597473,
      "h_tt_norm": 0.4008304476737976
    },
    "layer_4": {
      "h_norm": 0.4178052544593811,
      "residual_norm": 0.05043895170092583,
      "residual_inf_norm": 0.05043895170092583,
      "h_t_norm": 0.4218652844429016,
      "h_x_norm": 0.3886083960533142,
      "h_xx_norm": 0.4005429148674011,
      "h_tt_norm": 0.40220150351524353
    },
    "layer_5": {
      "h_norm": 0.4193072021007538,
      "residual_norm": 0.022062983363866806,
      "residual_inf_norm": 0.022062983363866806,
      "h_t_norm": 0.41993004083633423,
      "h_x_norm": 0.3886559307575226,
      "h_xx_norm": 0.4137449264526367,
      "h_tt_norm": 0.41287359595298767
    }
  },
  "eval": {
    "layer_1": {
      "h_norm": 0.40583327412605286,
      "residual_norm": 0.28969016671180725,
      "residual_inf_norm": 0.28969016671180725,
      "h_t_norm": 0.4433085024356842,
      "h_x_norm": 0.44068673253059387,
      "h_xx_norm": 0.4668092429637909,
      "h_tt_norm": 0.4678104519844055
    },
    "layer_2": {
      "h_norm": 0.4078814387321472,
      "residual_norm": 0.32776355743408203,
      "residual_inf_norm": 0.32776355743408203,
      "h_t_norm": 0.4586304724216461,
      "h_x_norm": 0.4016369879245758,
      "h_xx_norm": 0.39527711272239685,
      "h_tt_norm": 0.43523108959198
    },
    "layer_3": {
      "h_norm": 0.41287294030189514,
      "residual_norm": 0.22343561053276062,
      "residual_inf_norm": 0.22343561053276062,
      "h_t_norm": 0.4415304958820343,
      "h_x_norm": 0.4049167335033417,
      "h_xx_norm": 0.40394100546836853,
      "h_tt_norm": 0.39655932784080505
    },
    "layer_4": {
      "h_norm": 0.4151897430419922,
      "residual_norm": 0.04986979067325592,
      "residual_inf_norm": 0.04986979067325592,
      "h_t_norm": 0.42302483320236206,
      "h_x_norm": 0.3880475163459778,
      "h_xx_norm": 0.39795419573783875,
      "h_tt_norm": 0.3983631432056427
    },
    "layer_5": {
      "h_norm": 0.4164868891239166,
      "residual_norm": 0.022340109571814537,
      "residual_inf_norm": 0.022340109571814537,
      "h_t_norm": 0.4212143123149872,
      "h_x_norm": 0.3880392909049988,
      "h_xx_norm": 0.4104408025741577,
      "h_tt_norm": 0.4091605246067047
    }
  },
  "layer_norms": {
    "layer_1": {
      "train_residual_l2": 0.2874358892440796,
      "eval_residual_l2": 0.28969016671180725,
      "train_residual_linf": 0.2874358892440796,
      "eval_residual_linf": 0.28969016671180725
    },
    "layer_2": {
      "train_residual_l2": 0.32404041290283203,
      "eval_residual_l2": 0.32776355743408203,
      "train_residual_linf": 0.32404041290283203,
      "eval_residual_linf": 0.32776355743408203
    },
    "layer_3": {
      "train_residual_l2": 0.22077511250972748,
      "eval_residual_l2": 0.22343561053276062,
      "train_residual_linf": 0.22077511250972748,
      "eval_residual_linf": 0.22343561053276062
    },
    "layer_4": {
      "train_residual_l2": 0.05043895170092583,
      "eval_residual_l2": 0.04986979067325592,
      "train_residual_linf": 0.05043895170092583,
      "eval_residual_linf": 0.04986979067325592
    },
    "layer_5": {
      "train_residual_l2": 0.022062983363866806,
      "eval_residual_l2": 0.022340109571814537,
      "train_residual_linf": 0.022062983363866806,
      "eval_residual_linf": 0.022340109571814537
    }
  },
  "ic": {
    "train": {
      "layer_1": {
        "l2": 0.10222652554512024,
        "linf": 0.10222652554512024
      },
      "layer_2": {
        "l2": 0.08879232406616211,
        "linf": 0.08879232406616211
      },
      "layer_3": {
        "l2": 0.07902882248163223,
        "linf": 0.07902882248163223
      },
      "layer_4": {
        "l2": 0.01646527275443077,
        "linf": 0.01646527275443077
      },
      "layer_5": {
        "l2": 0.007150441408157349,
        "linf": 0.007150441408157349
      }
    },
    "eval": {
      "layer_1": {
        "l2": 0.09045564383268356,
        "linf": 0.09045564383268356
      },
      "layer_2": {
        "l2": 0.07847714424133301,
        "linf": 0.07847714424133301
      },
      "layer_3": {
        "l2": 0.08198417723178864,
        "linf": 0.08198417723178864
      },
      "layer_4": {
        "l2": 0.017126895487308502,
        "linf": 0.017126895487308502
      },
      "layer_5": {
        "l2": 0.00611589290201664,
        "linf": 0.00611589290201664
      }
    }
  },
  "bc_value": {
    "train": {
      "layer_1": {
        "l2": 0.20052415132522583,
        "linf": 0.20052415132522583
      },
      "layer_2": {
        "l2": 0.12787531316280365,
        "linf": 0.12787531316280365
      },
      "layer_3": {
        "l2": 0.10913624614477158,
        "linf": 0.10913624614477158
      },
      "layer_4": {
        "l2": 0.03510275483131409,
        "linf": 0.03510275483131409
      },
      "layer_5": {
        "l2": 0.0124805998057127,
        "linf": 0.0124805998057127
      }
    },
    "eval": {
      "layer_1": {
        "l2": 0.2266915887594223,
        "linf": 0.2266915887594223
      },
      "layer_2": {
        "l2": 0.12463203072547913,
        "linf": 0.12463203072547913
      },
      "layer_3": {
        "l2": 0.11376821249723434,
        "linf": 0.11376821249723434
      },
      "layer_4": {
        "l2": 0.033441461622714996,
        "linf": 0.033441461622714996
      },
      "layer_5": {
        "l2": 0.010484464466571808,
        "linf": 0.010484464466571808
      }
    }
  },
  "bc_derivative": {
    "train": {},
    "eval": {}
  },
  "final_layer_train_residual": 0.022062983363866806,
  "final_layer_eval_residual": 0.022340109571814537,
  "final_layer_train_residual_inf": 0.022062983363866806,
  "final_layer_eval_residual_inf": 0.022340109571814537,
  "final_layer_train_ic": {
    "l2": 0.007150441408157349,
    "linf": 0.007150441408157349
  },
  "final_layer_eval_ic": {
    "l2": 0.00611589290201664,
    "linf": 0.00611589290201664
  },
  "final_layer_train_bc_value": {
    "l2": 0.0124805998057127,
    "linf": 0.0124805998057127
  },
  "final_layer_eval_bc_value": {
    "l2": 0.010484464466571808,
    "linf": 0.010484464466571808
  },
  "final_layer_train_bc_derivative": {},
  "final_layer_eval_bc_derivative": {}
}