{
  "layers_analyzed": [
    "layer_1",
    "layer_2",
    "layer_3",
    "layer_4",
    "layer_5",
    "layer_6",
    "layer_7"
  ],
  "num_layers": 7,
  "train": {
    "layer_1": {
      "h_norm": 0.41344937682151794,
      "residual_norm": 0.2828649580478668,
      "residual_inf_norm": 0.2828649580478668,
      "h_t_norm": 0.4469660222530365,
      "h_x_norm": 0.41743090748786926,
      "h_xx_norm": 0.409420907497406,
      "h_tt_norm": 0.5713735818862915
    },
    "layer_2": {
      "h_norm": 0.4055227041244507,
      "residual_norm": 0.2966341972351074,
      "residual_inf_norm": 0.2966341972351074,
      "h_t_norm": 0.4488271176815033,
      "h_x_norm": 0.42081257700920105,
      "h_xx_norm": 0.42029353976249695,
      "h_tt_norm": 0.5349869728088379
    },
    "layer_3": {
      "h_norm": 0.40469229221343994,
      "residual_norm": 0.351697713136673,
      "residual_inf_norm": 0.351697713136673,
      "h_t_norm": 0.4553259313106537,
      "h_x_norm": 0.40765053033828735,
      "h_xx_norm": 0.4140394330024719,
      "h_tt_norm": 0.5507558584213257
    },
    "layer_4": {
      "h_norm": 0.40897104144096375,
      "residual_norm": 0.2866734266281128,
      "residual_inf_norm": 0.2866734266281128,
      "h_t_norm": 0.4554246664047241,
      "h_x_norm": 0.4233853816986084,
      "h_xx_norm": 0.49285706877708435,
      "h_tt_norm": 0.4984099268913269
    },
    "layer_5": {
      "h_norm": 0.3994958996772766,
      "residual_norm": 0.3650803864002228,
      "residual_inf_norm": 0.3650803864002228,
      "h_t_norm": 0.46285077929496765,
      "h_x_norm": 0.41280466318130493,
      "h_xx_norm": 0.4348316192626953,
      "h_tt_norm": 0.5529305338859558
    },
    "layer_6": {
      "h_norm": 0.40342822670936584,
      "residual_norm": 0.24606741964817047,
      "residual_inf_norm": 0.24606741964817047,
      "h_t_norm": 0.4308321475982666,
      "h_x_norm": 0.4097145199775696,
      "h_xx_norm": 0.4594394862651825,
      "h_tt_norm": 0.48259425163269043
    },
    "layer_7": {
      "h_norm": 0.4048929214477539,
      "residual_norm": 0.3750985562801361,
      "residual_inf_norm": 0.3750985562801361,
      "h_t_norm": 0.43373993039131165,
      "h_x_norm": 0.4132561683654785,
      "h_xx_norm": 0.5247042179107666,
      "h_tt_norm": 0.5394592881202698
    }
  },
  "eval": {
    "layer_1": {
      "h_norm": 0.4116998016834259,
      "residual_norm": 0.28181934356689453,
      "residual_inf_norm": 0.28181934356689453,
      "h_t_norm": 0.4490824043750763,
      "h_x_norm": 0.4168185889720917,
      "h_xx_norm": 0.403887003660202,
      "h_tt_norm": 0.5632644891738892
    },
    "layer_2": {
      "h_norm": 0.4027983248233795,
      "residual_norm": 0.29918378591537476,
      "residual_inf_norm": 0.29918378591537476,
      "h_t_norm": 0.4506230652332306,
      "h_x_norm": 0.42021095752716064,
      "h_xx_norm": 0.4168925881385803,
      "h_tt_norm": 0.5335394144058228
    },
    "layer_3": {
      "h_norm": 0.40195775032043457,
      "residual_norm": 0.34785768389701843,
      "residual_inf_norm": 0.34785768389701843,
      "h_t_norm": 0.4548792243003845,
      "h_x_norm": 0.4065055549144745,
      "h_xx_norm": 0.4113624095916748,
      "h_tt_norm": 0.5441935062408447
    },
    "layer_4": {
      "h_norm": 0.40799224376678467,
      "residual_norm": 0.2942187488079071,
      "residual_inf_norm": 0.2942187488079071,
      "h_t_norm": 0.4578683376312256,
      "h_x_norm": 0.42383497953414917,
      "h_xx_norm": 0.49284714460372925,
      "h_tt_norm": 0.49469831585884094
    },
    "layer_5": {
      "h_norm": 0.3973136246204376,
      "residual_norm": 0.36954858899116516,
      "residual_inf_norm": 0.36954858899116516,
      "h_t_norm": 0.4646185040473938,
      "h_x_norm": 0.4129438102245331,
      "h_xx_norm": 0.43161165714263916,
      "h_tt_norm": 0.5526494979858398
    },
    "layer_6": {
      "h_norm": 0.40201494097709656,
      "residual_norm": 0.24562448263168335,
      "residual_inf_norm": 0.24562448263168335,
      "h_t_norm": 0.4343850910663605,
      "h_x_norm": 0.4109048545360565,
      "h_xx_norm": 0.45745977759361267,
      "h_tt_norm": 0.4847729802131653
    },
    "layer_7": {
      "h_norm": 0.40201058983802795,
      "residual_norm": 0.38023388385772705,
      "residual_inf_norm": 0.38023388385772705,
      "h_t_norm": 0.435624897480011,
      "h_x_norm": 0.41433650255203247,
      "h_xx_norm": 0.5177049040794373,
      "h_tt_norm": 0.5400381684303284
    }
  },
  "layer_norms": {
    "layer_1": {
      "train_residual_l2": 0.2828649580478668,
      "eval_residual_l2": 0.28181934356689453,
      "train_residual_linf": 0.2828649580478668,
      "eval_residual_linf": 0.28181934356689453
    },
    "layer_2": {
      "train_residual_l2": 0.2966341972351074,
      "eval_residual_l2": 0.29918378591537476,
      "train_residual_linf": 0.2966341972351074,
      "eval_residual_linf": 0.29918378591537476
    },
    "layer_3": {
      "train_residual_l2": 0.351697713136673,
      "eval_residual_l2": 0.34785768389701843,
      "train_residual_linf": 0.351697713136673,
      "eval_residual_linf": 0.34785768389701843
    },
    "layer_4": {
      "train_residual_l2": 0.2866734266281128,
      "eval_residual_l2": 0.2942187488079071,
      "train_residual_linf": 0.2866734266281128,
      "eval_residual_linf": 0.2942187488079071
    },
    "layer_5": {
      "train_residual_l2": 0.3650803864002228,
      "eval_residual_l2": 0.36954858899116516,
      "train_residual_linf": 0.3650803864002228,
      "eval_residual_linf": 0.36954858899116516
    },
    "layer_6": {
      "train_residual_l2": 0.24606741964817047,
      "eval_residual_l2": 0.24562448263168335,
      "train_residual_linf": 0.24606741964817047,
      "eval_residual_linf": 0.24562448263168335
    },
    "layer_7": {
      "train_residual_l2": 0.3750985562801361,
      "eval_residual_l2": 0.38023388385772705,
      "train_residual_linf": 0.3750985562801361,
      "eval_residual_linf": 0.38023388385772705
    }
  },
  "ic": {
    "train": {
      "layer_1": {
        "l2": 0.11148449033498764,
        "linf": 0.11148449033498764
      },
      "layer_2": {
        "l2": 0.11427468061447144,
        "linf": 0.11427468061447144
      },
      "layer_3": {
        "l2": 0.15317685902118683,
        "linf": 0.15317685902118683
      },
      "layer_4": {
        "l2": 0.1012657955288887,
        "linf": 0.1012657955288887
      },
      "layer_5": {
        "l2": 0.12940312922000885,
        "linf": 0.12940312922000885
      },
      "layer_6": {
        "l2": 0.10370101034641266,
        "linf": 0.10370101034641266
      },
      "layer_7": {
        "l2": 0.13137300312519073,
        "linf": 0.13137300312519073
      }
    },
    "eval": {
      "layer_1": {
        "l2": 0.08123871684074402,
        "linf": 0.08123871684074402
      },
      "layer_2": {
        "l2": 0.09347887337207794,
        "linf": 0.09347887337207794
      },
      "layer_3": {
        "l2": 0.14644549787044525,
        "linf": 0.14644549787044525
      },
      "layer_4": {
        "l2": 0.10170367360115051,
        "linf": 0.10170367360115051
      },
      "layer_5": {
        "l2": 0.1241845116019249,
        "linf": 0.1241845116019249
      },
      "layer_6": {
        "l2": 0.09624481201171875,
        "linf": 0.09624481201171875
      },
      "layer_7": {
        "l2": 0.14572741091251373,
        "linf": 0.14572741091251373
      }
    }
  },
  "bc_value": {
    "train": {
      "layer_1": {
        "l2": 0.1167333796620369,
        "linf": 0.1167333796620369
      },
      "layer_2": {
        "l2": 0.23528623580932617,
        "linf": 0.23528623580932617
      },
      "layer_3": {
        "l2": 0.22148846089839935,
        "linf": 0.22148846089839935
      },
      "layer_4": {
        "l2": 0.20445853471755981,
        "linf": 0.20445853471755981
      },
      "layer_5": {
        "l2": 0.20548535883426666,
        "linf": 0.20548535883426666
      },