{
  "layers_analyzed": [
    "layer_1",
    "layer_2",
    "layer_3",
    "layer_4",
    "layer_5",
    "layer_6",
    "layer_7"
  ],
  "num_layers": 7,
  "train": {
    "layer_1": {
      "h_norm": 0.4162449538707733,
      "residual_norm": 0.5537458062171936,
      "residual_inf_norm": 0.5537458062171936,
      "h_t_norm": 0.46978747844696045,
      "h_x_norm": 0.4291730225086212,
      "h_xx_norm": 0.4947606325149536,
      "h_tt_norm": 0.643705427646637
    },
    "layer_2": {
      "h_norm": 0.41315245628356934,
      "residual_norm": 0.3655100464820862,
      "residual_inf_norm": 0.3655100464820862,
      "h_t_norm": 0.45135462284088135,
      "h_x_norm": 0.40297600626945496,
      "h_xx_norm": 0.4070930778980255,
      "h_tt_norm": 0.523125946521759
    },
    "layer_3": {
      "h_norm": 0.4265373647212982,
      "residual_norm": 0.7529870867729187,
      "residual_inf_norm": 0.7529870867729187,
      "h_t_norm": 0.4869662821292877,
      "h_x_norm": 0.43235892057418823,
      "h_xx_norm": 0.6185906529426575,
      "h_tt_norm": 0.8461589217185974
    },
    "layer_4": {
      "h_norm": 0.4160495102405548,
      "residual_norm": 0.24239595234394073,
      "residual_inf_norm": 0.24239595234394073,
      "h_t_norm": 0.43956634402275085,
      "h_x_norm": 0.3986867070198059,
      "h_xx_norm": 0.40369680523872375,
      "h_tt_norm": 0.43581995368003845
    },
    "layer_5": {
      "h_norm": 0.41893041133880615,
      "residual_norm": 0.1190141811966896,
      "residual_inf_norm": 0.1190141811966896,
      "h_t_norm": 0.4236800968647003,
      "h_x_norm": 0.3914031982421875,
      "h_xx_norm": 0.41530218720436096,
      "h_tt_norm": 0.4201664924621582
    },
    "layer_6": {
      "h_norm": 0.4198381304740906,
      "residual_norm": 0.03835403546690941,
      "residual_inf_norm": 0.03835403546690941,
      "h_t_norm": 0.41825687885284424,
      "h_x_norm": 0.3877389132976532,
      "h_xx_norm": 0.41775786876678467,
      "h_tt_norm": 0.4193251430988312
    },
    "layer_7": {
      "h_norm": 0.41973477602005005,
      "residual_norm": 0.014697222970426083,
      "residual_inf_norm": 0.014697222970426083,
      "h_t_norm": 0.4180791676044464,
      "h_x_norm": 0.3882283568382263,
      "h_xx_norm": 0.4177173972129822,
      "h_tt_norm": 0.41757380962371826
    }
  },
  "eval": {
    "layer_1": {
      "h_norm": 0.41548842191696167,
      "residual_norm": 0.5687857866287231,
      "residual_inf_norm": 0.5687857866287231,
      "h_t_norm": 0.4736819267272949,
      "h_x_norm": 0.4305901527404785,
      "h_xx_norm": 0.49515190720558167,
      "h_tt_norm": 0.6399401426315308
    },
    "layer_2": {
      "h_norm": 0.41173866391181946,
      "residual_norm": 0.3698987662792206,
      "residual_inf_norm": 0.3698987662792206,
      "h_t_norm": 0.45442071557044983,
      "h_x_norm": 0.4052259027957916,
      "h_xx_norm": 0.39826396107673645,
      "h_tt_norm": 0.5221164226531982
    },
    "layer_3": {
      "h_norm": 0.42546138167381287,
      "residual_norm": 0.775540828704834,
      "residual_inf_norm": 0.775540828704834,
      "h_t_norm": 0.48693734407424927,
      "h_x_norm": 0.4358361065387726,
      "h_xx_norm": 0.6208335757255554,
      "h_tt_norm": 0.8654540181159973
    },
    "layer_4": {
      "h_norm": 0.4139709174633026,
      "residual_norm": 0.2475239336490631,
      "residual_inf_norm": 0.2475239336490631,
      "h_t_norm": 0.4422309100627899,
      "h_x_norm": 0.39965197443962097,
      "h_xx_norm": 0.39944198727607727,
      "h_tt_norm": 0.4356409013271332
    },
    "layer_5": {
      "h_norm": 0.4167531728744507,
      "residual_norm": 0.12100114673376083,
      "residual_inf_norm": 0.12100114673376083,
      "h_t_norm": 0.42500507831573486,
      "h_x_norm": 0.3911448121070862,
      "h_xx_norm": 0.41541606187820435,
      "h_tt_norm": 0.417967289686203
    },
    "layer_6": {
      "h_norm": 0.4172686040401459,
      "residual_norm": 0.039412226527929306,
      "residual_inf_norm": 0.039412226527929306,
      "h_t_norm": 0.41908037662506104,
      "h_x_norm": 0.38702118396759033,
      "h_xx_norm": 0.4150763750076294,
      "h_tt_norm": 0.41727256774902344
    },
    "layer_7": {
      "h_norm": 0.41695845127105713,
      "residual_norm": 0.015230736695230007,
      "residual_inf_norm": 0.015230736695230007,
      "h_t_norm": 0.4187937080860138,
      "h_x_norm": 0.387694388628006,
      "h_xx_norm": 0.41446810960769653,
      "h_tt_norm": 0.4148269593715668
    }
  },
  "layer_norms": {
    "layer_1": {
      "train_residual_l2": 0.5537458062171936,
      "eval_residual_l2": 0.5687857866287231,
      "train_residual_linf": 0.5537458062171936,
      "eval_residual_linf": 0.5687857866287231
    },
    "layer_2": {
      "train_residual_l2": 0.3655100464820862,
      "eval_residual_l2": 0.3698987662792206,
      "train_residual_linf": 0.3655100464820862,
      "eval_residual_linf": 0.3698987662792206
    },
    "layer_3": {
      "train_residual_l2": 0.7529870867729187,
      "eval_residual_l2": 0.775540828704834,
      "train_residual_linf": 0.7529870867729187,
      "eval_residual_linf": 0.775540828704834
    },
    "layer_4": {
      "train_residual_l2": 0.24239595234394073,
      "eval_residual_l2": 0.2475239336490631,
      "train_residual_linf": 0.24239595234394073,
      "eval_residual_linf": 0.2475239336490631
    },
    "layer_5": {
      "train_residual_l2": 0.1190141811966896,
      "eval_residual_l2": 0.12100114673376083,
      "train_residual_linf": 0.1190141811966896,
      "eval_residual_linf": 0.12100114673376083
    },
    "layer_6": {
      "train_residual_l2": 0.03835403546690941,
      "eval_residual_l2": 0.039412226527929306,
      "train_residual_linf": 0.03835403546690941,
      "eval_residual_linf": 0.039412226527929306
    },
    "layer_7": {
      "train_residual_l2": 0.014697222970426083,
      "eval_residual_l2": 0.015230736695230007,
      "train_residual_linf": 0.014697222970426083,
      "eval_residual_linf": 0.015230736695230007
    }
  },
  "ic": {
    "train": {
      "layer_1": {
        "l2": 0.13764193654060364,
        "linf": 0.13764193654060364
      },
      "layer_2": {
        "l2": 0.07521266490221024,
        "linf": 0.07521266490221024
      },
      "layer_3": {
        "l2": 0.1419813632965088,
        "linf": 0.1419813632965088
      },
      "layer_4": {
        "l2": 0.052448976784944534,
        "linf": 0.052448976784944534
      },
      "layer_5": {
        "l2": 0.028347790241241455,
        "linf": 0.028347790241241455
      },
      "layer_6": {
        "l2": 0.007891030050814152,
        "linf": 0.007891030050814152
      },
      "layer_7": {
        "l2": 0.00282162893563509,
        "linf": 0.00282162893563509
      }
    },
    "eval": {
      "layer_1": {
        "l2": 0.1516711264848709,
        "linf": 0.1516711264848709
      },
      "layer_2": {
        "l2": 0.0811743512749672,
        "linf": 0.0811743512749672
      },
      "layer_3": {
        "l2": 0.11836538463830948,
        "linf": 0.11836538463830948
      },
      "layer_4": {
        "l2": 0.052963219583034515,
        "linf": 0.052963219583034515
      },
      "layer_5": {
        "l2": 0.02410220354795456,
        "linf": 0.02410220354795456
      },
      "layer_6": {
        "l2": 0.008134926669299603,
        "linf": 0.008134926669299603
      },
      "layer_7": {
        "l2": 0.0031556501053273678,
        "linf": 0.0031556501053273678
      }
    }
  },
  "bc_value": {
    "train": {
      "layer_1": {
        "l2": 0.125105082988739,
        "linf": 0.125105082988739
      },
      "layer_2": {
        "l2": 0.10112891346216202,
        "linf": 0.10112891346216202
      },
      "layer_3": {
        "l2": 0.13751277327537537,
        "linf": 0.13751277327537537
      },
      "layer_4": {
        "l2": 0.08095108717679977,
        "linf": 0.08095108717679977
      },
      "layer_5": {
        "l2": 0.03191321715712547,
        "linf": 0.03191321715712547
      },