{
  "layers_analyzed": [
    "layer_1",
    "layer_2",
    "layer_3",
    "layer_4",
    "layer_5",
    "layer_6",
    "layer_7"
  ],
  "num_layers": 7,
  "train": {
    "layer_1": {
      "h_norm": 0.41067102551460266,
      "residual_norm": 0.24448290467262268,
      "residual_inf_norm": 0.24448290467262268,
      "h_t_norm": 0.43554455041885376,
      "h_x_norm": 0.4059636890888214,
      "h_xx_norm": 0.40940216183662415,
      "h_tt_norm": 0.5363649725914001
    },
    "layer_2": {
      "h_norm": 0.4075324833393097,
      "residual_norm": 0.2945338487625122,
      "residual_inf_norm": 0.2945338487625122,
      "h_t_norm": 0.4622844159603119,
      "h_x_norm": 0.4036961495876312,
      "h_xx_norm": 0.4173145890235901,
      "h_tt_norm": 0.5216054916381836
    },
    "layer_3": {
      "h_norm": 0.40940263867378235,
      "residual_norm": 0.16119031608104706,
      "residual_inf_norm": 0.16119031608104706,
      "h_t_norm": 0.43607425689697266,
      "h_x_norm": 0.4004630744457245,
      "h_xx_norm": 0.4175860583782196,
      "h_tt_norm": 0.46086573600769043
    },
    "layer_4": {
      "h_norm": 0.4128971993923187,
      "residual_norm": 0.3610379695892334,
      "residual_inf_norm": 0.3610379695892334,
      "h_t_norm": 0.4417411684989929,
      "h_x_norm": 0.42303675413131714,
      "h_xx_norm": 0.4764334261417389,
      "h_tt_norm": 0.6011661887168884
    },
    "layer_5": {
      "h_norm": 0.41077253222465515,
      "residual_norm": 0.2062804251909256,
      "residual_inf_norm": 0.2062804251909256,
      "h_t_norm": 0.42771637439727783,
      "h_x_norm": 0.4145040214061737,
      "h_xx_norm": 0.47994565963745117,
      "h_tt_norm": 0.5140216946601868
    },
    "layer_6": {
      "h_norm": 0.41845035552978516,
      "residual_norm": 0.17592853307724,
      "residual_inf_norm": 0.17592853307724,
      "h_t_norm": 0.4258251488208771,
      "h_x_norm": 0.40664902329444885,
      "h_xx_norm": 0.46036073565483093,
      "h_tt_norm": 0.46707379817962646
    },
    "layer_7": {
      "h_norm": 0.417767196893692,
      "residual_norm": 0.1450658142566681,
      "residual_inf_norm": 0.1450658142566681,
      "h_t_norm": 0.4201584756374359,
      "h_x_norm": 0.39676401019096375,
      "h_xx_norm": 0.43511322140693665,
      "h_tt_norm": 0.4508805572986603
    }
  },
  "eval": {
    "layer_1": {
      "h_norm": 0.4087338447570801,
      "residual_norm": 0.24389778077602386,
      "residual_inf_norm": 0.24389778077602386,
      "h_t_norm": 0.4390377998352051,
      "h_x_norm": 0.4048188328742981,
      "h_xx_norm": 0.40722835063934326,
      "h_tt_norm": 0.5351914167404175
    },
    "layer_2": {
      "h_norm": 0.4066765010356903,
      "residual_norm": 0.299528032541275,
      "residual_inf_norm": 0.299528032541275,
      "h_t_norm": 0.46693792939186096,
      "h_x_norm": 0.4048565924167633,
      "h_xx_norm": 0.41293224692344666,
      "h_tt_norm": 0.5184064507484436
    },
    "layer_3": {
      "h_norm": 0.40728050470352173,
      "residual_norm": 0.16042833030223846,
      "residual_inf_norm": 0.16042833030223846,
      "h_t_norm": 0.4389093518257141,
      "h_x_norm": 0.3977576196193695,
      "h_xx_norm": 0.4131486713886261,
      "h_tt_norm": 0.456548810005188
    },
    "layer_4": {
      "h_norm": 0.4106872081756592,
      "residual_norm": 0.36660170555114746,
      "residual_inf_norm": 0.36660170555114746,
      "h_t_norm": 0.4434833228588104,
      "h_x_norm": 0.42280030250549316,
      "h_xx_norm": 0.4752865731716156,
      "h_tt_norm": 0.6006149053573608
    },
    "layer_5": {
      "h_norm": 0.4087154269218445,
      "residual_norm": 0.21050959825515747,
      "residual_inf_norm": 0.21050959825515747,
      "h_t_norm": 0.4303993582725525,
      "h_x_norm": 0.4135638177394867,
      "h_xx_norm": 0.4780725836753845,
      "h_tt_norm": 0.5072572827339172
    },
    "layer_6": {
      "h_norm": 0.41585007309913635,
      "residual_norm": 0.17924253642559052,
      "residual_inf_norm": 0.17924253642559052,
      "h_t_norm": 0.427087664604187,
      "h_x_norm": 0.40691009163856506,
      "h_xx_norm": 0.4595634341239929,
      "h_tt_norm": 0.46397528052330017
    },
    "layer_7": {
      "h_norm": 0.4165278375148773,
      "residual_norm": 0.14586232602596283,
      "residual_inf_norm": 0.14586232602596283,
      "h_t_norm": 0.4208151400089264,
      "h_x_norm": 0.39715975522994995,
      "h_xx_norm": 0.4331511855125427,
      "h_tt_norm": 0.4480191171169281
    }
  },
  "layer_norms": {
    "layer_1": {
      "train_residual_l2": 0.24448290467262268,
      "eval_residual_l2": 0.24389778077602386,
      "train_residual_linf": 0.24448290467262268,
      "eval_residual_linf": 0.24389778077602386
    },
    "layer_2": {
      "train_residual_l2": 0.2945338487625122,
      "eval_residual_l2": 0.299528032541275,
      "train_residual_linf": 0.2945338487625122,
      "eval_residual_linf": 0.299528032541275
    },
    "layer_3": {
      "train_residual_l2": 0.16119031608104706,
      "eval_residual_l2": 0.16042833030223846,
      "train_residual_linf": 0.16119031608104706,
      "eval_residual_linf": 0.16042833030223846
    },
    "layer_4": {
      "train_residual_l2": 0.3610379695892334,
      "eval_residual_l2": 0.36660170555114746,
      "train_residual_linf": 0.3610379695892334,
      "eval_residual_linf": 0.36660170555114746
    },
    "layer_5": {
      "train_residual_l2": 0.2062804251909256,
      "eval_residual_l2": 0.21050959825515747,
      "train_residual_linf": 0.2062804251909256,
      "eval_residual_linf": 0.21050959825515747
    },
    "layer_6": {
      "train_residual_l2": 0.17592853307724,
      "eval_residual_l2": 0.17924253642559052,
      "train_residual_linf": 0.17592853307724,
      "eval_residual_linf": 0.17924253642559052
    },
    "layer_7": {
      "train_residual_l2": 0.1450658142566681,
      "eval_residual_l2": 0.14586232602596283,
      "train_residual_linf": 0.1450658142566681,
      "eval_residual_linf": 0.14586232602596283
    }
  },
  "ic": {
    "train": {
      "layer_1": {
        "l2": 0.10736635327339172,
        "linf": 0.10736635327339172
      },
      "layer_2": {
        "l2": 0.17658056318759918,
        "linf": 0.17658056318759918
      },
      "layer_3": {
        "l2": 0.08479171991348267,
        "linf": 0.08479171991348267
      },
      "layer_4": {
        "l2": 0.14744441211223602,
        "linf": 0.14744441211223602
      },
      "layer_5": {
        "l2": 0.13766208291053772,
        "linf": 0.13766208291053772
      },
      "layer_6": {
        "l2": 0.07958988100290298,
        "linf": 0.07958988100290298
      },
      "layer_7": {
        "l2": 0.04440807178616524,
        "linf": 0.04440807178616524
      }
    },
    "eval": {
      "layer_1": {
        "l2": 0.10521415621042252,
        "linf": 0.10521415621042252
      },
      "layer_2": {
        "l2": 0.20499002933502197,
        "linf": 0.20499002933502197
      },
      "layer_3": {
        "l2": 0.07181666046380997,
        "linf": 0.07181666046380997
      },
      "layer_4": {
        "l2": 0.13536471128463745,
        "linf": 0.13536471128463745
      },
      "layer_5": {
        "l2": 0.14592601358890533,
        "linf": 0.14592601358890533
      },
      "layer_6": {
        "l2": 0.08223085105419159,
        "linf": 0.08223085105419159
      },
      "layer_7": {
        "l2": 0.0382893905043602,
        "linf": 0.0382893905043602
      }
    }
  },
  "bc_value": {
    "train": {
      "layer_1": {
        "l2": 0.1630064994096756,
        "linf": 0.1630064994096756
      },
      "layer_2": {
        "l2": 0.14843690395355225,
        "linf": 0.14843690395355225
      },
      "layer_3": {
        "l2": 0.11585252732038498,
        "linf": 0.11585252732038498
      },
      "layer_4": {
        "l2": 0.20115043222904205,
        "linf": 0.20115043222904205
      },
      "layer_5": {
        "l2": 0.18800288438796997,
        "linf": 0.18800288438796997
      },
      "layer_6": {
        "l2": 0.12198951095342636,