{
  "train_loss_epochs": [
    1,
    2,
    3,
    4,
    5,
    6,
    7,
    8,
    9,
    10,
    11,
    12,
    13,
    14,
    15,
    16,
    17,
    18,
    19,
    20,
    21,
    22,
    23,
    24,
    25,
    26,
    27,
    28,
    29,
    30,
    31,
    32,
    33,
    34,
    35,
    36,
    37,
    38,
    39,
    40,
    41,
    42,
    43,
    44,
    45,
    46,
    47,
    48,
    49,
    50,
    51,
    52,
    53,
    54,
    55,
    56,
    57,
    58,
    59,
    60,
    61,
    62,
    63,
    64,
    65,
    66,
    67,
    68,
    69,
    70,
    71,
    72,
    73,
    74,
    75,
    76,
    77,
    78,
    79,
    80,
    81,
    82,
    83,
    84,
    85,
    86,
    87,
    88,
    89,
    90,
    91,
    92,
    93,
    94,
    95,
    96,
    97,
    98,
    99,
    100
  ],
  "train_loss": [
    0.3780728758458281,
    0.2273697463766439,
    0.16238113639410584,
    0.10475343660218642,
    0.15391608201898635,
    0.09504751681815833,
    0.0929482881911099,
    0.1003086945042014,
    0.08522992440266534,
    0.09339627732988447,
    0.08831700466107577,
    0.07983759553171695,
    0.07860479175578802,
    0.07466999019961804,
    0.07422274062409998,
    0.08210563627071679,
    0.0767365932930261,
    0.06460265072528273,
    0.05737957847304642,
    0.06967663269024342,
    0.05029876178596169,
    0.05394225309137255,
    0.0588334945961833,
    0.07194462642073632,
    0.07552729290910065,
    0.05707842030096799,
    0.058092898991890254,
    0.07033443197142333,
    0.06823248623404651,
    0.055347950058057906,
    0.058214271324686706,
    0.06501031599473209,
    0.06675922672729939,
    0.046449219319038094,
    0.05680936907883734,
    0.04545324656646699,
    0.05364870831836015,
    0.07149686950724572,
    0.06404301559086889,
    0.048632608354091646,
    0.053436333383433524,
    0.03976671588607132,
    0.03952590918634087,
    0.05932985655963421,
    0.05355628086254001,
    0.059050589450635016,
    0.043921462865546344,
    0.05790083236061037,
    0.06165871908888221,
    0.05189283220097422,
    0.04176012608222664,
    0.04859180026687682,
    0.05797863348852843,
    0.04971936147194356,
    0.043994682212360206,
    0.050506769632920626,
    0.04579082967247814,
    0.04012475409545004,
    0.0607159961713478,
    0.043317466881126164,
    0.04309564596042037,
    0.05146396211348474,
    0.04826559945940971,
    0.04454019435215741,
    0.05315852980129421,
    0.04194247699342668,
    0.043085786141455175,
    0.04460887631867081,
    0.042850712221115826,
    0.05303101779427379,
    0.05500425163190812,
    0.04059644013177603,
    0.04634884302504361,
    0.04052593833766878,
    0.0501112813828513,
    0.03642927128821612,
    0.0365516523597762,
    0.04278228238690644,
    0.036995591083541515,
    0.041274991212412716,
    0.050424353661946954,
    0.04828217185568064,
    0.0477017656667158,
    0.05214408827014268,
    0.0446026153396815,
    0.039292062446475026,
    0.043327548820525405,
    0.04843386635184288,
    0.03535169004462659,
    0.037483837665058674,
    0.04001700123772025,
    0.04153626933693886,
    0.03265794550534338,
    0.03723386786878109,
    0.04778590607456863,
    0.03840773017145693,
    0.04127394300885499,
    0.045181407034397124,
    0.04042231307830661,
    0.04023765977472067
  ],
  "epochs": [
    1,
    10,
    20,
    30,
    40,
    50,
    60,
    70,
    80,
    90,
    100
  ],
  "eval_loss": [
    0.24602014536503702,
    0.07308200870951016,
    0.05721558669271568,
    0.0587793712814649,
    0.04614604342107972,
    0.04126028576865792,
    0.03968761426707109,
    0.03630231561449667,
    0.03735371772199869,
    0.035874365673710905,
    0.03600019651154677
  ],
  "train_rel_l2": [
    0.9001519277691841,
    0.8762991607189179,
    0.8878908857703209,
    0.9020493820309639,
    0.9176041409373283,
    0.9258079528808594,
    0.940790306031704,
    0.9509046688675881,
    0.9502298593521118,
    0.9545092806220055,
    0.9589468538761139
  ],
  "eval_rel_l2": [
    1.4129326343536377,
    1.483679711818695,
    0.8558822075525919,
    1.3293879826863606,
    0.792924682299296,
    1.0076939066251118,
    0.8507210612297058,
    0.8828670382499695,
    0.9457922379175822,
    0.9886849125226339,
    1.0148497422536213
  ]
}