{
  "bins": 5,
  "num_classes": 5,
  "num_samples": 4000,
  "layers_analyzed": [
    "layer_1",
    "layer_2",
    "layer_3",
    "layer_4",
    "layer_5",
    "layer_6",
    "layer_7"
  ],
  "layer_accuracies": {
    "layer_1": 0.2435,
    "layer_2": 0.3015,
    "layer_3": 0.298,
    "layer_4": 0.31825,
    "layer_5": 0.27025,
    "layer_6": 0.29175,
    "layer_7": 0.4575
  },
  "layer_compactness": {
    "layer_1": {
      "intra_class": 0.41088345646858215,
      "intra_class_std": 0.20730545839503947,
      "inter_class_mean": 0.3208664357662201,
      "inter_class_std": 0.3303232491016388
    },
    "layer_2": {
      "intra_class": 0.17831148505210875,
      "intra_class_std": 0.08950681142209628,
      "inter_class_mean": 0.13319188356399536,
      "inter_class_std": 0.12195979803800583
    },
    "layer_3": {
      "intra_class": 0.13340692222118378,
      "intra_class_std": 0.0669473861119613,
      "inter_class_mean": 0.11301638185977936,
      "inter_class_std": 0.08858286589384079
    },
    "layer_4": {
      "intra_class": 0.1462598592042923,
      "intra_class_std": 0.07357836168966381,
      "inter_class_mean": 0.13659878075122833,
      "inter_class_std": 0.09396373480558395
    },
    "layer_5": {
      "intra_class": 0.20677455067634581,
      "intra_class_std": 0.10431367810983146,
      "inter_class_mean": 0.17987768352031708,
      "inter_class_std": 0.12989576160907745
    },
    "layer_6": {
      "intra_class": 0.2596461832523346,
      "intra_class_std": 0.13147641785519423,
      "inter_class_mean": 0.23795747756958008,
      "inter_class_std": 0.18650026619434357
    },
    "layer_7": {
      "intra_class": 0.2180439203977585,
      "intra_class_std": 0.11090013463569383,
      "inter_class_mean": 0.2637328803539276,
      "inter_class_std": 0.181189626455307
    }
  },
  "layer_margins": {
    "layer_1": {
      "mean_margin": -0.10222350060939789,
      "std_margin": 0.17472411692142487,
      "fraction_positive": 0.2435
    },
    "layer_2": {
      "mean_margin": -0.02612043358385563,
      "std_margin": 0.05487550050020218,
      "fraction_positive": 0.3015
    },
    "layer_3": {
      "mean_margin": -0.020103218033909798,
      "std_margin": 0.042339399456977844,
      "fraction_positive": 0.298
    },
    "layer_4": {
      "mean_margin": -0.02466716058552265,
      "std_margin": 0.050469763576984406,
      "fraction_positive": 0.31825
    },
    "layer_5": {
      "mean_margin": -0.038330938667058945,
      "std_margin": 0.07223908603191376,
      "fraction_positive": 0.27025
    },
    "layer_6": {
      "mean_margin": -0.05369238927960396,
      "std_margin": 0.1028420552611351,
      "fraction_positive": 0.29175
    },
    "layer_7": {
      "mean_margin": -0.050302132964134216,
      "std_margin": 0.11551179736852646,
      "fraction_positive": 0.4575
    }
  }
}