{
  "layers_analyzed": [
    "layer_1",
    "layer_2",
    "layer_3"
  ],
  "num_layers": 3,
  "train": {
    "layer_1": {
      "h_norm": 0.4994475245475769,
      "residual_norm": 1.270749568939209,
      "residual_inf_norm": 1.270749568939209,
      "h_t_norm": 0.917256236076355,
      "h_x_norm": 1.9159733057022095,
      "h_xx_norm": 9.005481719970703,
      "convection_norm": 0.8585454225540161
    },
    "layer_2": {
      "h_norm": 0.545089602470398,
      "residual_norm": 2.460038423538208,
      "residual_inf_norm": 2.460038423538208,
      "h_t_norm": 1.6909726858139038,
      "h_x_norm": 3.4843108654022217,
      "h_xx_norm": 106.07546997070312,
      "convection_norm": 2.0174310207366943
    },
    "layer_3": {
      "h_norm": 0.5383552312850952,
      "residual_norm": 0.023938754573464394,
      "residual_inf_norm": 0.023938754573464394,
      "h_t_norm": 0.6131628751754761,
      "h_x_norm": 1.865789771080017,
      "h_xx_norm": 87.71068572998047,
      "convection_norm": 0.8767574429512024
    }
  },
  "eval": {
    "layer_1": {
      "h_norm": 0.4981214702129364,
      "residual_norm": 1.269997477531433,
      "residual_inf_norm": 1.269997477531433,
      "h_t_norm": 0.9111575484275818,
      "h_x_norm": 1.9413397312164307,
      "h_xx_norm": 8.979217529296875,
      "convection_norm": 0.8659719228744507
    },
    "layer_2": {
      "h_norm": 0.5443779826164246,
      "residual_norm": 2.4872937202453613,
      "residual_inf_norm": 2.4872937202453613,
      "h_t_norm": 1.7367995977401733,
      "h_x_norm": 3.5043559074401855,
      "h_xx_norm": 109.70697021484375,
      "convection_norm": 2.0137012004852295
    },
    "layer_3": {
      "h_norm": 0.5391528010368347,
      "residual_norm": 0.024358253926038742,
      "residual_inf_norm": 0.024358253926038742,
      "h_t_norm": 0.6158445477485657,
      "h_x_norm": 1.8554540872573853,
      "h_xx_norm": 88.6476821899414,
      "convection_norm": 0.8822454214096069
    }
  },
  "layer_norms": {
    "layer_1": {
      "train_residual_l2": 1.270749568939209,
      "eval_residual_l2": 1.269997477531433,
      "train_residual_linf": 1.270749568939209,
      "eval_residual_linf": 1.269997477531433
    },
    "layer_2": {
      "train_residual_l2": 2.460038423538208,
      "eval_residual_l2": 2.4872937202453613,
      "train_residual_linf": 2.460038423538208,
      "eval_residual_linf": 2.4872937202453613
    },
    "layer_3": {
      "train_residual_l2": 0.023938754573464394,
      "eval_residual_l2": 0.024358253926038742,
      "train_residual_linf": 0.023938754573464394,
      "eval_residual_linf": 0.024358253926038742
    }
  },
  "ic": {
    "train": {
      "layer_1": {
        "l2": 0.278705358505249,
        "linf": 0.278705358505249
      },
      "layer_2": {
        "l2": 0.23771260678768158,
        "linf": 0.23771260678768158
      },
      "layer_3": {
        "l2": 0.001374435261823237,
        "linf": 0.001374435261823237
      }
    },
    "eval": {
      "layer_1": {
        "l2": 0.2605098783969879,
        "linf": 0.2605098783969879
      },
      "layer_2": {
        "l2": 0.2922481298446655,
        "linf": 0.2922481298446655
      },
      "layer_3": {
        "l2": 0.0011833042372018099,
        "linf": 0.0011833042372018099
      }
    }
  },
  "bc_value": {
    "train": {
      "layer_1": {
        "l2": 0.30749571323394775,
        "linf": 0.30749571323394775
      },
      "layer_2": {
        "l2": 0.3656509518623352,
        "linf": 0.3656509518623352
      },
      "layer_3": {
        "l2": 0.0037733602803200483,
        "linf": 0.0037733602803200483
      }
    },
    "eval": {
      "layer_1": {
        "l2": 0.32124581933021545,
        "linf": 0.32124581933021545
      },
      "layer_2": {
        "l2": 0.3174082338809967,
        "linf": 0.3174082338809967
      },
      "layer_3": {
        "l2": 0.004548986908048391,
        "linf": 0.004548986908048391
      }
    }
  },
  "bc_derivative": {
    "train": {
      "layer_1": {
        "l2": 2.7584099769592285,
        "linf": 2.7584099769592285
      },
      "layer_2": {
        "l2": 8.190483093261719,
        "linf": 8.190483093261719
      },
      "layer_3": {
        "l2": 0.08425590395927429,
        "linf": 0.08425590395927429
      }
    },
    "eval": {
      "layer_1": {
        "l2": 2.6130788326263428,
        "linf": 2.6130788326263428
      },
      "layer_2": {
        "l2": 7.7838454246521,
        "linf": 7.7838454246521
      },
      "layer_3": {
        "l2": 0.09941259771585464,
        "linf": 0.09941259771585464
      }
    }
  },
  "final_layer_train_residual": 0.023938754573464394,
  "final_layer_eval_residual": 0.024358253926038742,
  "final_layer_train_residual_inf": 0.023938754573464394,
  "final_layer_eval_residual_inf": 0.024358253926038742,
  "final_layer_train_ic": {
    "l2": 0.001374435261823237,
    "linf": 0.001374435261823237
  },
  "final_layer_eval_ic": {
    "l2": 0.0011833042372018099,
    "linf": 0.0011833042372018099
  },
  "final_layer_train_bc_value": {
    "l2": 0.0037733602803200483,
    "linf": 0.0037733602803200483
  },
  "final_layer_eval_bc_value": {
    "l2": 0.004548986908048391,
    "linf": 0.004548986908048391
  },
  "final_layer_train_bc_derivative": {
    "l2": 0.08425590395927429,
    "linf": 0.08425590395927429
  },
  "final_layer_eval_bc_derivative": {
    "l2": 0.09941259771585464,
    "linf": 0.09941259771585464
  }
}