{
  "train_loss_epochs": [
    1,
    2,
    3,
    4,
    5,
    6,
    7,
    8,
    9,
    10
  ],
  "train_loss": [
    0.27804395281928007,
    0.2047981639560021,
    0.12804737252299675,
    0.16267534011858514,
    0.10626414368161932,
    0.109129639796447,
    0.08440590354148299,
    0.06967686195857822,
    0.07219516877084971,
    0.09746098280884326
  ],
  "epochs": [
    1,
    2,
    3,
    4,
    5,
    6,
    7,
    8,
    9,
    10
  ],
  "eval_loss": [
    0.10959763227341075,
    0.08546159858815372,
    0.07643538465102513,
    0.06629629697029789,
    0.05838989047333598,
    0.05416427397479614,
    0.049662183659772076,
    0.05238026939332485,
    0.04873760727544626,
    0.043920562913020454
  ],
  "train_rel_l2": [
    0.9126008480787278,
    0.8859369829297066,
    0.8769722327589988,
    0.8725312992930412,
    0.8663781180977821,
    0.871968001127243,
    0.8685953378677368,
    0.8662061706185341,
    0.8693013802170754,
    0.8770175665616989
  ],
  "eval_rel_l2": [
    2.1973875761032104,
    3.002138336499532,
    2.6502732833226523,
    2.6233153144518533,
    2.1604525645573935,
    2.013074060281118,
    1.7416807611783345,
    1.5082543690999348,
    1.4314763347307842,
    1.4405314723650615
  ],
  "train_inf_norm": [
    3.866940939426422,
    4.088202500343323,
    4.1121236979961395,
    4.163356697559356,
    4.219878053665161,
    4.2971937417984005,
    4.312963062524796,
    4.318586552143097,
    4.4278814673423765,
    4.317670154571533
  ],
  "eval_inf_norm": [
    2.7458350459734597,
    2.9323613544305167,
    2.958491951227188,
    3.00503475467364,
    3.0108980933825173,
    3.0510982275009155,
    3.0628468890984855,
    3.05971896648407,
    3.075860602160295,
    3.048192081352075
  ]
}