{
  "bins": 5,
  "num_classes": 5,
  "num_samples": 4000,
  "layers_analyzed": [
    "layer_1",
    "layer_2",
    "layer_3",
    "layer_4",
    "layer_5"
  ],
  "layer_accuracies": {
    "layer_1": 0.2285,
    "layer_2": 0.317,
    "layer_3": 0.33775,
    "layer_4": 0.39975,
    "layer_5": 0.3305
  },
  "layer_compactness": {
    "layer_1": {
      "intra_class": 0.4044967830181122,
      "intra_class_std": 0.20354350319642364,
      "inter_class_mean": 0.29856178164482117,
      "inter_class_std": 0.3055596649646759
    },
    "layer_2": {
      "intra_class": 0.2521239995956421,
      "intra_class_std": 0.12669442806014822,
      "inter_class_mean": 0.19757898151874542,
      "inter_class_std": 0.17333276569843292
    },
    "layer_3": {
      "intra_class": 0.2832781672477722,
      "intra_class_std": 0.14207981982682605,
      "inter_class_mean": 0.217594176530838,
      "inter_class_std": 0.15635433793067932
    },
    "layer_4": {
      "intra_class": 0.3421806156635284,
      "intra_class_std": 0.17143755672628214,
      "inter_class_mean": 0.2833106517791748,
      "inter_class_std": 0.1844262182712555
    },
    "layer_5": {
      "intra_class": 0.3480224013328552,
      "intra_class_std": 0.17453998149129304,
      "inter_class_mean": 0.3098025918006897,
      "inter_class_std": 0.20470617711544037
    }
  },
  "layer_margins": {
    "layer_1": {
      "mean_margin": -0.1085563451051712,
      "std_margin": 0.17679350078105927,
      "fraction_positive": 0.2285
    },
    "layer_2": {
      "mean_margin": -0.04536936432123184,
      "std_margin": 0.08957724273204803,
      "fraction_positive": 0.317
    },
    "layer_3": {
      "mean_margin": -0.034425437450408936,
      "std_margin": 0.07563991099596024,
      "fraction_positive": 0.33775
    },
    "layer_4": {
      "mean_margin": -0.0378255657851696,
      "std_margin": 0.08907269686460495,
      "fraction_positive": 0.39975
    },
    "layer_5": {
      "mean_margin": -0.0483679436147213,
      "std_margin": 0.0947820246219635,
      "fraction_positive": 0.3305
    }
  }
}