{
  "layers_analyzed": [
    "layer_1",
    "layer_2",
    "layer_3",
    "layer_4",
    "layer_5"
  ],
  "num_layers": 5,
  "train": {
    "layer_1": {
      "h_norm": 0.4234165549278259,
      "residual_norm": 0.49291542172431946,
      "residual_inf_norm": 0.49291542172431946,
      "h_t_norm": 0.4531184136867523,
      "h_x_norm": 0.43185392022132874,
      "h_xx_norm": 0.5510305762290955,
      "h_tt_norm": 0.5602665543556213
    },
    "layer_2": {
      "h_norm": 0.48770323395729065,
      "residual_norm": 4.020707607269287,
      "residual_inf_norm": 4.020707607269287,
      "h_t_norm": 0.9522356390953064,
      "h_x_norm": 0.8131224513053894,
      "h_xx_norm": 2.1182045936584473,
      "h_tt_norm": 3.689116954803467
    },
    "layer_3": {
      "h_norm": 0.41777390241622925,
      "residual_norm": 0.3378083407878876,
      "residual_inf_norm": 0.3378083407878876,
      "h_t_norm": 0.436491996049881,
      "h_x_norm": 0.4012330174446106,
      "h_xx_norm": 0.4299578368663788,
      "h_tt_norm": 0.5420876145362854
    },
    "layer_4": {
      "h_norm": 0.41920211911201477,
      "residual_norm": 0.09332823008298874,
      "residual_inf_norm": 0.09332823008298874,
      "h_t_norm": 0.4199906587600708,
      "h_x_norm": 0.39104437828063965,
      "h_xx_norm": 0.4241415858268738,
      "h_tt_norm": 0.4322003424167633
    },
    "layer_5": {
      "h_norm": 0.41949620842933655,
      "residual_norm": 0.006634109187871218,
      "residual_inf_norm": 0.006634109187871218,
      "h_t_norm": 0.41838937997817993,
      "h_x_norm": 0.3885984718799591,
      "h_xx_norm": 0.4176633954048157,
      "h_tt_norm": 0.41696926951408386
    }
  },
  "eval": {
    "layer_1": {
      "h_norm": 0.42276957631111145,
      "residual_norm": 0.49889758229255676,
      "residual_inf_norm": 0.49889758229255676,
      "h_t_norm": 0.4540870189666748,
      "h_x_norm": 0.43133464455604553,
      "h_xx_norm": 0.5588279962539673,
      "h_tt_norm": 0.5542937517166138
    },
    "layer_2": {
      "h_norm": 0.4816311299800873,
      "residual_norm": 4.151597023010254,
      "residual_inf_norm": 4.151597023010254,
      "h_t_norm": 0.9794079661369324,
      "h_x_norm": 0.8217382431030273,
      "h_xx_norm": 2.117276191711426,
      "h_tt_norm": 3.814142942428589
    },
    "layer_3": {
      "h_norm": 0.41551241278648376,
      "residual_norm": 0.3478664755821228,
      "residual_inf_norm": 0.3478664755821228,
      "h_t_norm": 0.4402497410774231,
      "h_x_norm": 0.40066832304000854,
      "h_xx_norm": 0.42629867792129517,
      "h_tt_norm": 0.553917646408081
    },
    "layer_4": {
      "h_norm": 0.41639986634254456,
      "residual_norm": 0.09182573854923248,
      "residual_inf_norm": 0.09182573854923248,
      "h_t_norm": 0.42125028371810913,
      "h_x_norm": 0.3899727463722229,
      "h_xx_norm": 0.42143428325653076,
      "h_tt_norm": 0.4278864562511444
    },
    "layer_5": {
      "h_norm": 0.41672301292419434,
      "residual_norm": 0.006728318985551596,
      "residual_inf_norm": 0.006728318985551596,
      "h_t_norm": 0.41897672414779663,
      "h_x_norm": 0.3880339562892914,
      "h_xx_norm": 0.4148777425289154,
      "h_tt_norm": 0.41415831446647644
    }
  },
  "layer_norms": {
    "layer_1": {
      "train_residual_l2": 0.49291542172431946,
      "eval_residual_l2": 0.49889758229255676,
      "train_residual_linf": 0.49291542172431946,
      "eval_residual_linf": 0.49889758229255676
    },
    "layer_2": {
      "train_residual_l2": 4.020707607269287,
      "eval_residual_l2": 4.151597023010254,
      "train_residual_linf": 4.020707607269287,
      "eval_residual_linf": 4.151597023010254
    },
    "layer_3": {
      "train_residual_l2": 0.3378083407878876,
      "eval_residual_l2": 0.3478664755821228,
      "train_residual_linf": 0.3378083407878876,
      "eval_residual_linf": 0.3478664755821228
    },
    "layer_4": {
      "train_residual_l2": 0.09332823008298874,
      "eval_residual_l2": 0.09182573854923248,
      "train_residual_linf": 0.09332823008298874,
      "eval_residual_linf": 0.09182573854923248
    },
    "layer_5": {
      "train_residual_l2": 0.006634109187871218,
      "eval_residual_l2": 0.006728318985551596,
      "train_residual_linf": 0.006634109187871218,
      "eval_residual_linf": 0.006728318985551596
    }
  },
  "ic": {
    "train": {
      "layer_1": {
        "l2": 0.08879954367876053,
        "linf": 0.08879954367876053
      },
      "layer_2": {
        "l2": 0.8377094268798828,
        "linf": 0.8377094268798828
      },
      "layer_3": {
        "l2": 0.06816145032644272,
        "linf": 0.06816145032644272
      },
      "layer_4": {
        "l2": 0.017868131399154663,
        "linf": 0.017868131399154663
      },
      "layer_5": {
        "l2": 0.0015418113907799125,
        "linf": 0.0015418113907799125
      }
    },
    "eval": {
      "layer_1": {
        "l2": 0.08020076900720596,
        "linf": 0.08020076900720596
      },
      "layer_2": {
        "l2": 0.9025422930717468,
        "linf": 0.9025422930717468
      },
      "layer_3": {
        "l2": 0.08113104104995728,
        "linf": 0.08113104104995728
      },
      "layer_4": {
        "l2": 0.013359366916120052,
        "linf": 0.013359366916120052
      },
      "layer_5": {
        "l2": 0.0019456648733466864,
        "linf": 0.0019456648733466864
      }
    }
  },
  "bc_value": {
    "train": {
      "layer_1": {
        "l2": 1.1921435594558716,
        "linf": 1.1921435594558716
      },
      "layer_2": {
        "l2": 1.5755201578140259,
        "linf": 1.5755201578140259
      },
      "layer_3": {
        "l2": 1.2652676105499268,
        "linf": 1.2652676105499268
      },
      "layer_4": {
        "l2": 1.175585150718689,
        "linf": 1.175585150718689
      },
      "layer_5": {
        "l2": 1.181311845779419,
        "linf": 1.181311845779419
      }
    },
    "eval": {
      "layer_1": {
        "l2": 1.0043401718139648,
        "linf": 1.0043401718139648
      },
      "layer_2": {
        "l2": 1.3058280944824219,
        "linf": 1.3058280944824219
      },
      "layer_3": {
        "l2": 1.1209808588027954,
        "linf": 1.1209808588027954
      },
      "layer_4": {
        "l2": 1.050868272781372,
        "linf": 1.050868272781372
      },
      "layer_5": {
        "l2": 1.0593245029449463,
        "linf": 1.0593245029449463
      }
    }
  },
  "bc_derivative": {
    "train": {
      "layer_1": {
        "l2": 0.6993539333343506,
        "linf": 0.6993539333343506
      },
      "layer_2": {
        "l2": 4.3593621253967285,
        "linf": 4.3593621253967285
      },
      "layer_3": {
        "l2": 0.23346315324306488,
        "linf": 0.23346315324306488
      },
      "layer_4": {
        "l2": 0.16636359691619873,
        "linf": 0.16636359691619873
      },
      "layer_5": {
        "l2": 0.008592125959694386,
        "linf": 0.008592125959694386
      }
    },
    "eval": {
      "layer_1": {
        "l2": 0.738524854183197,
        "linf": 0.738524854183197
      },
      "layer_2": {
        "l2": 4.190931797027588,
        "linf": 4.190931797027588
      },
      "layer_3": {
        "l2": 0.21414639055728912,
        "linf": 0.21414639055728912
      },
      "layer_4": {
        "l2": 0.14814254641532898,
        "linf": 0.14814254641532898
      },
      "layer_5": {
        "l2": 0.00888347253203392,
        "linf": 0.00888347253203392
      }
    }
  },
  "final_layer_train_residual": 0.006634109187871218,
  "final_layer_eval_residual": 0.006728318985551596,
  "final_layer_train_residual_inf": 0.006634109187871218,
  "final_layer_eval_residual_inf": 0.006728318985551596,
  "final_layer_train_ic": {
    "l2": 0.0015418113907799125,
    "linf": 0.0015418113907799125
  },
  "final_layer_eval_ic": {
    "l2": 0.0019456648733466864,
    "linf": 0.0019456648733466864
  },
  "final_layer_train_bc_value": {
    "l2": 1.181311845779419,
    "linf": 1.181311845779419
  },