{
  "layers_analyzed": [
    "layer_1",
    "layer_2",
    "layer_3"
  ],
  "num_layers": 3,
  "train": {
    "layer_1": {
      "h_norm": 0.6645171046257019,
      "h_t_norm": 3.4342448711395264,
      "h_xx_norm": 2.0929040908813477,
      "nonlinear_norm": 1.2985568046569824,
      "residual_norm": 3.1899874210357666
    },
    "layer_2": {
      "h_norm": 1.5633435249328613,
      "h_t_norm": 10.009289741516113,
      "h_xx_norm": 11.52871322631836,
      "nonlinear_norm": 14.175093650817871,
      "residual_norm": 18.235511779785156
    },
    "layer_3": {
      "h_norm": 1.6919916868209839,
      "h_t_norm": 10.225135803222656,
      "h_xx_norm": 13.475292205810547,
      "nonlinear_norm": 19.762216567993164,
      "residual_norm": 23.213882446289062
    }
  },
  "eval": {
    "layer_1": {
      "h_norm": 0.6980016827583313,
      "h_t_norm": 3.7230939865112305,
      "h_xx_norm": 2.2810208797454834,
      "nonlinear_norm": 1.467299222946167,
      "residual_norm": 3.4797613620758057
    },
    "layer_2": {
      "h_norm": 1.6540251970291138,
      "h_t_norm": 10.698474884033203,
      "h_xx_norm": 12.078410148620605,
      "nonlinear_norm": 16.42459487915039,
      "residual_norm": 20.249977111816406
    },
    "layer_3": {
      "h_norm": 1.7339705228805542,
      "h_t_norm": 10.723295211791992,
      "h_xx_norm": 13.783203125,
      "nonlinear_norm": 24.36635971069336,
      "residual_norm": 27.99553871154785
    }
  },
  "layer_norms": {
    "layer_1": {
      "train_residual": 3.1899874210357666,
      "eval_residual": 3.4797613620758057
    },
    "layer_2": {
      "train_residual": 18.235511779785156,
      "eval_residual": 20.249977111816406
    },
    "layer_3": {
      "train_residual": 23.213882446289062,
      "eval_residual": 27.99553871154785
    }
  },
  "final_layer_train_residual": 23.213882446289062,
  "final_layer_eval_residual": 27.99553871154785
}