{
  "bins": 5,
  "num_classes": 5,
  "num_samples": 4000,
  "layers_analyzed": [
    "layer_1",
    "layer_2",
    "layer_3",
    "layer_4",
    "layer_5"
  ],
  "layer_accuracies": {
    "layer_1": 0.22775,
    "layer_2": 0.29775,
    "layer_3": 0.2895,
    "layer_4": 0.37275,
    "layer_5": 0.329
  },
  "layer_compactness": {
    "layer_1": {
      "intra_class": 0.40457949638366697,
      "intra_class_std": 0.20357979352845432,
      "inter_class_mean": 0.2985251843929291,
      "inter_class_std": 0.3066003620624542
    },
    "layer_2": {
      "intra_class": 0.24128745794296264,
      "intra_class_std": 0.12130182391920924,
      "inter_class_mean": 0.18830370903015137,
      "inter_class_std": 0.1705370545387268
    },
    "layer_3": {
      "intra_class": 0.2657477080821991,
      "intra_class_std": 0.1333166108853404,
      "inter_class_mean": 0.20339500904083252,
      "inter_class_std": 0.15559622645378113
    },
    "layer_4": {
      "intra_class": 0.3254829287528992,
      "intra_class_std": 0.16317768258121848,
      "inter_class_mean": 0.270569771528244,
      "inter_class_std": 0.18940632045269012
    },
    "layer_5": {
      "intra_class": 0.33636125922203064,
      "intra_class_std": 0.16882067183401822,
      "inter_class_mean": 0.2966662347316742,
      "inter_class_std": 0.19985750317573547
    }
  },
  "layer_margins": {
    "layer_1": {
      "mean_margin": -0.10976123809814453,
      "std_margin": 0.17842936515808105,
      "fraction_positive": 0.22775
    },
    "layer_2": {
      "mean_margin": -0.047491274774074554,
      "std_margin": 0.09016598761081696,
      "fraction_positive": 0.29775
    },
    "layer_3": {
      "mean_margin": -0.03634735941886902,
      "std_margin": 0.07581879943609238,
      "fraction_positive": 0.2895
    },
    "layer_4": {
      "mean_margin": -0.0413224957883358,
      "std_margin": 0.09375747293233871,
      "fraction_positive": 0.37275
    },
    "layer_5": {
      "mean_margin": -0.05118092894554138,
      "std_margin": 0.09649637341499329,
      "fraction_positive": 0.329
    }
  }
}