{
  "bins": 5,
  "num_classes": 5,
  "num_samples": 4000,
  "layers_analyzed": [
    "layer_1",
    "layer_2",
    "layer_3",
    "layer_4",
    "layer_5",
    "layer_6",
    "layer_7"
  ],
  "layer_accuracies": {
    "layer_1": 0.22175,
    "layer_2": 0.2605,
    "layer_3": 0.279,
    "layer_4": 0.33075,
    "layer_5": 0.3625,
    "layer_6": 0.44375,
    "layer_7": 0.447
  },
  "layer_compactness": {
    "layer_1": {
      "intra_class": 0.4019272029399872,
      "intra_class_std": 0.20254451712165242,
      "inter_class_mean": 0.3058710992336273,
      "inter_class_std": 0.3129713237285614
    },
    "layer_2": {
      "intra_class": 0.18935389816761017,
      "intra_class_std": 0.0956136893520601,
      "inter_class_mean": 0.14335161447525024,
      "inter_class_std": 0.13478179275989532
    },
    "layer_3": {
      "intra_class": 0.1328403025865555,
      "intra_class_std": 0.06707739198816119,
      "inter_class_mean": 0.10677368938922882,
      "inter_class_std": 0.08984095603227615
    },
    "layer_4": {
      "intra_class": 0.1219144731760025,
      "intra_class_std": 0.06133288927087963,
      "inter_class_mean": 0.10126699507236481,
      "inter_class_std": 0.06558798998594284
    },
    "layer_5": {
      "intra_class": 0.13054190576076508,
      "intra_class_std": 0.06588069991962636,
      "inter_class_mean": 0.11347077041864395,
      "inter_class_std": 0.054687656462192535
    },
    "layer_6": {
      "intra_class": 0.16610382497310638,
      "intra_class_std": 0.08576299584307685,
      "inter_class_mean": 0.11605166643857956,
      "inter_class_std": 0.0521651990711689
    },
    "layer_7": {
      "intra_class": 0.20432684421539307,
      "intra_class_std": 0.10736475046726604,
      "inter_class_mean": 0.14888031780719757,
      "inter_class_std": 0.0744311511516571
    }
  },
  "layer_margins": {
    "layer_1": {
      "mean_margin": -0.10486935824155807,
      "std_margin": 0.1775156408548355,
      "fraction_positive": 0.22175
    },
    "layer_2": {
      "mean_margin": -0.04432199150323868,
      "std_margin": 0.07464022189378738,
      "fraction_positive": 0.2605
    },
    "layer_3": {
      "mean_margin": -0.033331528306007385,
      "std_margin": 0.05633019655942917,
      "fraction_positive": 0.279
    },
    "layer_4": {
      "mean_margin": -0.027690645307302475,
      "std_margin": 0.04675429314374924,
      "fraction_positive": 0.33075
    },
    "layer_5": {
      "mean_margin": -0.016451042145490646,
      "std_margin": 0.03413062170147896,
      "fraction_positive": 0.3625
    },
    "layer_6": {
      "mean_margin": -0.005197219550609589,
      "std_margin": 0.023478291928768158,
      "fraction_positive": 0.44375
    },
    "layer_7": {
      "mean_margin": -0.006283435970544815,
      "std_margin": 0.030454281717538834,
      "fraction_positive": 0.447
    }
  }
}