{
  "layers_analyzed": [
    "layer_1",
    "layer_2",
    "layer_3",
    "layer_4",
    "layer_5",
    "layer_6",
    "layer_7"
  ],
  "num_layers": 7,
  "train": {
    "layer_1": {
      "h_norm": 0.4093027710914612,
      "residual_norm": 0.20020747184753418,
      "residual_inf_norm": 0.20020747184753418,
      "h_t_norm": 0.4405028820037842,
      "h_x_norm": 0.40121322870254517,
      "h_xx_norm": 0.39730027318000793,
      "h_tt_norm": 0.47968196868896484
    },
    "layer_2": {
      "h_norm": 0.4054949879646301,
      "residual_norm": 0.3135503828525543,
      "residual_inf_norm": 0.3135503828525543,
      "h_t_norm": 0.45825716853141785,
      "h_x_norm": 0.40479859709739685,
      "h_xx_norm": 0.4540332853794098,
      "h_tt_norm": 0.5645471215248108
    },
    "layer_3": {
      "h_norm": 0.4056905508041382,
      "residual_norm": 0.35237160325050354,
      "residual_inf_norm": 0.35237160325050354,
      "h_t_norm": 0.462615042924881,
      "h_x_norm": 0.40099596977233887,
      "h_xx_norm": 0.39682459831237793,
      "h_tt_norm": 0.5941027402877808
    },
    "layer_4": {
      "h_norm": 0.4132280647754669,
      "residual_norm": 0.41320064663887024,
      "residual_inf_norm": 0.41320064663887024,
      "h_t_norm": 0.4491783380508423,
      "h_x_norm": 0.4202606678009033,
      "h_xx_norm": 0.44149520993232727,
      "h_tt_norm": 0.5694799423217773
    },
    "layer_5": {
      "h_norm": 0.4154894948005676,
      "residual_norm": 0.2213871330022812,
      "residual_inf_norm": 0.2213871330022812,
      "h_t_norm": 0.4400595426559448,
      "h_x_norm": 0.4121667444705963,
      "h_xx_norm": 0.46372050046920776,
      "h_tt_norm": 0.4355235695838928
    },
    "layer_6": {
      "h_norm": 0.4184405505657196,
      "residual_norm": 0.09756986796855927,
      "residual_inf_norm": 0.09756986796855927,
      "h_t_norm": 0.42309024930000305,
      "h_x_norm": 0.3890022337436676,
      "h_xx_norm": 0.41085439920425415,
      "h_tt_norm": 0.4187173545360565
    },
    "layer_7": {
      "h_norm": 0.418870747089386,
      "residual_norm": 0.04155055060982704,
      "residual_inf_norm": 0.04155055060982704,
      "h_t_norm": 0.41837620735168457,
      "h_x_norm": 0.39075344800949097,
      "h_xx_norm": 0.4118344187736511,
      "h_tt_norm": 0.4199223518371582
    }
  },
  "eval": {
    "layer_1": {
      "h_norm": 0.40727072954177856,
      "residual_norm": 0.20264184474945068,
      "residual_inf_norm": 0.20264184474945068,
      "h_t_norm": 0.4420033395290375,
      "h_x_norm": 0.39855512976646423,
      "h_xx_norm": 0.3967307209968567,
      "h_tt_norm": 0.48156940937042236
    },
    "layer_2": {
      "h_norm": 0.4050074517726898,
      "residual_norm": 0.3128436803817749,
      "residual_inf_norm": 0.3128436803817749,
      "h_t_norm": 0.46152836084365845,
      "h_x_norm": 0.403878778219223,
      "h_xx_norm": 0.4509665071964264,
      "h_tt_norm": 0.5585336089134216
    },
    "layer_3": {
      "h_norm": 0.40432095527648926,
      "residual_norm": 0.35559216141700745,
      "residual_inf_norm": 0.35559216141700745,
      "h_t_norm": 0.46993646025657654,
      "h_x_norm": 0.39866918325424194,
      "h_xx_norm": 0.392898827791214,
      "h_tt_norm": 0.5920115113258362
    },
    "layer_4": {
      "h_norm": 0.4107479453086853,
      "residual_norm": 0.41982436180114746,
      "residual_inf_norm": 0.41982436180114746,
      "h_t_norm": 0.45194751024246216,
      "h_x_norm": 0.4206961989402771,
      "h_xx_norm": 0.4409784972667694,
      "h_tt_norm": 0.5724788904190063
    },
    "layer_5": {
      "h_norm": 0.4127553403377533,
      "residual_norm": 0.22756719589233398,
      "residual_inf_norm": 0.22756719589233398,
      "h_t_norm": 0.4388289451599121,
      "h_x_norm": 0.4139205515384674,
      "h_xx_norm": 0.4646216034889221,
      "h_tt_norm": 0.43536296486854553
    },
    "layer_6": {
      "h_norm": 0.4157279133796692,
      "residual_norm": 0.09871813654899597,
      "residual_inf_norm": 0.09871813654899597,
      "h_t_norm": 0.42462146282196045,
      "h_x_norm": 0.3882770836353302,
      "h_xx_norm": 0.40865421295166016,
      "h_tt_norm": 0.41644757986068726
    },
    "layer_7": {
      "h_norm": 0.4164368510246277,
      "residual_norm": 0.04164859652519226,
      "residual_inf_norm": 0.04164859652519226,
      "h_t_norm": 0.41957542300224304,
      "h_x_norm": 0.39064523577690125,
      "h_xx_norm": 0.40887635946273804,
      "h_tt_norm": 0.417177677154541
    }
  },
  "layer_norms": {
    "layer_1": {
      "train_residual_l2": 0.20020747184753418,
      "eval_residual_l2": 0.20264184474945068,
      "train_residual_linf": 0.20020747184753418,
      "eval_residual_linf": 0.20264184474945068
    },
    "layer_2": {
      "train_residual_l2": 0.3135503828525543,
      "eval_residual_l2": 0.3128436803817749,
      "train_residual_linf": 0.3135503828525543,
      "eval_residual_linf": 0.3128436803817749
    },
    "layer_3": {
      "train_residual_l2": 0.35237160325050354,
      "eval_residual_l2": 0.35559216141700745,
      "train_residual_linf": 0.35237160325050354,
      "eval_residual_linf": 0.35559216141700745
    },
    "layer_4": {
      "train_residual_l2": 0.41320064663887024,
      "eval_residual_l2": 0.41982436180114746,
      "train_residual_linf": 0.41320064663887024,
      "eval_residual_linf": 0.41982436180114746
    },
    "layer_5": {
      "train_residual_l2": 0.2213871330022812,
      "eval_residual_l2": 0.22756719589233398,
      "train_residual_linf": 0.2213871330022812,
      "eval_residual_linf": 0.22756719589233398
    },
    "layer_6": {
      "train_residual_l2": 0.09756986796855927,
      "eval_residual_l2": 0.09871813654899597,
      "train_residual_linf": 0.09756986796855927,
      "eval_residual_linf": 0.09871813654899597
    },
    "layer_7": {
      "train_residual_l2": 0.04155055060982704,
      "eval_residual_l2": 0.04164859652519226,
      "train_residual_linf": 0.04155055060982704,
      "eval_residual_linf": 0.04164859652519226
    }
  },
  "ic": {
    "train": {
      "layer_1": {
        "l2": 0.11353915929794312,
        "linf": 0.11353915929794312
      },
      "layer_2": {
        "l2": 0.14553508162498474,
        "linf": 0.14553508162498474
      },
      "layer_3": {
        "l2": 0.1991620808839798,
        "linf": 0.1991620808839798
      },
      "layer_4": {
        "l2": 0.1578942835330963,
        "linf": 0.1578942835330963
      },
      "layer_5": {
        "l2": 0.0849030390381813,
        "linf": 0.0849030390381813
      },
      "layer_6": {
        "l2": 0.06353981047868729,
        "linf": 0.06353981047868729
      },
      "layer_7": {
        "l2": 0.012748364359140396,
        "linf": 0.012748364359140396
      }
    },
    "eval": {
      "layer_1": {
        "l2": 0.11701603978872299,
        "linf": 0.11701603978872299
      },
      "layer_2": {
        "l2": 0.17331935465335846,
        "linf": 0.17331935465335846
      },
      "layer_3": {
        "l2": 0.18277908861637115,
        "linf": 0.18277908861637115
      },
      "layer_4": {
        "l2": 0.13281115889549255,
        "linf": 0.13281115889549255
      },
      "layer_5": {
        "l2": 0.07798220962285995,
        "linf": 0.07798220962285995
      },
      "layer_6": {
        "l2": 0.06882932782173157,
        "linf": 0.06882932782173157
      },
      "layer_7": {
        "l2": 0.013343590311706066,
        "linf": 0.013343590311706066
      }
    }
  },
  "bc_value": {
    "train": {
      "layer_1": {
        "l2": 0.14949002861976624,
        "linf": 0.14949002861976624
      },
      "layer_2": {
        "l2": 0.1505972146987915,
        "linf": 0.1505972146987915
      },
      "layer_3": {
        "l2": 0.14134854078292847,
        "linf": 0.14134854078292847
      },
      "layer_4": {
        "l2": 0.20845717191696167,
        "linf": 0.20845717191696167
      },
      "layer_5": {
        "l2": 0.14831501245498657,
        "linf": 0.14831501245498657
      },