{
  "layers_analyzed": [
    "layer_1",
    "layer_2",
    "layer_3",
    "layer_4",
    "layer_5",
    "layer_6",
    "layer_7"
  ],
  "num_layers": 7,
  "train": {
    "layer_1": {
      "h_norm": 0.4097267985343933,
      "residual_norm": 0.3524813950061798,
      "residual_inf_norm": 0.3524813950061798,
      "h_t_norm": 0.4497314989566803,
      "h_x_norm": 0.4102533161640167,
      "h_xx_norm": 0.3489733040332794,
      "h_tt_norm": 0.5081709027290344
    },
    "layer_2": {
      "h_norm": 0.4138196110725403,
      "residual_norm": 0.31782442331314087,
      "residual_inf_norm": 0.31782442331314087,
      "h_t_norm": 0.4499357044696808,
      "h_x_norm": 0.409458726644516,
      "h_xx_norm": 0.3855040967464447,
      "h_tt_norm": 0.5072165727615356
    },
    "layer_3": {
      "h_norm": 0.4083240330219269,
      "residual_norm": 0.2524738013744354,
      "residual_inf_norm": 0.2524738013744354,
      "h_t_norm": 0.4431590735912323,
      "h_x_norm": 0.40474632382392883,
      "h_xx_norm": 0.36065706610679626,
      "h_tt_norm": 0.4620668292045593
    },
    "layer_4": {
      "h_norm": 0.4099349081516266,
      "residual_norm": 0.2717323899269104,
      "residual_inf_norm": 0.2717323899269104,
      "h_t_norm": 0.44335395097732544,
      "h_x_norm": 0.40643176436424255,
      "h_xx_norm": 0.3857879042625427,
      "h_tt_norm": 0.44951462745666504
    },
    "layer_5": {
      "h_norm": 0.4163515269756317,
      "residual_norm": 0.13962282240390778,
      "residual_inf_norm": 0.13962282240390778,
      "h_t_norm": 0.43217065930366516,
      "h_x_norm": 0.3974582850933075,
      "h_xx_norm": 0.39204350113868713,
      "h_tt_norm": 0.4174266457557678
    },
    "layer_6": {
      "h_norm": 0.41381046175956726,
      "residual_norm": 0.09815377742052078,
      "residual_inf_norm": 0.09815377742052078,
      "h_t_norm": 0.4270067811012268,
      "h_x_norm": 0.393915593624115,
      "h_xx_norm": 0.39906349778175354,
      "h_tt_norm": 0.39147889614105225
    },
    "layer_7": {
      "h_norm": 0.41906002163887024,
      "residual_norm": 0.05374119430780411,
      "residual_inf_norm": 0.05374119430780411,
      "h_t_norm": 0.4175606071949005,
      "h_x_norm": 0.3915587365627289,
      "h_xx_norm": 0.4102698564529419,
      "h_tt_norm": 0.431504487991333
    }
  },
  "eval": {
    "layer_1": {
      "h_norm": 0.40937668085098267,
      "residual_norm": 0.3628963232040405,
      "residual_inf_norm": 0.3628963232040405,
      "h_t_norm": 0.45336154103279114,
      "h_x_norm": 0.41142934560775757,
      "h_xx_norm": 0.34444141387939453,
      "h_tt_norm": 0.5158324837684631
    },
    "layer_2": {
      "h_norm": 0.41173693537712097,
      "residual_norm": 0.3176896572113037,
      "residual_inf_norm": 0.3176896572113037,
      "h_t_norm": 0.45555874705314636,
      "h_x_norm": 0.4081319570541382,
      "h_xx_norm": 0.3800160586833954,
      "h_tt_norm": 0.5035569071769714
    },
    "layer_3": {
      "h_norm": 0.4065672755241394,
      "residual_norm": 0.2541132867336273,
      "residual_inf_norm": 0.2541132867336273,
      "h_t_norm": 0.4476136863231659,
      "h_x_norm": 0.40561774373054504,
      "h_xx_norm": 0.358012318611145,
      "h_tt_norm": 0.46349000930786133
    },
    "layer_4": {
      "h_norm": 0.40870654582977295,
      "residual_norm": 0.2708747982978821,
      "residual_inf_norm": 0.2708747982978821,
      "h_t_norm": 0.44490256905555725,
      "h_x_norm": 0.40463560819625854,
      "h_xx_norm": 0.38506394624710083,
      "h_tt_norm": 0.44973495602607727
    },
    "layer_5": {
      "h_norm": 0.41468754410743713,
      "residual_norm": 0.13739743828773499,
      "residual_inf_norm": 0.13739743828773499,
      "h_t_norm": 0.4333280026912689,
      "h_x_norm": 0.3969673812389374,
      "h_xx_norm": 0.39033716917037964,
      "h_tt_norm": 0.4159815311431885
    },
    "layer_6": {
      "h_norm": 0.4112609326839447,
      "residual_norm": 0.09947699308395386,
      "residual_inf_norm": 0.09947699308395386,
      "h_t_norm": 0.42883944511413574,
      "h_x_norm": 0.3943018317222595,
      "h_xx_norm": 0.3982082009315491,
      "h_tt_norm": 0.3887951970100403
    },
    "layer_7": {
      "h_norm": 0.41717928647994995,
      "residual_norm": 0.05403086915612221,
      "residual_inf_norm": 0.05403086915612221,
      "h_t_norm": 0.4193173050880432,
      "h_x_norm": 0.3909393846988678,
      "h_xx_norm": 0.409639447927475,
      "h_tt_norm": 0.4311888813972473
    }
  },
  "layer_norms": {
    "layer_1": {
      "train_residual_l2": 0.3524813950061798,
      "eval_residual_l2": 0.3628963232040405,
      "train_residual_linf": 0.3524813950061798,
      "eval_residual_linf": 0.3628963232040405
    },
    "layer_2": {
      "train_residual_l2": 0.31782442331314087,
      "eval_residual_l2": 0.3176896572113037,
      "train_residual_linf": 0.31782442331314087,
      "eval_residual_linf": 0.3176896572113037
    },
    "layer_3": {
      "train_residual_l2": 0.2524738013744354,
      "eval_residual_l2": 0.2541132867336273,
      "train_residual_linf": 0.2524738013744354,
      "eval_residual_linf": 0.2541132867336273
    },
    "layer_4": {
      "train_residual_l2": 0.2717323899269104,
      "eval_residual_l2": 0.2708747982978821,
      "train_residual_linf": 0.2717323899269104,
      "eval_residual_linf": 0.2708747982978821
    },
    "layer_5": {
      "train_residual_l2": 0.13962282240390778,
      "eval_residual_l2": 0.13739743828773499,
      "train_residual_linf": 0.13962282240390778,
      "eval_residual_linf": 0.13739743828773499
    },
    "layer_6": {
      "train_residual_l2": 0.09815377742052078,
      "eval_residual_l2": 0.09947699308395386,
      "train_residual_linf": 0.09815377742052078,
      "eval_residual_linf": 0.09947699308395386
    },
    "layer_7": {
      "train_residual_l2": 0.05374119430780411,
      "eval_residual_l2": 0.05403086915612221,
      "train_residual_linf": 0.05374119430780411,
      "eval_residual_linf": 0.05403086915612221
    }
  },
  "ic": {
    "train": {
      "layer_1": {
        "l2": 0.08625470846891403,
        "linf": 0.08625470846891403
      },
      "layer_2": {
        "l2": 0.1288651078939438,
        "linf": 0.1288651078939438
      },
      "layer_3": {
        "l2": 0.1314849704504013,
        "linf": 0.1314849704504013
      },
      "layer_4": {
        "l2": 0.1068466305732727,
        "linf": 0.1068466305732727
      },
      "layer_5": {
        "l2": 0.07585020363330841,
        "linf": 0.07585020363330841
      },
      "layer_6": {
        "l2": 0.07364950329065323,
        "linf": 0.07364950329065323
      },
      "layer_7": {
        "l2": 0.017437515780329704,
        "linf": 0.017437515780329704
      }
    },
    "eval": {
      "layer_1": {
        "l2": 0.09853007644414902,
        "linf": 0.09853007644414902
      },
      "layer_2": {
        "l2": 0.12791195511817932,
        "linf": 0.12791195511817932
      },
      "layer_3": {
        "l2": 0.11454793810844421,
        "linf": 0.11454793810844421
      },
      "layer_4": {
        "l2": 0.07996838539838791,
        "linf": 0.07996838539838791
      },
      "layer_5": {
        "l2": 0.06790605187416077,
        "linf": 0.06790605187416077
      },
      "layer_6": {
        "l2": 0.06423827260732651,
        "linf": 0.06423827260732651
      },
      "layer_7": {
        "l2": 0.018109016120433807,
        "linf": 0.018109016120433807
      }
    }
  },
  "bc_value": {
    "train": {
      "layer_1": {
        "l2": 1.4225234985351562,
        "linf": 1.4225234985351562
      },
      "layer_2": {
        "l2": 1.3161375522613525,
        "linf": 1.3161375522613525
      },
      "layer_3": {
        "l2": 1.3411352634429932,
        "linf": 1.3411352634429932
      },
      "layer_4": {
        "l2": 1.3629618883132935,
        "linf": 1.3629618883132935
      },
      "layer_5": {
        "l2": 1.2432591915130615,
        "linf": 1.2432591915130615
      },
      "layer_6": {
        "l2": 1.2301467657089233,