{
  "layers_analyzed": [
    "layer_1",
    "layer_2",
    "layer_3",
    "layer_4",
    "layer_5"
  ],
  "num_layers": 5,
  "train": {
    "layer_1": {
      "h_norm": 0.4076327085494995,
      "residual_norm": 0.4509488046169281,
      "residual_inf_norm": 0.4509488046169281,
      "h_t_norm": 0.4636944830417633,
      "h_x_norm": 0.4163847863674164,
      "h_xx_norm": 0.3548625409603119,
      "h_tt_norm": 0.5458847284317017
    },
    "layer_2": {
      "h_norm": 0.39725255966186523,
      "residual_norm": 0.37842899560928345,
      "residual_inf_norm": 0.37842899560928345,
      "h_t_norm": 0.4553264081478119,
      "h_x_norm": 0.42203637957572937,
      "h_xx_norm": 0.396840900182724,
      "h_tt_norm": 0.40579721331596375
    },
    "layer_3": {
      "h_norm": 0.41264158487319946,
      "residual_norm": 0.24678589403629303,
      "residual_inf_norm": 0.24678589403629303,
      "h_t_norm": 0.4469457268714905,
      "h_x_norm": 0.4017510414123535,
      "h_xx_norm": 0.42528456449508667,
      "h_tt_norm": 0.40465497970581055
    },
    "layer_4": {
      "h_norm": 0.41751837730407715,
      "residual_norm": 0.14631706476211548,
      "residual_inf_norm": 0.14631706476211548,
      "h_t_norm": 0.42170724272727966,
      "h_x_norm": 0.4000234007835388,
      "h_xx_norm": 0.4229317605495453,
      "h_tt_norm": 0.4114542007446289
    },
    "layer_5": {
      "h_norm": 0.4196712374687195,
      "residual_norm": 0.005670805927366018,
      "residual_inf_norm": 0.005670805927366018,
      "h_t_norm": 0.4179116487503052,
      "h_x_norm": 0.3886725604534149,
      "h_xx_norm": 0.4188579022884369,
      "h_tt_norm": 0.4186962842941284
    }
  },
  "eval": {
    "layer_1": {
      "h_norm": 0.40790948271751404,
      "residual_norm": 0.44943708181381226,
      "residual_inf_norm": 0.44943708181381226,
      "h_t_norm": 0.46634441614151,
      "h_x_norm": 0.4163559675216675,
      "h_xx_norm": 0.3526744842529297,
      "h_tt_norm": 0.542705237865448
    },
    "layer_2": {
      "h_norm": 0.3969283103942871,
      "residual_norm": 0.3813655972480774,
      "residual_inf_norm": 0.3813655972480774,
      "h_t_norm": 0.4558127224445343,
      "h_x_norm": 0.4242185652256012,
      "h_xx_norm": 0.39564335346221924,
      "h_tt_norm": 0.4066375195980072
    },
    "layer_3": {
      "h_norm": 0.4101959466934204,
      "residual_norm": 0.24885079264640808,
      "residual_inf_norm": 0.24885079264640808,
      "h_t_norm": 0.44942063093185425,
      "h_x_norm": 0.4010135531425476,
      "h_xx_norm": 0.4243726134300232,
      "h_tt_norm": 0.4044021964073181
    },
    "layer_4": {
      "h_norm": 0.41515758633613586,
      "residual_norm": 0.14851824939250946,
      "residual_inf_norm": 0.14851824939250946,
      "h_t_norm": 0.42337435483932495,
      "h_x_norm": 0.3990418016910553,
      "h_xx_norm": 0.42465147376060486,
      "h_tt_norm": 0.40922290086746216
    },
    "layer_5": {
      "h_norm": 0.4169585406780243,
      "residual_norm": 0.0057218726724386215,
      "residual_inf_norm": 0.0057218726724386215,
      "h_t_norm": 0.418486088514328,
      "h_x_norm": 0.38804954290390015,
      "h_xx_norm": 0.4164295494556427,
      "h_tt_norm": 0.41615691781044006
    }
  },
  "layer_norms": {
    "layer_1": {
      "train_residual_l2": 0.4509488046169281,
      "eval_residual_l2": 0.44943708181381226,
      "train_residual_linf": 0.4509488046169281,
      "eval_residual_linf": 0.44943708181381226
    },
    "layer_2": {
      "train_residual_l2": 0.37842899560928345,
      "eval_residual_l2": 0.3813655972480774,
      "train_residual_linf": 0.37842899560928345,
      "eval_residual_linf": 0.3813655972480774
    },
    "layer_3": {
      "train_residual_l2": 0.24678589403629303,
      "eval_residual_l2": 0.24885079264640808,
      "train_residual_linf": 0.24678589403629303,
      "eval_residual_linf": 0.24885079264640808
    },
    "layer_4": {
      "train_residual_l2": 0.14631706476211548,
      "eval_residual_l2": 0.14851824939250946,
      "train_residual_linf": 0.14631706476211548,
      "eval_residual_linf": 0.14851824939250946
    },
    "layer_5": {
      "train_residual_l2": 0.005670805927366018,
      "eval_residual_l2": 0.0057218726724386215,
      "train_residual_linf": 0.005670805927366018,
      "eval_residual_linf": 0.0057218726724386215
    }
  },
  "ic": {
    "train": {
      "layer_1": {
        "l2": 0.1353653073310852,
        "linf": 0.1353653073310852
      },
      "layer_2": {
        "l2": 0.17011220753192902,
        "linf": 0.17011220753192902
      },
      "layer_3": {
        "l2": 0.08774003386497498,
        "linf": 0.08774003386497498
      },
      "layer_4": {
        "l2": 0.03844941407442093,
        "linf": 0.03844941407442093
      },
      "layer_5": {
        "l2": 0.0019533976446837187,
        "linf": 0.0019533976446837187
      }
    },
    "eval": {
      "layer_1": {
        "l2": 0.12406417727470398,
        "linf": 0.12406417727470398
      },
      "layer_2": {
        "l2": 0.19050882756710052,
        "linf": 0.19050882756710052
      },
      "layer_3": {
        "l2": 0.08780183643102646,
        "linf": 0.08780183643102646
      },
      "layer_4": {
        "l2": 0.04127686098217964,
        "linf": 0.04127686098217964
      },
      "layer_5": {
        "l2": 0.002074587857350707,
        "linf": 0.002074587857350707
      }
    }
  },
  "bc_value": {
    "train": {
      "layer_1": {
        "l2": 1.4814873933792114,
        "linf": 1.4814873933792114
      },
      "layer_2": {
        "l2": 1.466578722000122,
        "linf": 1.466578722000122
      },
      "layer_3": {
        "l2": 1.1997913122177124,
        "linf": 1.1997913122177124
      },
      "layer_4": {
        "l2": 1.2312235832214355,
        "linf": 1.2312235832214355
      },
      "layer_5": {
        "l2": 1.181159496307373,
        "linf": 1.181159496307373
      }
    },
    "eval": {
      "layer_1": {
        "l2": 1.3721119165420532,
        "linf": 1.3721119165420532
      },
      "layer_2": {
        "l2": 1.3748035430908203,
        "linf": 1.3748035430908203
      },
      "layer_3": {
        "l2": 1.1251288652420044,
        "linf": 1.1251288652420044
      },
      "layer_4": {
        "l2": 1.1113253831863403,
        "linf": 1.1113253831863403
      },
      "layer_5": {
        "l2": 1.05933678150177,
        "linf": 1.05933678150177
      }
    }
  },
  "bc_derivative": {
    "train": {
      "layer_1": {
        "l2": 0.29849687218666077,
        "linf": 0.29849687218666077
      },
      "layer_2": {
        "l2": 0.18623767793178558,
        "linf": 0.18623767793178558
      },
      "layer_3": {
        "l2": 0.17289404571056366,
        "linf": 0.17289404571056366
      },
      "layer_4": {
        "l2": 0.36275267601013184,
        "linf": 0.36275267601013184
      },
      "layer_5": {
        "l2": 0.011835799552500248,
        "linf": 0.011835799552500248
      }
    },
    "eval": {
      "layer_1": {
        "l2": 0.2892459034919739,
        "linf": 0.2892459034919739
      },
      "layer_2": {
        "l2": 0.21311968564987183,
        "linf": 0.21311968564987183
      },
      "layer_3": {
        "l2": 0.13992410898208618,
        "linf": 0.13992410898208618
      },
      "layer_4": {
        "l2": 0.43222343921661377,
        "linf": 0.43222343921661377
      },
      "layer_5": {
        "l2": 0.014430452138185501,
        "linf": 0.014430452138185501
      }
    }
  },
  "final_layer_train_residual": 0.005670805927366018,
  "final_layer_eval_residual": 0.0057218726724386215,
  "final_layer_train_residual_inf": 0.005670805927366018,
  "final_layer_eval_residual_inf": 0.0057218726724386215,
  "final_layer_train_ic": {
    "l2": 0.0019533976446837187,
    "linf": 0.0019533976446837187
  },
  "final_layer_eval_ic": {
    "l2": 0.002074587857350707,
    "linf": 0.002074587857350707
  },
  "final_layer_train_bc_value": {
    "l2": 1.181159496307373,
    "linf": 1.181159496307373
  },