{
  "layers_analyzed": [
    "layer_1",
    "layer_2",
    "layer_3"
  ],
  "num_layers": 3,
  "train": {
    "rel_l2": [
      2.344059705734253,
      1.6010702848434448,
      0.8254122734069824
    ],
    "inf_norm": [
      11.527180671691895,
      8.1871337890625,
      4.15502405166626
    ]
  },
  "eval": {
    "rel_l2": [
      2.495936393737793,
      1.6171855926513672,
      0.8565336465835571
    ],
    "inf_norm": [
      9.844047546386719,
      8.18511962890625,
      3.4234399795532227
    ]
  },
  "layer_dimensions": {
    "layer_1": 140,
    "layer_2": 140,
    "layer_3": 140
  }
}