{
  "train_loss_epochs": [
    1,
    2,
    3,
    4,
    5,
    6,
    7,
    8,
    9,
    10
  ],
  "train_loss": [
    0.35776013060130935,
    0.2592002814948501,
    0.1284816800558474,
    0.17127761498559266,
    0.11372978781582788,
    0.11841600253246724,
    0.09321271805092693,
    0.07410971145145595,
    0.08065283666364849,
    0.10459379269741476
  ],
  "epochs": [
    1,
    2,
    3,
    4,
    5,
    6,
    7,
    8,
    9,
    10
  ],
  "eval_loss": [
    0.1427938471606467,
    0.09645888081286103,
    0.07967771232749025,
    0.06972500278304021,
    0.06207012198865414,
    0.05539529211819172,
    0.05220731565107902,
    0.0632772957906127,
    0.05076651771863302,
    0.046855298802256584
  ],
  "train_rel_l2": [
    0.9628847718238831,
    0.8984939485788346,
    0.8807711467146874,
    0.8751084342598915,
    0.8679517731070518,
    0.873671704530716,
    0.8707833245396615,
    0.8700895324349404,
    0.8694043323397637,
    0.8770454198122024
  ],
  "eval_rel_l2": [
    1.3259020646413167,
    2.096327324708303,
    2.5594974358876548,
    2.5743244290351868,
    2.1945464412371316,
    2.131688396135966,
    1.958958903948466,
    1.8313286105791728,
    1.5779627561569214,
    1.4944135944048564
  ],
  "train_inf_norm": [
    3.686657589673996,
    3.9325338780879973,
    4.085164713859558,
    4.117570501565933,
    4.167016392946243,
    4.263810962438583,
    4.279695785045623,
    4.292389518022537,
    4.399685996770859,
    4.288543808460235
  ],
  "eval_inf_norm": [
    2.571418466667334,
    2.773515353600184,
    2.9397970338662467,
    2.970855047305425,
    2.9816801150639853,
    3.025035878022512,
    3.045564576983452,
    3.0708043376604715,
    3.070810377597809,
    3.0234316761295
  ]
}