{
  "layers_analyzed": [
    "layer_1",
    "layer_2",
    "layer_3",
    "layer_4",
    "layer_5",
    "layer_6",
    "layer_7"
  ],
  "num_layers": 7,
  "train": {
    "layer_1": {
      "h_norm": 0.4174482524394989,
      "residual_norm": 1.0383332967758179,
      "residual_inf_norm": 1.0383332967758179,
      "h_t_norm": 0.5398092269897461,
      "h_x_norm": 0.4352738559246063,
      "h_xx_norm": 0.5225411653518677,
      "h_tt_norm": 1.0837137699127197
    },
    "layer_2": {
      "h_norm": 0.42001381516456604,
      "residual_norm": 1.5959573984146118,
      "residual_inf_norm": 1.5959573984146118,
      "h_t_norm": 0.6029952764511108,
      "h_x_norm": 0.47554367780685425,
      "h_xx_norm": 0.8127405643463135,
      "h_tt_norm": 1.6146366596221924
    },
    "layer_3": {
      "h_norm": 0.4227495491504669,
      "residual_norm": 0.43890565633773804,
      "residual_inf_norm": 0.43890565633773804,
      "h_t_norm": 0.4535885155200958,
      "h_x_norm": 0.4036312699317932,
      "h_xx_norm": 0.49584728479385376,
      "h_tt_norm": 0.6097533106803894
    },
    "layer_4": {
      "h_norm": 0.4186403453350067,
      "residual_norm": 0.16199910640716553,
      "residual_inf_norm": 0.16199910640716553,
      "h_t_norm": 0.42700156569480896,
      "h_x_norm": 0.39115089178085327,
      "h_xx_norm": 0.4136931896209717,
      "h_tt_norm": 0.4355214834213257
    },
    "layer_5": {
      "h_norm": 0.42016977071762085,
      "residual_norm": 0.1494145691394806,
      "residual_inf_norm": 0.1494145691394806,
      "h_t_norm": 0.42268458008766174,
      "h_x_norm": 0.3915621340274811,
      "h_xx_norm": 0.43067875504493713,
      "h_tt_norm": 0.4249516427516937
    },
    "layer_6": {
      "h_norm": 0.41944044828414917,
      "residual_norm": 0.06864673644304276,
      "residual_inf_norm": 0.06864673644304276,
      "h_t_norm": 0.4188418388366699,
      "h_x_norm": 0.3904995918273926,
      "h_xx_norm": 0.42202243208885193,
      "h_tt_norm": 0.4243753254413605
    },
    "layer_7": {
      "h_norm": 0.41967618465423584,
      "residual_norm": 0.0007167771691456437,
      "residual_inf_norm": 0.0007167771691456437,
      "h_t_norm": 0.4175935983657837,
      "h_x_norm": 0.38834166526794434,
      "h_xx_norm": 0.41929933428764343,
      "h_tt_norm": 0.4193362593650818
    }
  },
  "eval": {
    "layer_1": {
      "h_norm": 0.41617995500564575,
      "residual_norm": 1.044459342956543,
      "residual_inf_norm": 1.044459342956543,
      "h_t_norm": 0.5390081405639648,
      "h_x_norm": 0.43722325563430786,
      "h_xx_norm": 0.5238158106803894,
      "h_tt_norm": 1.0963996648788452
    },
    "layer_2": {
      "h_norm": 0.4188477396965027,
      "residual_norm": 1.6460918188095093,
      "residual_inf_norm": 1.6460918188095093,
      "h_t_norm": 0.6042141318321228,
      "h_x_norm": 0.477285772562027,
      "h_xx_norm": 0.8201883435249329,
      "h_tt_norm": 1.6549663543701172
    },
    "layer_3": {
      "h_norm": 0.4200044274330139,
      "residual_norm": 0.4396938681602478,
      "residual_inf_norm": 0.4396938681602478,
      "h_t_norm": 0.4552616775035858,
      "h_x_norm": 0.4006194472312927,
      "h_xx_norm": 0.496444970369339,
      "h_tt_norm": 0.6022462248802185
    },
    "layer_4": {
      "h_norm": 0.415944367647171,
      "residual_norm": 0.16277272999286652,
      "residual_inf_norm": 0.16277272999286652,
      "h_t_norm": 0.4290052056312561,
      "h_x_norm": 0.3909885883331299,
      "h_xx_norm": 0.40782618522644043,
      "h_tt_norm": 0.4335440993309021
    },
    "layer_5": {
      "h_norm": 0.41727975010871887,
      "residual_norm": 0.14886720478534698,
      "residual_inf_norm": 0.14886720478534698,
      "h_t_norm": 0.42435744404792786,
      "h_x_norm": 0.3917282819747925,
      "h_xx_norm": 0.4272265136241913,
      "h_tt_norm": 0.42095500230789185
    },
    "layer_6": {
      "h_norm": 0.41661450266838074,
      "residual_norm": 0.06944379955530167,
      "residual_inf_norm": 0.06944379955530167,
      "h_t_norm": 0.41945698857307434,
      "h_x_norm": 0.3898840546607971,
      "h_xx_norm": 0.4188890755176544,
      "h_tt_norm": 0.4207392930984497
    },
    "layer_7": {
      "h_norm": 0.41688060760498047,
      "residual_norm": 0.0007168138981796801,
      "residual_inf_norm": 0.0007168138981796801,
      "h_t_norm": 0.4181631803512573,
      "h_x_norm": 0.38772323727607727,
      "h_xx_norm": 0.4164181351661682,
      "h_tt_norm": 0.41645121574401855
    }
  },
  "layer_norms": {
    "layer_1": {
      "train_residual_l2": 1.0383332967758179,
      "eval_residual_l2": 1.044459342956543,
      "train_residual_linf": 1.0383332967758179,
      "eval_residual_linf": 1.044459342956543
    },
    "layer_2": {
      "train_residual_l2": 1.5959573984146118,
      "eval_residual_l2": 1.6460918188095093,
      "train_residual_linf": 1.5959573984146118,
      "eval_residual_linf": 1.6460918188095093
    },
    "layer_3": {
      "train_residual_l2": 0.43890565633773804,
      "eval_residual_l2": 0.4396938681602478,
      "train_residual_linf": 0.43890565633773804,
      "eval_residual_linf": 0.4396938681602478
    },
    "layer_4": {
      "train_residual_l2": 0.16199910640716553,
      "eval_residual_l2": 0.16277272999286652,
      "train_residual_linf": 0.16199910640716553,
      "eval_residual_linf": 0.16277272999286652
    },
    "layer_5": {
      "train_residual_l2": 0.1494145691394806,
      "eval_residual_l2": 0.14886720478534698,
      "train_residual_linf": 0.1494145691394806,
      "eval_residual_linf": 0.14886720478534698
    },
    "layer_6": {
      "train_residual_l2": 0.06864673644304276,
      "eval_residual_l2": 0.06944379955530167,
      "train_residual_linf": 0.06864673644304276,
      "eval_residual_linf": 0.06944379955530167
    },
    "layer_7": {
      "train_residual_l2": 0.0007167771691456437,
      "eval_residual_l2": 0.0007168138981796801,
      "train_residual_linf": 0.0007167771691456437,
      "eval_residual_linf": 0.0007168138981796801
    }
  },
  "ic": {
    "train": {
      "layer_1": {
        "l2": 0.29964935779571533,
        "linf": 0.29964935779571533
      },
      "layer_2": {
        "l2": 0.32968708872795105,
        "linf": 0.32968708872795105
      },
      "layer_3": {
        "l2": 0.09148740023374557,
        "linf": 0.09148740023374557
      },
      "layer_4": {
        "l2": 0.02599828876554966,
        "linf": 0.02599828876554966
      },
      "layer_5": {
        "l2": 0.02229505218565464,
        "linf": 0.02229505218565464
      },
      "layer_6": {
        "l2": 0.010291419923305511,
        "linf": 0.010291419923305511
      },
      "layer_7": {
        "l2": 0.00012548582162708044,
        "linf": 0.00012548582162708044
      }
    },
    "eval": {
      "layer_1": {
        "l2": 0.27096977829933167,
        "linf": 0.27096977829933167
      },
      "layer_2": {
        "l2": 0.3030015528202057,
        "linf": 0.3030015528202057
      },
      "layer_3": {
        "l2": 0.079505555331707,
        "linf": 0.079505555331707
      },
      "layer_4": {
        "l2": 0.0252164788544178,
        "linf": 0.0252164788544178
      },
      "layer_5": {
        "l2": 0.021288417279720306,
        "linf": 0.021288417279720306
      },
      "layer_6": {
        "l2": 0.00872607622295618,
        "linf": 0.00872607622295618
      },
      "layer_7": {
        "l2": 0.00013181120448280126,
        "linf": 0.00013181120448280126
      }
    }
  },
  "bc_value": {
    "train": {
      "layer_1": {
        "l2": 1.3980865478515625,
        "linf": 1.3980865478515625
      },
      "layer_2": {
        "l2": 1.1515816450119019,
        "linf": 1.1515816450119019
      },
      "layer_3": {
        "l2": 1.2160204648971558,
        "linf": 1.2160204648971558
      },
      "layer_4": {
        "l2": 1.211033821105957,
        "linf": 1.211033821105957
      },
      "layer_5": {
        "l2": 1.174721598625183,
        "linf": 1.174721598625183
      },