{
  "bins": 5,
  "num_classes": 5,
  "num_samples": 4000,
  "layers_analyzed": [
    "layer_1",
    "layer_2",
    "layer_3"
  ],
  "layer_accuracies": {
    "layer_1": 0.52825,
    "layer_2": 0.621,
    "layer_3": 0.615
  },
  "layer_compactness": {
    "layer_1": {
      "intra_class": 0.18227023184299468,
      "intra_class_std": 0.15388463267122135,
      "inter_class_mean": 0.3203515410423279,
      "inter_class_std": 0.1330198049545288
    },
    "layer_2": {
      "intra_class": 0.29820782244205474,
      "intra_class_std": 0.25378733597367953,
      "inter_class_mean": 0.6254060864448547,
      "inter_class_std": 0.2835274338722229
    },
    "layer_3": {
      "intra_class": 0.1712822735309601,
      "intra_class_std": 0.13916176938600414,
      "inter_class_mean": 0.3797915279865265,
      "inter_class_std": 0.1726442128419876
    }
  },
  "layer_margins": {
    "layer_1": {
      "mean_margin": -0.012402852065861225,
      "std_margin": 0.1643993854522705,
      "fraction_positive": 0.52825
    },
    "layer_2": {
      "mean_margin": 0.04171362519264221,
      "std_margin": 0.35045671463012695,
      "fraction_positive": 0.621
    },
    "layer_3": {
      "mean_margin": 0.03533248230814934,
      "std_margin": 0.1892765909433365,
      "fraction_positive": 0.615
    }
  }
}