{
  "layers_analyzed": [
    "layer_1",
    "layer_2",
    "layer_3",
    "layer_4",
    "layer_5",
    "layer_6",
    "layer_7"
  ],
  "num_layers": 7,
  "train": {
    "layer_1": {
      "h_norm": 0.4142110049724579,
      "residual_norm": 0.6114845871925354,
      "residual_inf_norm": 0.6114845871925354,
      "h_t_norm": 0.4746285080909729,
      "h_x_norm": 0.40729954838752747,
      "h_xx_norm": 0.44648146629333496,
      "h_tt_norm": 0.6973121762275696
    },
    "layer_2": {
      "h_norm": 0.4186649024486542,
      "residual_norm": 0.44825059175491333,
      "residual_inf_norm": 0.44825059175491333,
      "h_t_norm": 0.4443853497505188,
      "h_x_norm": 0.4084968566894531,
      "h_xx_norm": 0.439091295003891,
      "h_tt_norm": 0.5812778472900391
    },
    "layer_3": {
      "h_norm": 0.4155174195766449,
      "residual_norm": 0.40378662943840027,
      "residual_inf_norm": 0.40378662943840027,
      "h_t_norm": 0.45020952820777893,
      "h_x_norm": 0.4066239297389984,
      "h_xx_norm": 0.41964423656463623,
      "h_tt_norm": 0.492525577545166
    },
    "layer_4": {
      "h_norm": 0.4183315336704254,
      "residual_norm": 0.27737265825271606,
      "residual_inf_norm": 0.27737265825271606,
      "h_t_norm": 0.4458392560482025,
      "h_x_norm": 0.38895392417907715,
      "h_xx_norm": 0.4413100779056549,
      "h_tt_norm": 0.43794864416122437
    },
    "layer_5": {
      "h_norm": 0.4199151396751404,
      "residual_norm": 0.21441106498241425,
      "residual_inf_norm": 0.21441106498241425,
      "h_t_norm": 0.4250343143939972,
      "h_x_norm": 0.39761286973953247,
      "h_xx_norm": 0.4444517195224762,
      "h_tt_norm": 0.4380512237548828
    },
    "layer_6": {
      "h_norm": 0.42058274149894714,
      "residual_norm": 0.10179167985916138,
      "residual_inf_norm": 0.10179167985916138,
      "h_t_norm": 0.4186687767505646,
      "h_x_norm": 0.3884541690349579,
      "h_xx_norm": 0.423857182264328,
      "h_tt_norm": 0.4267253279685974
    },
    "layer_7": {
      "h_norm": 0.4194757044315338,
      "residual_norm": 0.00806379783898592,
      "residual_inf_norm": 0.00806379783898592,
      "h_t_norm": 0.41815945506095886,
      "h_x_norm": 0.38887590169906616,
      "h_xx_norm": 0.41858968138694763,
      "h_tt_norm": 0.41697704792022705
    }
  },
  "eval": {
    "layer_1": {
      "h_norm": 0.4126189351081848,
      "residual_norm": 0.6102074980735779,
      "residual_inf_norm": 0.6102074980735779,
      "h_t_norm": 0.47569817304611206,
      "h_x_norm": 0.40840595960617065,
      "h_xx_norm": 0.4421423375606537,
      "h_tt_norm": 0.6970706582069397
    },
    "layer_2": {
      "h_norm": 0.416871041059494,
      "residual_norm": 0.4516357481479645,
      "residual_inf_norm": 0.4516357481479645,
      "h_t_norm": 0.44615206122398376,
      "h_x_norm": 0.4086131751537323,
      "h_xx_norm": 0.4398525357246399,
      "h_tt_norm": 0.5777370929718018
    },
    "layer_3": {
      "h_norm": 0.41344770789146423,
      "residual_norm": 0.41314828395843506,
      "residual_inf_norm": 0.41314828395843506,
      "h_t_norm": 0.45001551508903503,
      "h_x_norm": 0.4071476459503174,
      "h_xx_norm": 0.41568872332572937,
      "h_tt_norm": 0.49481281638145447
    },
    "layer_4": {
      "h_norm": 0.4160170555114746,
      "residual_norm": 0.27730098366737366,
      "residual_inf_norm": 0.27730098366737366,
      "h_t_norm": 0.4432465434074402,
      "h_x_norm": 0.38884517550468445,
      "h_xx_norm": 0.4361918866634369,
      "h_tt_norm": 0.43469130992889404
    },
    "layer_5": {
      "h_norm": 0.41746383905410767,
      "residual_norm": 0.214548721909523,
      "residual_inf_norm": 0.214548721909523,
      "h_t_norm": 0.4257764220237732,
      "h_x_norm": 0.397316575050354,
      "h_xx_norm": 0.4449995160102844,
      "h_tt_norm": 0.43633177876472473
    },
    "layer_6": {
      "h_norm": 0.41773679852485657,
      "residual_norm": 0.10423953831195831,
      "residual_inf_norm": 0.10423953831195831,
      "h_t_norm": 0.4198318421840668,
      "h_x_norm": 0.3879839777946472,
      "h_xx_norm": 0.42071306705474854,
      "h_tt_norm": 0.42427998781204224
    },
    "layer_7": {
      "h_norm": 0.4166611135005951,
      "residual_norm": 0.007946732454001904,
      "residual_inf_norm": 0.007946732454001904,
      "h_t_norm": 0.41878432035446167,
      "h_x_norm": 0.3883979320526123,
      "h_xx_norm": 0.41542866826057434,
      "h_tt_norm": 0.4137183725833893
    }
  },
  "layer_norms": {
    "layer_1": {
      "train_residual_l2": 0.6114845871925354,
      "eval_residual_l2": 0.6102074980735779,
      "train_residual_linf": 0.6114845871925354,
      "eval_residual_linf": 0.6102074980735779
    },
    "layer_2": {
      "train_residual_l2": 0.44825059175491333,
      "eval_residual_l2": 0.4516357481479645,
      "train_residual_linf": 0.44825059175491333,
      "eval_residual_linf": 0.4516357481479645
    },
    "layer_3": {
      "train_residual_l2": 0.40378662943840027,
      "eval_residual_l2": 0.41314828395843506,
      "train_residual_linf": 0.40378662943840027,
      "eval_residual_linf": 0.41314828395843506
    },
    "layer_4": {
      "train_residual_l2": 0.27737265825271606,
      "eval_residual_l2": 0.27730098366737366,
      "train_residual_linf": 0.27737265825271606,
      "eval_residual_linf": 0.27730098366737366
    },
    "layer_5": {
      "train_residual_l2": 0.21441106498241425,
      "eval_residual_l2": 0.214548721909523,
      "train_residual_linf": 0.21441106498241425,
      "eval_residual_linf": 0.214548721909523
    },
    "layer_6": {
      "train_residual_l2": 0.10179167985916138,
      "eval_residual_l2": 0.10423953831195831,
      "train_residual_linf": 0.10179167985916138,
      "eval_residual_linf": 0.10423953831195831
    },
    "layer_7": {
      "train_residual_l2": 0.00806379783898592,
      "eval_residual_l2": 0.007946732454001904,
      "train_residual_linf": 0.00806379783898592,
      "eval_residual_linf": 0.007946732454001904
    }
  },
  "ic": {
    "train": {
      "layer_1": {
        "l2": 0.14673037827014923,
        "linf": 0.14673037827014923
      },
      "layer_2": {
        "l2": 0.08343714475631714,
        "linf": 0.08343714475631714
      },
      "layer_3": {
        "l2": 0.0861702635884285,
        "linf": 0.0861702635884285
      },
      "layer_4": {
        "l2": 0.07934911549091339,
        "linf": 0.07934911549091339
      },
      "layer_5": {
        "l2": 0.04249722138047218,
        "linf": 0.04249722138047218
      },
      "layer_6": {
        "l2": 0.02031329646706581,
        "linf": 0.02031329646706581
      },
      "layer_7": {
        "l2": 0.0011292005656287074,
        "linf": 0.0011292005656287074
      }
    },
    "eval": {
      "layer_1": {
        "l2": 0.15751196444034576,
        "linf": 0.15751196444034576
      },
      "layer_2": {
        "l2": 0.08347953855991364,
        "linf": 0.08347953855991364
      },
      "layer_3": {
        "l2": 0.09073162823915482,
        "linf": 0.09073162823915482
      },
      "layer_4": {
        "l2": 0.0700487419962883,
        "linf": 0.0700487419962883
      },
      "layer_5": {
        "l2": 0.04713180661201477,
        "linf": 0.04713180661201477
      },
      "layer_6": {
        "l2": 0.018499232828617096,
        "linf": 0.018499232828617096
      },
      "layer_7": {
        "l2": 0.0015007922193035483,
        "linf": 0.0015007922193035483
      }
    }
  },
  "bc_value": {
    "train": {
      "layer_1": {
        "l2": 1.3049159049987793,
        "linf": 1.3049159049987793
      },
      "layer_2": {
        "l2": 1.3654688596725464,
        "linf": 1.3654688596725464
      },
      "layer_3": {
        "l2": 1.3557219505310059,
        "linf": 1.3557219505310059
      },
      "layer_4": {
        "l2": 1.250193476676941,
        "linf": 1.250193476676941
      },
      "layer_5": {
        "l2": 1.2035077810287476,
        "linf": 1.2035077810287476
      },