{
  "layers_analyzed": [
    "layer_1",
    "layer_2",
    "layer_3",
    "layer_4",
    "layer_5"
  ],
  "num_layers": 5,
  "train": {
    "rel_l2": [
      0.23061831295490265,
      0.24185939133167267,
      0.24048222601413727,
      0.1814291626214981,
      0.22940440475940704
    ],
    "inf_norm": [
      0.5281314253807068,
      0.7629808187484741,
      0.6078863143920898,
      0.4772379398345947,
      0.6570869088172913
    ]
  },
  "eval": {
    "rel_l2": [
      0.22830531001091003,
      0.24417126178741455,
      0.23720216751098633,
      0.17925111949443817,
      0.22777047753334045
    ],
    "inf_norm": [
      0.4894123077392578,
      0.7629808187484741,
      0.5951414108276367,
      0.46692752838134766,
      0.652812659740448
    ]
  },
  "layer_dimensions": {
    "layer_1": 36,
    "layer_2": 36,
    "layer_3": 36,
    "layer_4": 36,
    "layer_5": 36
  }
}