{
  "layers_analyzed": [
    "layer_1",
    "layer_2",
    "layer_3"
  ],
  "num_layers": 3,
  "train": {
    "rel_l2": [
      5.9908576011657715,
      0.80608731508255,
      0.0015431659994646907
    ],
    "inf_norm": [
      23.35595703125,
      3.4973738193511963,
      0.006887674331665039
    ]
  },
  "eval": {
    "rel_l2": [
      6.342115879058838,
      0.8639958500862122,
      0.0015169198159128428
    ],
    "inf_norm": [
      21.180377960205078,
      3.12154483795166,
      0.005535587668418884
    ]
  },
  "layer_dimensions": {
    "layer_1": 140,
    "layer_2": 140,
    "layer_3": 140
  }
}