{
  "layers_analyzed": [
    "layer_1",
    "layer_2",
    "layer_3",
    "layer_4",
    "layer_5",
    "layer_6",
    "layer_7"
  ],
  "num_layers": 7,
  "train": {
    "layer_1": {
      "h_norm": 0.4772636890411377,
      "residual_norm": 1.2196087837219238,
      "residual_inf_norm": 1.2196087837219238,
      "h_t_norm": 0.9805534482002258,
      "h_x_norm": 1.667238473892212,
      "h_xx_norm": 8.549644470214844,
      "convection_norm": 0.720676600933075
    },
    "layer_2": {
      "h_norm": 0.5193278789520264,
      "residual_norm": 1.0316249132156372,
      "residual_inf_norm": 1.0316249132156372,
      "h_t_norm": 0.7967419624328613,
      "h_x_norm": 2.0142550468444824,
      "h_xx_norm": 16.4899845123291,
      "convection_norm": 0.9677467346191406
    },
    "layer_3": {
      "h_norm": 1.2424323558807373,
      "residual_norm": 31.42046356201172,
      "residual_inf_norm": 31.42046356201172,
      "h_t_norm": 18.556541442871094,
      "h_x_norm": 16.995737075805664,
      "h_xx_norm": 341.0047302246094,
      "convection_norm": 25.03315544128418
    },
    "layer_4": {
      "h_norm": 0.5359298586845398,
      "residual_norm": 0.529999315738678,
      "residual_inf_norm": 0.529999315738678,
      "h_t_norm": 0.6254028677940369,
      "h_x_norm": 2.0351719856262207,
      "h_xx_norm": 41.152835845947266,
      "convection_norm": 1.0267082452774048
    },
    "layer_5": {
      "h_norm": 0.5378009676933289,
      "residual_norm": 0.2547594904899597,
      "residual_inf_norm": 0.2547594904899597,
      "h_t_norm": 0.6195359826087952,
      "h_x_norm": 1.943824291229248,
      "h_xx_norm": 69.2479476928711,
      "convection_norm": 0.9355860352516174
    },
    "layer_6": {
      "h_norm": 0.5383788347244263,
      "residual_norm": 0.10951396822929382,
      "residual_inf_norm": 0.10951396822929382,
      "h_t_norm": 0.6120481491088867,
      "h_x_norm": 1.8753712177276611,
      "h_xx_norm": 84.06057739257812,
      "convection_norm": 0.8863269686698914
    },
    "layer_7": {
      "h_norm": 0.5383318662643433,
      "residual_norm": 0.01886192336678505,
      "residual_inf_norm": 0.01886192336678505,
      "h_t_norm": 0.6130324602127075,
      "h_x_norm": 1.8639559745788574,
      "h_xx_norm": 86.7694320678711,
      "convection_norm": 0.877081036567688
    }
  },
  "eval": {
    "layer_1": {
      "h_norm": 0.47551506757736206,
      "residual_norm": 1.2356847524642944,
      "residual_inf_norm": 1.2356847524642944,
      "h_t_norm": 0.9963279366493225,
      "h_x_norm": 1.675252914428711,
      "h_xx_norm": 8.543549537658691,
      "convection_norm": 0.7238544225692749
    },
    "layer_2": {
      "h_norm": 0.5193759799003601,
      "residual_norm": 1.041736364364624,
      "residual_inf_norm": 1.041736364364624,
      "h_t_norm": 0.7887002825737,
      "h_x_norm": 2.0197973251342773,
      "h_xx_norm": 16.71213722229004,
      "convection_norm": 0.9651491045951843
    },
    "layer_3": {
      "h_norm": 1.2368037700653076,
      "residual_norm": 31.329368591308594,
      "residual_inf_norm": 31.329368591308594,
      "h_t_norm": 18.35719108581543,
      "h_x_norm": 17.071475982666016,
      "h_xx_norm": 342.02178955078125,
      "convection_norm": 24.80904197692871
    },
    "layer_4": {
      "h_norm": 0.536661684513092,
      "residual_norm": 0.5514007210731506,
      "residual_inf_norm": 0.5514007210731506,
      "h_t_norm": 0.6255435347557068,
      "h_x_norm": 2.068479299545288,
      "h_xx_norm": 42.54176330566406,
      "convection_norm": 1.051382303237915
    },
    "layer_5": {
      "h_norm": 0.5385115742683411,
      "residual_norm": 0.2740961015224457,
      "residual_inf_norm": 0.2740961015224457,
      "h_t_norm": 0.6231721043586731,
      "h_x_norm": 1.9727858304977417,
      "h_xx_norm": 72.59940338134766,
      "convection_norm": 0.9657230377197266
    },
    "layer_6": {
      "h_norm": 0.5390945672988892,
      "residual_norm": 0.10895012319087982,
      "residual_inf_norm": 0.10895012319087982,
      "h_t_norm": 0.6146357655525208,
      "h_x_norm": 1.8711668252944946,
      "h_xx_norm": 87.88628387451172,
      "convection_norm": 0.8949382901191711
    },
    "layer_7": {
      "h_norm": 0.5391223430633545,
      "residual_norm": 0.018719065934419632,
      "residual_inf_norm": 0.018719065934419632,
      "h_t_norm": 0.615689754486084,
      "h_x_norm": 1.851948857307434,
      "h_xx_norm": 87.83931732177734,
      "convection_norm": 0.8817664980888367
    }
  },
  "layer_norms": {
    "layer_1": {
      "train_residual_l2": 1.2196087837219238,
      "eval_residual_l2": 1.2356847524642944,
      "train_residual_linf": 1.2196087837219238,
      "eval_residual_linf": 1.2356847524642944
    },
    "layer_2": {
      "train_residual_l2": 1.0316249132156372,
      "eval_residual_l2": 1.041736364364624,
      "train_residual_linf": 1.0316249132156372,
      "eval_residual_linf": 1.041736364364624
    },
    "layer_3": {
      "train_residual_l2": 31.42046356201172,
      "eval_residual_l2": 31.329368591308594,
      "train_residual_linf": 31.42046356201172,
      "eval_residual_linf": 31.329368591308594
    },
    "layer_4": {
      "train_residual_l2": 0.529999315738678,
      "eval_residual_l2": 0.5514007210731506,
      "train_residual_linf": 0.529999315738678,
      "eval_residual_linf": 0.5514007210731506
    },
    "layer_5": {
      "train_residual_l2": 0.2547594904899597,
      "eval_residual_l2": 0.2740961015224457,
      "train_residual_linf": 0.2547594904899597,
      "eval_residual_linf": 0.2740961015224457
    },
    "layer_6": {
      "train_residual_l2": 0.10951396822929382,
      "eval_residual_l2": 0.10895012319087982,
      "train_residual_linf": 0.10951396822929382,
      "eval_residual_linf": 0.10895012319087982
    },
    "layer_7": {
      "train_residual_l2": 0.01886192336678505,
      "eval_residual_l2": 0.018719065934419632,
      "train_residual_linf": 0.01886192336678505,
      "eval_residual_linf": 0.018719065934419632
    }
  },
  "ic": {
    "train": {
      "layer_1": {
        "l2": 0.23158647119998932,
        "linf": 0.23158647119998932
      },
      "layer_2": {
        "l2": 0.09459229558706284,
        "linf": 0.09459229558706284
      },
      "layer_3": {
        "l2": 4.017541408538818,
        "linf": 4.017541408538818
      },
      "layer_4": {
        "l2": 0.023582523688673973,
        "linf": 0.023582523688673973
      },
      "layer_5": {
        "l2": 0.012042433954775333,
        "linf": 0.012042433954775333
      },
      "layer_6": {
        "l2": 0.006501126103103161,
        "linf": 0.006501126103103161
      },
      "layer_7": {
        "l2": 0.0012558267917484045,
        "linf": 0.0012558267917484045
      }
    },
    "eval": {
      "layer_1": {
        "l2": 0.23835204541683197,
        "linf": 0.23835204541683197
      },
      "layer_2": {
        "l2": 0.08811171352863312,
        "linf": 0.08811171352863312
      },
      "layer_3": {
        "l2": 3.88569712638855,
        "linf": 3.88569712638855
      },
      "layer_4": {
        "l2": 0.02533176727592945,
        "linf": 0.02533176727592945
      },
      "layer_5": {
        "l2": 0.014540469273924828,
        "linf": 0.014540469273924828
      },
      "layer_6": {
        "l2": 0.0060525150038301945,
        "linf": 0.0060525150038301945
      },
      "layer_7": {
        "l2": 0.0013091039145365357,
        "linf": 0.0013091039145365357
      }
    }
  },
  "bc_value": {
    "train": {
      "layer_1": {
        "l2": 0.2189611792564392,
        "linf": 0.2189611792564392
      },
      "layer_2": {
        "l2": 0.09066741913557053,
        "linf": 0.09066741913557053
      },
      "layer_3": {
        "l2": 3.001052141189575,
        "linf": 3.001052141189575
      },
      "layer_4": {
        "l2": 0.02363578788936138,
        "linf": 0.02363578788936138
      },
      "layer_5": {
        "l2": 0.014439744874835014,
        "linf": 0.014439744874835014
      },