{
  "bins": 5,
  "num_classes": 5,
  "num_samples": 4000,
  "layers_analyzed": [
    "layer_1",
    "layer_2",
    "layer_3",
    "layer_4",
    "layer_5",
    "layer_6",
    "layer_7"
  ],
  "layer_accuracies": {
    "layer_1": 0.20975,
    "layer_2": 0.244,
    "layer_3": 0.35425,
    "layer_4": 0.40625,
    "layer_5": 0.40575,
    "layer_6": 0.46775,
    "layer_7": 0.49775
  },
  "layer_compactness": {
    "layer_1": {
      "intra_class": 0.42861751317977903,
      "intra_class_std": 0.21560550573919834,
      "inter_class_mean": 0.301349937915802,
      "inter_class_std": 0.3087228536605835
    },
    "layer_2": {
      "intra_class": 0.21960249543190002,
      "intra_class_std": 0.11027447167151716,
      "inter_class_mean": 0.15869762003421783,
      "inter_class_std": 0.1521095186471939
    },
    "layer_3": {
      "intra_class": 0.1430835783481598,
      "intra_class_std": 0.07172398666360394,
      "inter_class_mean": 0.11344672739505768,
      "inter_class_std": 0.08951777219772339
    },
    "layer_4": {
      "intra_class": 0.1708184778690338,
      "intra_class_std": 0.08569313285446131,
      "inter_class_mean": 0.15973065793514252,
      "inter_class_std": 0.11237213015556335
    },
    "layer_5": {
      "intra_class": 0.2471282660961151,
      "intra_class_std": 0.12411513725031112,
      "inter_class_mean": 0.2411925345659256,
      "inter_class_std": 0.16302432119846344
    },
    "layer_6": {
      "intra_class": 0.3062828123569489,
      "intra_class_std": 0.1534339466773923,
      "inter_class_mean": 0.31569334864616394,
      "inter_class_std": 0.2258463203907013
    },
    "layer_7": {
      "intra_class": 0.28642807006835935,
      "intra_class_std": 0.14381839278383632,
      "inter_class_mean": 0.3254989683628082,
      "inter_class_std": 0.2305488884449005
    }
  },
  "layer_margins": {
    "layer_1": {
      "mean_margin": -0.1133943721652031,
      "std_margin": 0.17554953694343567,
      "fraction_positive": 0.20975
    },
    "layer_2": {
      "mean_margin": -0.0495934784412384,
      "std_margin": 0.08236773312091827,
      "fraction_positive": 0.244
    },
    "layer_3": {
      "mean_margin": -0.017285900190472603,
      "std_margin": 0.04105355590581894,
      "fraction_positive": 0.35425
    },
    "layer_4": {
      "mean_margin": -0.019990650936961174,
      "std_margin": 0.051048144698143005,
      "fraction_positive": 0.40625
    },
    "layer_5": {
      "mean_margin": -0.03535543009638786,
      "std_margin": 0.07945425063371658,
      "fraction_positive": 0.40575
    },
    "layer_6": {
      "mean_margin": -0.054050445556640625,
      "std_margin": 0.1201854795217514,
      "fraction_positive": 0.46775
    },
    "layer_7": {
      "mean_margin": -0.04825963079929352,
      "std_margin": 0.1204606145620346,
      "fraction_positive": 0.49775
    }
  }
}