{
  "bins": 5,
  "num_classes": 5,
  "num_samples": 4000,
  "layers_analyzed": [
    "layer_1",
    "layer_2",
    "layer_3",
    "layer_4",
    "layer_5",
    "layer_6",
    "layer_7"
  ],
  "layer_accuracies": {
    "layer_1": 0.2235,
    "layer_2": 0.27975,
    "layer_3": 0.33875,
    "layer_4": 0.28425,
    "layer_5": 0.26825,
    "layer_6": 0.284,
    "layer_7": 0.33175
  },
  "layer_compactness": {
    "layer_1": {
      "intra_class": 0.38528438210487365,
      "intra_class_std": 0.1937785267562048,
      "inter_class_mean": 0.28745004534721375,
      "inter_class_std": 0.3034980893135071
    },
    "layer_2": {
      "intra_class": 0.1685580015182495,
      "intra_class_std": 0.08467739894646414,
      "inter_class_mean": 0.11161792278289795,
      "inter_class_std": 0.10050547868013382
    },
    "layer_3": {
      "intra_class": 0.1446404993534088,
      "intra_class_std": 0.07264226567362694,
      "inter_class_mean": 0.1028250977396965,
      "inter_class_std": 0.07717672735452652
    },
    "layer_4": {
      "intra_class": 0.18029038310050965,
      "intra_class_std": 0.0905671714352591,
      "inter_class_mean": 0.14103245735168457,
      "inter_class_std": 0.10722284018993378
    },
    "layer_5": {
      "intra_class": 0.23511698246002197,
      "intra_class_std": 0.11860147481262716,
      "inter_class_mean": 0.19513604044914246,
      "inter_class_std": 0.15206317603588104
    },
    "layer_6": {
      "intra_class": 0.2620923638343811,
      "intra_class_std": 0.13188395494014937,
      "inter_class_mean": 0.21973872184753418,
      "inter_class_std": 0.15162979066371918
    },
    "layer_7": {
      "intra_class": 0.24363344311714172,
      "intra_class_std": 0.12307050644231964,
      "inter_class_mean": 0.22792206704616547,
      "inter_class_std": 0.14866892993450165
    }
  },
  "layer_margins": {
    "layer_1": {
      "mean_margin": -0.1027800589799881,
      "std_margin": 0.17264676094055176,
      "fraction_positive": 0.2235
    },
    "layer_2": {
      "mean_margin": -0.028844377025961876,
      "std_margin": 0.05367511883378029,
      "fraction_positive": 0.27975
    },
    "layer_3": {
      "mean_margin": -0.019782254472374916,
      "std_margin": 0.04076135531067848,
      "fraction_positive": 0.33875
    },
    "layer_4": {
      "mean_margin": -0.03558861091732979,
      "std_margin": 0.06576570868492126,
      "fraction_positive": 0.28425
    },
    "layer_5": {
      "mean_margin": -0.05140436440706253,
      "std_margin": 0.09574990719556808,
      "fraction_positive": 0.26825
    },
    "layer_6": {
      "mean_margin": -0.05144941434264183,
      "std_margin": 0.09410455077886581,
      "fraction_positive": 0.284
    },
    "layer_7": {
      "mean_margin": -0.04507102444767952,
      "std_margin": 0.09086382389068604,
      "fraction_positive": 0.33175
    }
  }
}