{
  "layers_analyzed": [
    "layer_1",
    "layer_2",
    "layer_3",
    "layer_4",
    "layer_5",
    "layer_6",
    "layer_7"
  ],
  "num_layers": 7,
  "train": {
    "rel_l2": [
      0.15586130321025848,
      0.21936872601509094,
      0.2762729823589325,
      0.20448772609233856,
      0.11258673667907715,
      0.03279366344213486,
      0.0028549334965646267
    ],
    "inf_norm": [
      0.6352160573005676,
      0.6215035319328308,
      0.6559439897537231,
      0.5523991584777832,
      0.3799009919166565,
      0.08997079730033875,
      0.04031813144683838
    ]
  },
  "eval": {
    "rel_l2": [
      0.15614590048789978,
      0.21752788126468658,
      0.2764856517314911,
      0.205183744430542,
      0.11289878189563751,
      0.03360051289200783,
      0.0028359435964375734
    ],
    "inf_norm": [
      0.6352160573005676,
      0.5048965215682983,
      0.6257647275924683,
      0.4707854986190796,
      0.30198490619659424,
      0.08862465620040894,
      0.03856825828552246
    ]
  },
  "layer_dimensions": {
    "layer_1": 28,
    "layer_2": 28,
    "layer_3": 28,
    "layer_4": 28,
    "layer_5": 28,
    "layer_6": 28,
    "layer_7": 28
  }
}