{
  "bins": 7,
  "num_classes": 37,
  "num_samples": 4995,
  "layers_analyzed": [
    "layer_1",
    "layer_2",
    "layer_3",
    "layer_4",
    "layer_5"
  ],
  "layer_accuracies": {
    "layer_1": 0.17277277277277278,
    "layer_2": 0.23123123123123124,
    "layer_3": 0.2982982982982983,
    "layer_4": 0.37737737737737737,
    "layer_5": 0.436036036036036
  },
  "layer_compactness": {
    "layer_1": {
      "intra_class": 0.6921911806493294,
      "inter_class_mean": 0.30472812056541443,
      "inter_class_std": 0.17581290006637573
    },
    "layer_2": {
      "intra_class": 1.4199315159989803,
      "inter_class_mean": 0.8674959540367126,
      "inter_class_std": 0.5224441289901733
    },
    "layer_3": {
      "intra_class": 2.2780133738265618,
      "inter_class_mean": 1.9836617708206177,
      "inter_class_std": 1.0450999736785889
    },
    "layer_4": {
      "intra_class": 3.0108906683051497,
      "inter_class_mean": 3.447812557220459,
      "inter_class_std": 1.6215729713439941
    },
    "layer_5": {
      "intra_class": 3.123318693110411,
      "inter_class_mean": 4.611033916473389,
      "inter_class_std": 2.0514166355133057
    }
  },
  "layer_margins": {
    "layer_1": {
      "mean_margin": -0.1328079104423523,
      "std_margin": 0.1530511975288391,
      "fraction_positive": 0.17277277277277278
    },
    "layer_2": {
      "mean_margin": -0.23104356229305267,
      "std_margin": 0.3086763918399811,
      "fraction_positive": 0.23123123123123124
    },
    "layer_3": {
      "mean_margin": -0.34224480390548706,
      "std_margin": 0.5867966413497925,
      "fraction_positive": 0.2982982982982983
    },
    "layer_4": {
      "mean_margin": -0.39789512753486633,
      "std_margin": 0.8623539209365845,
      "fraction_positive": 0.37737737737737737
    },
    "layer_5": {
      "mean_margin": -0.2986263036727905,
      "std_margin": 0.9700635075569153,
      "fraction_positive": 0.436036036036036
    }
  }
}