{
  "layers_analyzed": [
    "layer_1",
    "layer_2",
    "layer_3",
    "layer_4",
    "layer_5"
  ],
  "num_layers": 5,
  "train": {
    "rel_l2": [
      0.1796955168247223,
      0.11170560121536255,
      0.08860673010349274,
      0.009197086095809937,
      0.0038637956604361534
    ],
    "inf_norm": [
      0.7386878132820129,
      0.3812706470489502,
      0.3947429060935974,
      0.04839533567428589,
      0.03607964515686035
    ]
  },
  "eval": {
    "rel_l2": [
      0.18050707876682281,
      0.11330115795135498,
      0.08880344778299332,
      0.009277747943997383,
      0.003825234714895487
    ],
    "inf_norm": [
      0.7064819931983948,
      0.3812439441680908,
      0.3180631399154663,
      0.03375041484832764,
      0.034738123416900635
    ]
  },
  "layer_dimensions": {
    "layer_1": 85,
    "layer_2": 85,
    "layer_3": 85,
    "layer_4": 85,
    "layer_5": 85
  }
}