{
  "layers_analyzed": [
    "layer_1",
    "layer_2",
    "layer_3",
    "layer_4",
    "layer_5",
    "layer_6",
    "layer_7"
  ],
  "num_layers": 7,
  "train": {
    "layer_1": {
      "h_norm": 2.111156463623047,
      "residual_norm": 43.06975173950195,
      "residual_inf_norm": 36.615169525146484,
      "h_t_norm": 13.096138000488281,
      "h_x_norm": 4.316294193267822,
      "h_xx_norm": 11.416550636291504,
      "nonlinear_norm": 38.9931526184082
    },
    "layer_2": {
      "h_norm": 0.7104430198669434,
      "residual_norm": 3.1718034744262695,
      "residual_inf_norm": 2.896707057952881,
      "h_t_norm": 3.00345516204834,
      "h_x_norm": 1.3022782802581787,
      "h_xx_norm": 5.0591020584106445,
      "nonlinear_norm": 1.6342074871063232
    },
    "layer_3": {
      "h_norm": 0.6701932549476624,
      "residual_norm": 3.9673123359680176,
      "residual_inf_norm": 3.65432071685791,
      "h_t_norm": 2.8713204860687256,
      "h_x_norm": 1.3314710855484009,
      "h_xx_norm": 7.212501525878906,
      "nonlinear_norm": 1.9306957721710205
    },
    "layer_4": {
      "h_norm": 0.6130035519599915,
      "residual_norm": 1.7181757688522339,
      "residual_inf_norm": 1.5626606941223145,
      "h_t_norm": 1.8846409320831299,
      "h_x_norm": 0.8728902339935303,
      "h_xx_norm": 3.6402413845062256,
      "nonlinear_norm": 1.6529394388198853
    },
    "layer_5": {
      "h_norm": 0.5913523435592651,
      "residual_norm": 0.35551148653030396,
      "residual_inf_norm": 0.3111109435558319,
      "h_t_norm": 1.6067335605621338,
      "h_x_norm": 0.6892496347427368,
      "h_xx_norm": 1.8501527309417725,
      "nonlinear_norm": 1.6197611093521118
    },
    "layer_6": {
      "h_norm": 0.5908586978912354,
      "residual_norm": 0.12930233776569366,
      "residual_inf_norm": 0.11599791795015335,
      "h_t_norm": 1.5962433815002441,
      "h_x_norm": 0.6801562905311584,
      "h_xx_norm": 1.7170169353485107,
      "nonlinear_norm": 1.620774269104004
    },
    "layer_7": {
      "h_norm": 0.5907816290855408,
      "residual_norm": 0.04824145883321762,
      "residual_inf_norm": 0.04150574281811714,
      "h_t_norm": 1.5903921127319336,
      "h_x_norm": 0.677092969417572,
      "h_xx_norm": 1.6823208332061768,
      "nonlinear_norm": 1.620621681213379
    }
  },
  "eval": {
    "layer_1": {
      "h_norm": 2.2218260765075684,
      "residual_norm": 53.626163482666016,
      "residual_inf_norm": 45.44750213623047,
      "h_t_norm": 14.16218376159668,
      "h_x_norm": 4.80289888381958,
      "h_xx_norm": 11.799171447753906,
      "nonlinear_norm": 48.994972229003906
    },
    "layer_2": {
      "h_norm": 0.72477787733078,
      "residual_norm": 3.305727005004883,
      "residual_inf_norm": 3.0007901191711426,
      "h_t_norm": 3.1215012073516846,
      "h_x_norm": 1.3756113052368164,
      "h_xx_norm": 5.200207233428955,
      "nonlinear_norm": 1.7022799253463745
    },
    "layer_3": {
      "h_norm": 0.6926583051681519,
      "residual_norm": 4.3539719581604,
      "residual_inf_norm": 3.98915958404541,
      "h_t_norm": 3.0859618186950684,
      "h_x_norm": 1.372574806213379,
      "h_xx_norm": 7.926571846008301,
      "nonlinear_norm": 2.0125577449798584
    },
    "layer_4": {
      "h_norm": 0.6282458901405334,
      "residual_norm": 1.768642783164978,
      "residual_inf_norm": 1.6147342920303345,
      "h_t_norm": 1.9728236198425293,
      "h_x_norm": 0.9177425503730774,
      "h_xx_norm": 3.59519624710083,
      "nonlinear_norm": 1.6942495107650757
    },
    "layer_5": {
      "h_norm": 0.602150022983551,
      "residual_norm": 0.38749992847442627,
      "residual_inf_norm": 0.33928951621055603,
      "h_t_norm": 1.655860424041748,
      "h_x_norm": 0.7052373290061951,
      "h_xx_norm": 1.7528066635131836,
      "nonlinear_norm": 1.615820050239563
    },
    "layer_6": {
      "h_norm": 0.6016266345977783,
      "residual_norm": 0.14018431305885315,
      "residual_inf_norm": 0.12603266537189484,
      "h_t_norm": 1.6372344493865967,
      "h_x_norm": 0.7003409266471863,
      "h_xx_norm": 1.5818216800689697,
      "nonlinear_norm": 1.6146035194396973
    },
    "layer_7": {
      "h_norm": 0.6013020277023315,
      "residual_norm": 0.05042045935988426,
      "residual_inf_norm": 0.04273150488734245,
      "h_t_norm": 1.631722331047058,
      "h_x_norm": 0.6961904168128967,
      "h_xx_norm": 1.5381559133529663,
      "nonlinear_norm": 1.6146869659423828
    }
  },
  "layer_norms": {
    "layer_1": {
      "train_residual_l2": 43.06975173950195,
      "eval_residual_l2": 53.626163482666016,
      "train_residual_linf": 36.615169525146484,
      "eval_residual_linf": 45.44750213623047
    },
    "layer_2": {
      "train_residual_l2": 3.1718034744262695,
      "eval_residual_l2": 3.305727005004883,
      "train_residual_linf": 2.896707057952881,
      "eval_residual_linf": 3.0007901191711426
    },
    "layer_3": {
      "train_residual_l2": 3.9673123359680176,
      "eval_residual_l2": 4.3539719581604,
      "train_residual_linf": 3.65432071685791,
      "eval_residual_linf": 3.98915958404541
    },
    "layer_4": {
      "train_residual_l2": 1.7181757688522339,
      "eval_residual_l2": 1.768642783164978,
      "train_residual_linf": 1.5626606941223145,
      "eval_residual_linf": 1.6147342920303345
    },
    "layer_5": {
      "train_residual_l2": 0.35551148653030396,
      "eval_residual_l2": 0.38749992847442627,
      "train_residual_linf": 0.3111109435558319,
      "eval_residual_linf": 0.33928951621055603
    },
    "layer_6": {
      "train_residual_l2": 0.12930233776569366,
      "eval_residual_l2": 0.14018431305885315,
      "train_residual_linf": 0.11599791795015335,
      "eval_residual_linf": 0.12603266537189484
    },
    "layer_7": {
      "train_residual_l2": 0.04824145883321762,
      "eval_residual_l2": 0.05042045935988426,
      "train_residual_linf": 0.04150574281811714,
      "eval_residual_linf": 0.04273150488734245
    }
  },
  "ic": {
    "train": {
      "layer_1": {
        "l2": 4.525400638580322,
        "linf": 3.687797784805298
      },
      "layer_2": {
        "l2": 0.5364214181900024,
        "linf": 0.4983876347541809
      },
      "layer_3": {
        "l2": 0.4867872893810272,
        "linf": 0.47881194949150085
      },
      "layer_4": {
        "l2": 0.20617425441741943,
        "linf": 0.18808932602405548
      },
      "layer_5": {
        "l2": 0.03370160982012749,
        "linf": 0.030581923201680183
      },
      "layer_6": {
        "l2": 0.010636575520038605,
        "linf": 0.009473147802054882
      },
      "layer_7": {
        "l2": 0.003296590643003583,
        "linf": 0.0027075938414782286
      }
    },
    "eval": {
      "layer_1": {
        "l2": 4.6599440574646,
        "linf": 3.7556824684143066
      },
      "layer_2": {
        "l2": 0.5017832517623901,
        "linf": 0.47246161103248596
      },
      "layer_3": {
        "l2": 0.46858635544776917,
        "linf": 0.4602673649787903
      },
      "layer_4": {
        "l2": 0.19686128199100494,
        "linf": 0.18054333329200745
      },
      "layer_5": {
        "l2": 0.03388289734721184,
        "linf": 0.030557861551642418
      },
      "layer_6": {
        "l2": 0.011284948326647282,
        "linf": 0.010240612551569939
      },
      "layer_7": {
        "l2": 0.0031490258406847715,
        "linf": 0.002650488866493106
      }
    }
  },
  "bc_value": {
    "train": {
      "layer_1": {
        "l2": 4.7040934562683105,
        "linf": 3.7101171016693115
      },
      "layer_2": {
        "l2": 0.5818749666213989,
        "linf": 0.5498438477516174
      },
      "layer_3": {
        "l2": 0.38445740938186646,
        "linf": 0.3812805116176605
      },
      "layer_4": {
        "l2": 0.24373681843280792,
        "linf": 0.2240646332502365
      },
      "layer_5": {
        "l2": 0.027511589229106903,
        "linf": 0.022237395867705345
      },