{
  "layers_analyzed": [
    "layer_1",
    "layer_2",
    "layer_3",
    "layer_4",
    "layer_5"
  ],
  "num_layers": 5,
  "train": {
    "layer_1": {
      "h_norm": 0.4093707501888275,
      "residual_norm": 0.3427724540233612,
      "residual_inf_norm": 0.3427724540233612,
      "h_t_norm": 0.44925907254219055,
      "h_x_norm": 0.4165785312652588,
      "h_xx_norm": 0.3598819673061371,
      "h_tt_norm": 0.4830278158187866
    },
    "layer_2": {
      "h_norm": 0.396898478269577,
      "residual_norm": 0.39819249510765076,
      "residual_inf_norm": 0.39819249510765076,
      "h_t_norm": 0.4530690014362335,
      "h_x_norm": 0.4245133697986603,
      "h_xx_norm": 0.41118502616882324,
      "h_tt_norm": 0.455419659614563
    },
    "layer_3": {
      "h_norm": 0.41106048226356506,
      "residual_norm": 0.303141325712204,
      "residual_inf_norm": 0.303141325712204,
      "h_t_norm": 0.444664865732193,
      "h_x_norm": 0.4086472988128662,
      "h_xx_norm": 0.4263764023780823,
      "h_tt_norm": 0.42274269461631775
    },
    "layer_4": {
      "h_norm": 0.41795453429222107,
      "residual_norm": 0.10570567101240158,
      "residual_inf_norm": 0.10570567101240158,
      "h_t_norm": 0.4236937165260315,
      "h_x_norm": 0.3933228850364685,
      "h_xx_norm": 0.4064503312110901,
      "h_tt_norm": 0.4082105755805969
    },
    "layer_5": {
      "h_norm": 0.4195607006549835,
      "residual_norm": 0.011376860551536083,
      "residual_inf_norm": 0.011376860551536083,
      "h_t_norm": 0.418040931224823,
      "h_x_norm": 0.388918936252594,
      "h_xx_norm": 0.41714921593666077,
      "h_tt_norm": 0.4184725880622864
    }
  },
  "eval": {
    "layer_1": {
      "h_norm": 0.40889182686805725,
      "residual_norm": 0.340396910905838,
      "residual_inf_norm": 0.340396910905838,
      "h_t_norm": 0.4519595503807068,
      "h_x_norm": 0.41653692722320557,
      "h_xx_norm": 0.35763368010520935,
      "h_tt_norm": 0.4812924265861511
    },
    "layer_2": {
      "h_norm": 0.3964931070804596,
      "residual_norm": 0.4006958305835724,
      "residual_inf_norm": 0.4006958305835724,
      "h_t_norm": 0.45368099212646484,
      "h_x_norm": 0.42756786942481995,
      "h_xx_norm": 0.4082711935043335,
      "h_tt_norm": 0.46010324358940125
    },
    "layer_3": {
      "h_norm": 0.4088203012943268,
      "residual_norm": 0.3076014220714569,
      "residual_inf_norm": 0.3076014220714569,
      "h_t_norm": 0.4461413025856018,
      "h_x_norm": 0.4079776406288147,
      "h_xx_norm": 0.4255627393722534,
      "h_tt_norm": 0.423855185508728
    },
    "layer_4": {
      "h_norm": 0.4157908260822296,
      "residual_norm": 0.10681997984647751,
      "residual_inf_norm": 0.10681997984647751,
      "h_t_norm": 0.42474982142448425,
      "h_x_norm": 0.3921431005001068,
      "h_xx_norm": 0.40561339259147644,
      "h_tt_norm": 0.40568411350250244
    },
    "layer_5": {
      "h_norm": 0.4168106019496918,
      "residual_norm": 0.01150592416524887,
      "residual_inf_norm": 0.01150592416524887,
      "h_t_norm": 0.41876739263534546,
      "h_x_norm": 0.3882561922073364,
      "h_xx_norm": 0.4143106937408447,
      "h_tt_norm": 0.41547009348869324
    }
  },
  "layer_norms": {
    "layer_1": {
      "train_residual_l2": 0.3427724540233612,
      "eval_residual_l2": 0.340396910905838,
      "train_residual_linf": 0.3427724540233612,
      "eval_residual_linf": 0.340396910905838
    },
    "layer_2": {
      "train_residual_l2": 0.39819249510765076,
      "eval_residual_l2": 0.4006958305835724,
      "train_residual_linf": 0.39819249510765076,
      "eval_residual_linf": 0.4006958305835724
    },
    "layer_3": {
      "train_residual_l2": 0.303141325712204,
      "eval_residual_l2": 0.3076014220714569,
      "train_residual_linf": 0.303141325712204,
      "eval_residual_linf": 0.3076014220714569
    },
    "layer_4": {
      "train_residual_l2": 0.10570567101240158,
      "eval_residual_l2": 0.10681997984647751,
      "train_residual_linf": 0.10570567101240158,
      "eval_residual_linf": 0.10681997984647751
    },
    "layer_5": {
      "train_residual_l2": 0.011376860551536083,
      "eval_residual_l2": 0.01150592416524887,
      "train_residual_linf": 0.011376860551536083,
      "eval_residual_linf": 0.01150592416524887
    }
  },
  "ic": {
    "train": {
      "layer_1": {
        "l2": 0.08589934557676315,
        "linf": 0.08589934557676315
      },
      "layer_2": {
        "l2": 0.18019016087055206,
        "linf": 0.18019016087055206
      },
      "layer_3": {
        "l2": 0.0569709874689579,
        "linf": 0.0569709874689579
      },
      "layer_4": {
        "l2": 0.039046380668878555,
        "linf": 0.039046380668878555
      },
      "layer_5": {
        "l2": 0.004606312140822411,
        "linf": 0.004606312140822411
      }
    },
    "eval": {
      "layer_1": {
        "l2": 0.08533674478530884,
        "linf": 0.08533674478530884
      },
      "layer_2": {
        "l2": 0.1943487972021103,
        "linf": 0.1943487972021103
      },
      "layer_3": {
        "l2": 0.055035755038261414,
        "linf": 0.055035755038261414
      },
      "layer_4": {
        "l2": 0.040707532316446304,
        "linf": 0.040707532316446304
      },
      "layer_5": {
        "l2": 0.004335890058428049,
        "linf": 0.004335890058428049
      }
    }
  },
  "bc_value": {
    "train": {
      "layer_1": {
        "l2": 1.4590474367141724,
        "linf": 1.4590474367141724
      },
      "layer_2": {
        "l2": 1.4785897731781006,
        "linf": 1.4785897731781006
      },
      "layer_3": {
        "l2": 1.23621666431427,
        "linf": 1.23621666431427
      },
      "layer_4": {
        "l2": 1.2277402877807617,
        "linf": 1.2277402877807617
      },
      "layer_5": {
        "l2": 1.1843804121017456,
        "linf": 1.1843804121017456
      }
    },
    "eval": {
      "layer_1": {
        "l2": 1.3614134788513184,
        "linf": 1.3614134788513184
      },
      "layer_2": {
        "l2": 1.3819953203201294,
        "linf": 1.3819953203201294
      },
      "layer_3": {
        "l2": 1.1671613454818726,
        "linf": 1.1671613454818726
      },
      "layer_4": {
        "l2": 1.1096594333648682,
        "linf": 1.1096594333648682
      },
      "layer_5": {
        "l2": 1.0640134811401367,
        "linf": 1.0640134811401367
      }
    }
  },
  "bc_derivative": {
    "train": {
      "layer_1": {
        "l2": 0.2898237407207489,
        "linf": 0.2898237407207489
      },
      "layer_2": {
        "l2": 0.31701192259788513,
        "linf": 0.31701192259788513
      },
      "layer_3": {
        "l2": 0.3766597509384155,
        "linf": 0.3766597509384155
      },
      "layer_4": {
        "l2": 0.18701009452342987,
        "linf": 0.18701009452342987
      },
      "layer_5": {
        "l2": 0.020432088524103165,
        "linf": 0.020432088524103165
      }
    },
    "eval": {
      "layer_1": {
        "l2": 0.2898290455341339,
        "linf": 0.2898290455341339
      },
      "layer_2": {
        "l2": 0.3348916471004486,
        "linf": 0.3348916471004486
      },
      "layer_3": {
        "l2": 0.35371091961860657,
        "linf": 0.35371091961860657
      },
      "layer_4": {
        "l2": 0.24132174253463745,
        "linf": 0.24132174253463745
      },
      "layer_5": {
        "l2": 0.017503323033452034,
        "linf": 0.017503323033452034
      }
    }
  },
  "final_layer_train_residual": 0.011376860551536083,
  "final_layer_eval_residual": 0.01150592416524887,
  "final_layer_train_residual_inf": 0.011376860551536083,
  "final_layer_eval_residual_inf": 0.01150592416524887,
  "final_layer_train_ic": {
    "l2": 0.004606312140822411,
    "linf": 0.004606312140822411
  },
  "final_layer_eval_ic": {
    "l2": 0.004335890058428049,
    "linf": 0.004335890058428049
  },
  "final_layer_train_bc_value": {
    "l2": 1.1843804121017456,
    "linf": 1.1843804121017456
  },