{
  "train_loss_epochs": [
    1,
    2,
    3,
    4,
    5,
    6,
    7,
    8,
    9,
    10
  ],
  "train_loss": [
    0.28318491063155304,
    0.23519600479921793,
    0.15110520029556937,
    0.20312836813973262,
    0.1395010645966977,
    0.1448967285803519,
    0.10772180979838594,
    0.08052844116464257,
    0.08551494113635272,
    0.10718418415635825
  ],
  "epochs": [
    1,
    2,
    3,
    4,
    5,
    6,
    7,
    8,
    9,
    10
  ],
  "eval_loss": [
    0.11957885477265033,
    0.0968601341592148,
    0.08992946442837517,
    0.08183875175503393,
    0.07360233444099624,
    0.06326384857917826,
    0.0553682300572594,
    0.05951714205245177,
    0.05093608765552441,
    0.046297017174462475
  ],
  "train_rel_l2": [
    0.9216073140501976,
    0.9016307219862938,
    0.8979286432266236,
    0.8932376787066459,
    0.8841815829277039,
    0.8822316810488701,
    0.8764968514442444,
    0.8761361807584762,
    0.8744363397359848,
    0.8793795093894005
  ],
  "eval_rel_l2": [
    2.170011659463247,
    3.0413352052370706,
    3.098089357217153,
    3.1641098856925964,
    2.7099624474843345,
    2.6674684286117554,
    2.4469923973083496,
    2.1973448991775513,
    1.9085103273391724,
    1.7205130656560261
  ],
  "train_inf_norm": [
    3.7907586812973024,
    3.9645778238773346,
    4.0097051620483395,
    4.042961227893829,
    4.07946258187294,
    4.21316910982132,
    4.240509229898453,
    4.287849301099778,
    4.409375101327896,
    4.293862932920456
  ],
  "eval_inf_norm": [
    2.682585666577021,
    2.8367964923381805,
    2.8995162149270377,
    2.9463000496228537,
    2.949422458807627,
    3.02364981174469,
    3.0397107303142548,
    3.0824201305707297,
    3.08955454826355,
    3.042982836564382
  ]
}