{
  "layers_analyzed": [
    "layer_1",
    "layer_2",
    "layer_3",
    "layer_4",
    "layer_5"
  ],
  "num_layers": 5,
  "train": {
    "rel_l2": [
      0.5930264592170715,
      7.632058143615723,
      8.508284568786621,
      4.896955966949463,
      1.617679238319397
    ],
    "inf_norm": [
      3.228201150894165,
      30.192502975463867,
      49.18679428100586,
      17.079023361206055,
      5.75537109375
    ]
  },
  "eval": {
    "rel_l2": [
      0.5973682403564453,
      7.744120121002197,
      9.253602027893066,
      5.148366928100586,
      1.6994655132293701
    ],
    "inf_norm": [
      3.1597156524658203,
      24.51984214782715,
      38.29911422729492,
      15.405529022216797,
      5.7552490234375
    ]
  },
  "layer_dimensions": {
    "layer_1": 100,
    "layer_2": 100,
    "layer_3": 100,
    "layer_4": 100,
    "layer_5": 100
  }
}