{
  "layers_analyzed": [
    "layer_1",
    "layer_2",
    "layer_3"
  ],
  "num_layers": 3,
  "train": {
    "layer_1": {
      "h_norm": 4.2258219718933105,
      "h_t_norm": 33.148502349853516,
      "h_xx_norm": 32.60383605957031,
      "nonlinear_norm": 292.2833251953125,
      "residual_norm": 299.54217529296875
    },
    "layer_2": {
      "h_norm": 0.9165937900543213,
      "h_t_norm": 5.421391487121582,
      "h_xx_norm": 22.801631927490234,
      "nonlinear_norm": 2.867861747741699,
      "residual_norm": 12.498680114746094
    },
    "layer_3": {
      "h_norm": 0.5907936692237854,
      "h_t_norm": 1.5905911922454834,
      "h_xx_norm": 1.674201488494873,
      "nonlinear_norm": 1.6206482648849487,
      "residual_norm": 0.02765990048646927
    }
  },
  "eval": {
    "layer_1": {
      "h_norm": 4.378458499908447,
      "h_t_norm": 33.47907257080078,
      "h_xx_norm": 34.09975814819336,
      "nonlinear_norm": 389.81158447265625,
      "residual_norm": 397.0129699707031
    },
    "layer_2": {
      "h_norm": 0.9520721435546875,
      "h_t_norm": 5.736240863800049,
      "h_xx_norm": 23.396459579467773,
      "nonlinear_norm": 3.0204274654388428,
      "residual_norm": 13.258307456970215
    },
    "layer_3": {
      "h_norm": 0.6013561487197876,
      "h_t_norm": 1.630484938621521,
      "h_xx_norm": 1.526750922203064,
      "nonlinear_norm": 1.6139615774154663,
      "residual_norm": 0.03009750507771969
    }
  },
  "layer_norms": {
    "layer_1": {
      "train_residual": 299.54217529296875,
      "eval_residual": 397.0129699707031
    },
    "layer_2": {
      "train_residual": 12.498680114746094,
      "eval_residual": 13.258307456970215
    },
    "layer_3": {
      "train_residual": 0.02765990048646927,
      "eval_residual": 0.03009750507771969
    }
  },
  "final_layer_train_residual": 0.02765990048646927,
  "final_layer_eval_residual": 0.03009750507771969
}