{
  "layers_analyzed": [
    "layer_1",
    "layer_2",
    "layer_3",
    "layer_4",
    "layer_5"
  ],
  "num_layers": 5,
  "train": {
    "rel_l2": [
      0.389668732881546,
      0.2433742731809616,
      0.08153435587882996,
      0.05150507390499115,
      0.0031545257661491632
    ],
    "inf_norm": [
      2.1542727947235107,
      1.160194754600525,
      0.4719266891479492,
      0.3578367233276367,
      0.016783475875854492
    ]
  },
  "eval": {
    "rel_l2": [
      0.38515806198120117,
      0.25674739480018616,
      0.08609183877706528,
      0.05684180185198784,
      0.0032028784044086933
    ],
    "inf_norm": [
      2.0603580474853516,
      0.9111043214797974,
      0.4719209671020508,
      0.3381863832473755,
      0.012218117713928223
    ]
  },
  "layer_dimensions": {
    "layer_1": 100,
    "layer_2": 100,
    "layer_3": 100,
    "layer_4": 100,
    "layer_5": 100
  }
}