{
  "layers_analyzed": [
    "layer_1",
    "layer_2",
    "layer_3",
    "layer_4",
    "layer_5",
    "layer_6",
    "layer_7"
  ],
  "num_layers": 7,
  "train": {
    "layer_1": {
      "h_norm": 0.49689680337905884,
      "residual_norm": 2.241527557373047,
      "residual_inf_norm": 2.241527557373047,
      "h_t_norm": 0.8466021418571472,
      "h_x_norm": 0.7142282128334045,
      "h_xx_norm": 1.5274826288223267,
      "h_tt_norm": 2.1328349113464355
    },
    "layer_2": {
      "h_norm": 0.460712730884552,
      "residual_norm": 2.120776891708374,
      "residual_inf_norm": 2.120776891708374,
      "h_t_norm": 0.6928645968437195,
      "h_x_norm": 0.6432944536209106,
      "h_xx_norm": 1.4959474802017212,
      "h_tt_norm": 1.71909499168396
    },
    "layer_3": {
      "h_norm": 0.7356175184249878,
      "residual_norm": 7.699577331542969,
      "residual_inf_norm": 7.699577331542969,
      "h_t_norm": 1.9201661348342896,
      "h_x_norm": 1.7461674213409424,
      "h_xx_norm": 4.7321577072143555,
      "h_tt_norm": 7.261927604675293
    },
    "layer_4": {
      "h_norm": 0.42324313521385193,
      "residual_norm": 0.3754037320613861,
      "residual_inf_norm": 0.3754037320613861,
      "h_t_norm": 0.43908068537712097,
      "h_x_norm": 0.3993617594242096,
      "h_xx_norm": 0.4421890377998352,
      "h_tt_norm": 0.46772199869155884
    },
    "layer_5": {
      "h_norm": 0.4229256212711334,
      "residual_norm": 0.6496805548667908,
      "residual_inf_norm": 0.6496805548667908,
      "h_t_norm": 0.47498202323913574,
      "h_x_norm": 0.43757694959640503,
      "h_xx_norm": 0.7032091617584229,
      "h_tt_norm": 0.6279113292694092
    },
    "layer_6": {
      "h_norm": 0.41946935653686523,
      "residual_norm": 0.06295191496610641,
      "residual_inf_norm": 0.06295191496610641,
      "h_t_norm": 0.42116519808769226,
      "h_x_norm": 0.3892953097820282,
      "h_xx_norm": 0.4183990955352783,
      "h_tt_norm": 0.4082183837890625
    },
    "layer_7": {
      "h_norm": 0.4195668697357178,
      "residual_norm": 0.019651349633932114,
      "residual_inf_norm": 0.019651349633932114,
      "h_t_norm": 0.4191051423549652,
      "h_x_norm": 0.38886016607284546,
      "h_xx_norm": 0.4220666289329529,
      "h_tt_norm": 0.41536441445350647
    }
  },
  "eval": {
    "layer_1": {
      "h_norm": 0.4947758615016937,
      "residual_norm": 2.2441413402557373,
      "residual_inf_norm": 2.2441413402557373,
      "h_t_norm": 0.8454291224479675,
      "h_x_norm": 0.7206209301948547,
      "h_xx_norm": 1.5318269729614258,
      "h_tt_norm": 2.1375348567962646
    },
    "layer_2": {
      "h_norm": 0.4590480923652649,
      "residual_norm": 2.1261613368988037,
      "residual_inf_norm": 2.1261613368988037,
      "h_t_norm": 0.6911638379096985,
      "h_x_norm": 0.6578480005264282,
      "h_xx_norm": 1.504356861114502,
      "h_tt_norm": 1.7063285112380981
    },
    "layer_3": {
      "h_norm": 0.7332368493080139,
      "residual_norm": 8.02033519744873,
      "residual_inf_norm": 8.02033519744873,
      "h_t_norm": 1.9413689374923706,
      "h_x_norm": 1.7575008869171143,
      "h_xx_norm": 4.760761260986328,
      "h_tt_norm": 7.532831192016602
    },
    "layer_4": {
      "h_norm": 0.4210081696510315,
      "residual_norm": 0.38674989342689514,
      "residual_inf_norm": 0.38674989342689514,
      "h_t_norm": 0.44095557928085327,
      "h_x_norm": 0.40153294801712036,
      "h_xx_norm": 0.4416043162345886,
      "h_tt_norm": 0.47073858976364136
    },
    "layer_5": {
      "h_norm": 0.41936516761779785,
      "residual_norm": 0.661849856376648,
      "residual_inf_norm": 0.661849856376648,
      "h_t_norm": 0.47826164960861206,
      "h_x_norm": 0.43969500064849854,
      "h_xx_norm": 0.7042680382728577,
      "h_tt_norm": 0.6170551180839539
    },
    "layer_6": {
      "h_norm": 0.4167168140411377,
      "residual_norm": 0.06441587209701538,
      "residual_inf_norm": 0.06441587209701538,
      "h_t_norm": 0.42205750942230225,
      "h_x_norm": 0.3887406885623932,
      "h_xx_norm": 0.4150046408176422,
      "h_tt_norm": 0.4060262441635132
    },
    "layer_7": {
      "h_norm": 0.4168832004070282,
      "residual_norm": 0.020057834684848785,
      "residual_inf_norm": 0.020057834684848785,
      "h_t_norm": 0.4198634624481201,
      "h_x_norm": 0.38829097151756287,
      "h_xx_norm": 0.41997626423835754,
      "h_tt_norm": 0.4124767780303955
    }
  },
  "layer_norms": {
    "layer_1": {
      "train_residual_l2": 2.241527557373047,
      "eval_residual_l2": 2.2441413402557373,
      "train_residual_linf": 2.241527557373047,
      "eval_residual_linf": 2.2441413402557373
    },
    "layer_2": {
      "train_residual_l2": 2.120776891708374,
      "eval_residual_l2": 2.1261613368988037,
      "train_residual_linf": 2.120776891708374,
      "eval_residual_linf": 2.1261613368988037
    },
    "layer_3": {
      "train_residual_l2": 7.699577331542969,
      "eval_residual_l2": 8.02033519744873,
      "train_residual_linf": 7.699577331542969,
      "eval_residual_linf": 8.02033519744873
    },
    "layer_4": {
      "train_residual_l2": 0.3754037320613861,
      "eval_residual_l2": 0.38674989342689514,
      "train_residual_linf": 0.3754037320613861,
      "eval_residual_linf": 0.38674989342689514
    },
    "layer_5": {
      "train_residual_l2": 0.6496805548667908,
      "eval_residual_l2": 0.661849856376648,
      "train_residual_linf": 0.6496805548667908,
      "eval_residual_linf": 0.661849856376648
    },
    "layer_6": {
      "train_residual_l2": 0.06295191496610641,
      "eval_residual_l2": 0.06441587209701538,
      "train_residual_linf": 0.06295191496610641,
      "eval_residual_linf": 0.06441587209701538
    },
    "layer_7": {
      "train_residual_l2": 0.019651349633932114,
      "eval_residual_l2": 0.020057834684848785,
      "train_residual_linf": 0.019651349633932114,
      "eval_residual_linf": 0.020057834684848785
    }
  },
  "ic": {
    "train": {
      "layer_1": {
        "l2": 0.714829683303833,
        "linf": 0.714829683303833
      },
      "layer_2": {
        "l2": 0.4924207627773285,
        "linf": 0.4924207627773285
      },
      "layer_3": {
        "l2": 1.3257800340652466,
        "linf": 1.3257800340652466
      },
      "layer_4": {
        "l2": 0.07433220744132996,
        "linf": 0.07433220744132996
      },
      "layer_5": {
        "l2": 0.1386151909828186,
        "linf": 0.1386151909828186
      },
      "layer_6": {
        "l2": 0.013022092171013355,
        "linf": 0.013022092171013355
      },
      "layer_7": {
        "l2": 0.0044667585752904415,
        "linf": 0.0044667585752904415
      }
    },
    "eval": {
      "layer_1": {
        "l2": 0.6948312520980835,
        "linf": 0.6948312520980835
      },
      "layer_2": {
        "l2": 0.420863538980484,
        "linf": 0.420863538980484
      },
      "layer_3": {
        "l2": 1.5495386123657227,
        "linf": 1.5495386123657227
      },
      "layer_4": {
        "l2": 0.09181924909353256,
        "linf": 0.09181924909353256
      },
      "layer_5": {
        "l2": 0.14082805812358856,
        "linf": 0.14082805812358856
      },
      "layer_6": {
        "l2": 0.01185788307338953,
        "linf": 0.01185788307338953
      },
      "layer_7": {
        "l2": 0.004460013005882502,
        "linf": 0.004460013005882502
      }
    }
  },
  "bc_value": {
    "train": {
      "layer_1": {
        "l2": 1.7014591693878174,
        "linf": 1.7014591693878174
      },
      "layer_2": {
        "l2": 1.892336130142212,
        "linf": 1.892336130142212
      },
      "layer_3": {
        "l2": 2.685898542404175,
        "linf": 2.685898542404175
      },
      "layer_4": {
        "l2": 1.3312612771987915,
        "linf": 1.3312612771987915
      },
      "layer_5": {
        "l2": 1.1970727443695068,
        "linf": 1.1970727443695068
      },
      "layer_6": {
        "l2": 1.1852359771728516,
        "linf": 1.1852359771728516
      },