{
  "layers_analyzed": [
    "layer_1",
    "layer_2",
    "layer_3",
    "layer_4",
    "layer_5"
  ],
  "num_layers": 5,
  "train": {
    "layer_1": {
      "h_norm": 0.4816466271877289,
      "residual_norm": 0.7660256028175354,
      "residual_inf_norm": 0.7660256028175354,
      "h_t_norm": 0.46236395835876465,
      "h_x_norm": 1.7600780725479126,
      "h_xx_norm": 9.547846794128418,
      "convection_norm": 0.8015211224555969
    },
    "layer_2": {
      "h_norm": 0.5371726751327515,
      "residual_norm": 1.1477628946304321,
      "residual_inf_norm": 1.1477628946304321,
      "h_t_norm": 1.118370532989502,
      "h_x_norm": 2.235888719558716,
      "h_xx_norm": 26.584510803222656,
      "convection_norm": 1.124821662902832
    },
    "layer_3": {
      "h_norm": 0.5373743176460266,
      "residual_norm": 0.3824446499347687,
      "residual_inf_norm": 0.3824446499347687,
      "h_t_norm": 0.6005409359931946,
      "h_x_norm": 1.9006617069244385,
      "h_xx_norm": 43.30153274536133,
      "convection_norm": 0.906330406665802
    },
    "layer_4": {
      "h_norm": 0.5375230312347412,
      "residual_norm": 0.35042518377304077,
      "residual_inf_norm": 0.35042518377304077,
      "h_t_norm": 0.6225581169128418,
      "h_x_norm": 1.924084186553955,
      "h_xx_norm": 52.52915954589844,
      "convection_norm": 0.9360777139663696
    },
    "layer_5": {
      "h_norm": 0.538367509841919,
      "residual_norm": 0.04059814289212227,
      "residual_inf_norm": 0.04059814289212227,
      "h_t_norm": 0.6081573367118835,
      "h_x_norm": 1.852210283279419,
      "h_xx_norm": 87.75392150878906,
      "convection_norm": 0.8749140501022339
    }
  },
  "eval": {
    "layer_1": {
      "h_norm": 0.4798395037651062,
      "residual_norm": 0.7645090818405151,
      "residual_inf_norm": 0.7645090818405151,
      "h_t_norm": 0.456851989030838,
      "h_x_norm": 1.766610026359558,
      "h_xx_norm": 9.53962230682373,
      "convection_norm": 0.8055770397186279
    },
    "layer_2": {
      "h_norm": 0.5377568006515503,
      "residual_norm": 1.1831486225128174,
      "residual_inf_norm": 1.1831486225128174,
      "h_t_norm": 1.1143436431884766,
      "h_x_norm": 2.2636563777923584,
      "h_xx_norm": 26.83073616027832,
      "convection_norm": 1.1407878398895264
    },
    "layer_3": {
      "h_norm": 0.5378876328468323,
      "residual_norm": 0.39119482040405273,
      "residual_inf_norm": 0.39119482040405273,
      "h_t_norm": 0.6034215092658997,
      "h_x_norm": 1.9391332864761353,
      "h_xx_norm": 44.96184158325195,
      "convection_norm": 0.927764356136322
    },
    "layer_4": {
      "h_norm": 0.5384256839752197,
      "residual_norm": 0.36603230237960815,
      "residual_inf_norm": 0.36603230237960815,
      "h_t_norm": 0.6234903931617737,
      "h_x_norm": 1.9419337511062622,
      "h_xx_norm": 55.23006057739258,
      "convection_norm": 0.9555858373641968
    },
    "layer_5": {
      "h_norm": 0.5391044616699219,
      "residual_norm": 0.040867164731025696,
      "residual_inf_norm": 0.040867164731025696,
      "h_t_norm": 0.6075159311294556,
      "h_x_norm": 1.8355368375778198,
      "h_xx_norm": 88.95498657226562,
      "convection_norm": 0.877831220626831
    }
  },
  "layer_norms": {
    "layer_1": {
      "train_residual_l2": 0.7660256028175354,
      "eval_residual_l2": 0.7645090818405151,
      "train_residual_linf": 0.7660256028175354,
      "eval_residual_linf": 0.7645090818405151
    },
    "layer_2": {
      "train_residual_l2": 1.1477628946304321,
      "eval_residual_l2": 1.1831486225128174,
      "train_residual_linf": 1.1477628946304321,
      "eval_residual_linf": 1.1831486225128174
    },
    "layer_3": {
      "train_residual_l2": 0.3824446499347687,
      "eval_residual_l2": 0.39119482040405273,
      "train_residual_linf": 0.3824446499347687,
      "eval_residual_linf": 0.39119482040405273
    },
    "layer_4": {
      "train_residual_l2": 0.35042518377304077,
      "eval_residual_l2": 0.36603230237960815,
      "train_residual_linf": 0.35042518377304077,
      "eval_residual_linf": 0.36603230237960815
    },
    "layer_5": {
      "train_residual_l2": 0.04059814289212227,
      "eval_residual_l2": 0.040867164731025696,
      "train_residual_linf": 0.04059814289212227,
      "eval_residual_linf": 0.040867164731025696
    }
  },
  "ic": {
    "train": {
      "layer_1": {
        "l2": 0.08332375437021255,
        "linf": 0.08332375437021255
      },
      "layer_2": {
        "l2": 0.13974079489707947,
        "linf": 0.13974079489707947
      },
      "layer_3": {
        "l2": 0.051124509423971176,
        "linf": 0.051124509423971176
      },
      "layer_4": {
        "l2": 0.0372399240732193,
        "linf": 0.0372399240732193
      },
      "layer_5": {
        "l2": 0.005345592275261879,
        "linf": 0.005345592275261879
      }
    },
    "eval": {
      "layer_1": {
        "l2": 0.085859514772892,
        "linf": 0.085859514772892
      },
      "layer_2": {
        "l2": 0.12717205286026,
        "linf": 0.12717205286026
      },
      "layer_3": {
        "l2": 0.06068258360028267,
        "linf": 0.06068258360028267
      },
      "layer_4": {
        "l2": 0.04318986088037491,
        "linf": 0.04318986088037491
      },
      "layer_5": {
        "l2": 0.005424885079264641,
        "linf": 0.005424885079264641
      }
    }
  },
  "bc_value": {
    "train": {
      "layer_1": {
        "l2": 0.3099620044231415,
        "linf": 0.3099620044231415
      },
      "layer_2": {
        "l2": 0.1257694959640503,
        "linf": 0.1257694959640503
      },
      "layer_3": {
        "l2": 0.043299075216054916,
        "linf": 0.043299075216054916
      },
      "layer_4": {
        "l2": 0.038513749837875366,
        "linf": 0.038513749837875366
      },
      "layer_5": {
        "l2": 0.005783005151897669,
        "linf": 0.005783005151897669
      }
    },
    "eval": {
      "layer_1": {
        "l2": 0.2963835299015045,
        "linf": 0.2963835299015045
      },
      "layer_2": {
        "l2": 0.14236004650592804,
        "linf": 0.14236004650592804
      },
      "layer_3": {
        "l2": 0.05260859802365303,
        "linf": 0.05260859802365303
      },
      "layer_4": {
        "l2": 0.0393223874270916,
        "linf": 0.0393223874270916
      },
      "layer_5": {
        "l2": 0.005446644965559244,
        "linf": 0.005446644965559244
      }
    }
  },
  "bc_derivative": {
    "train": {
      "layer_1": {
        "l2": 1.9803075790405273,
        "linf": 1.9803075790405273
      },
      "layer_2": {
        "l2": 1.8180044889450073,
        "linf": 1.8180044889450073
      },
      "layer_3": {
        "l2": 0.29405850172042847,
        "linf": 0.29405850172042847
      },
      "layer_4": {
        "l2": 0.0822373554110527,
        "linf": 0.0822373554110527
      },
      "layer_5": {
        "l2": 0.05727802589535713,
        "linf": 0.05727802589535713
      }
    },
    "eval": {
      "layer_1": {
        "l2": 2.2130210399627686,
        "linf": 2.2130210399627686
      },
      "layer_2": {
        "l2": 1.6186703443527222,
        "linf": 1.6186703443527222
      },
      "layer_3": {
        "l2": 0.3035895526409149,
        "linf": 0.3035895526409149
      },
      "layer_4": {
        "l2": 0.07483570277690887,
        "linf": 0.07483570277690887
      },
      "layer_5": {
        "l2": 0.06232544407248497,
        "linf": 0.06232544407248497
      }
    }
  },
  "final_layer_train_residual": 0.04059814289212227,
  "final_layer_eval_residual": 0.040867164731025696,
  "final_layer_train_residual_inf": 0.04059814289212227,
  "final_layer_eval_residual_inf": 0.040867164731025696,
  "final_layer_train_ic": {
    "l2": 0.005345592275261879,
    "linf": 0.005345592275261879
  },
  "final_layer_eval_ic": {
    "l2": 0.005424885079264641,
    "linf": 0.005424885079264641
  },
  "final_layer_train_bc_value": {
    "l2": 0.005783005151897669,
    "linf": 0.005783005151897669
  },