{
  "layers_analyzed": [
    "layer_1",
    "layer_2",
    "layer_3",
    "layer_4",
    "layer_5"
  ],
  "num_layers": 5,
  "train": {
    "layer_1": {
      "h_norm": 0.8437927961349487,
      "residual_norm": 4.627620697021484,
      "residual_inf_norm": 4.231983661651611,
      "h_t_norm": 4.246822834014893,
      "h_x_norm": 1.5749056339263916,
      "h_xx_norm": 4.372613430023193,
      "nonlinear_norm": 2.0773520469665527
    },
    "layer_2": {
      "h_norm": 0.6108125448226929,
      "residual_norm": 1.5915218591690063,
      "residual_inf_norm": 1.437574028968811,
      "h_t_norm": 2.034473180770874,
      "h_x_norm": 0.8364633917808533,
      "h_xx_norm": 3.0716915130615234,
      "nonlinear_norm": 1.5534001588821411
    },
    "layer_3": {
      "h_norm": 0.5921692252159119,
      "residual_norm": 0.42181992530822754,
      "residual_inf_norm": 0.375335156917572,
      "h_t_norm": 1.6391361951828003,
      "h_x_norm": 0.6971814632415771,
      "h_xx_norm": 1.899511456489563,
      "nonlinear_norm": 1.607492208480835
    },
    "layer_4": {
      "h_norm": 0.5910293459892273,
      "residual_norm": 0.2073049545288086,
      "residual_inf_norm": 0.1852165162563324,
      "h_t_norm": 1.5949527025222778,
      "h_x_norm": 0.6832323670387268,
      "h_xx_norm": 1.7416061162948608,
      "nonlinear_norm": 1.6190987825393677
    },
    "layer_5": {
      "h_norm": 0.5907997488975525,
      "residual_norm": 0.10066059976816177,
      "residual_inf_norm": 0.09122926741838455,
      "h_t_norm": 1.5959017276763916,
      "h_x_norm": 0.678774356842041,
      "h_xx_norm": 1.6875859498977661,
      "nonlinear_norm": 1.6201214790344238
    }
  },
  "eval": {
    "layer_1": {
      "h_norm": 0.891627311706543,
      "residual_norm": 5.3205952644348145,
      "residual_inf_norm": 4.855091094970703,
      "h_t_norm": 4.742290019989014,
      "h_x_norm": 1.6880671977996826,
      "h_xx_norm": 4.640909194946289,
      "nonlinear_norm": 2.584970235824585
    },
    "layer_2": {
      "h_norm": 0.6231968998908997,
      "residual_norm": 1.743098497390747,
      "residual_inf_norm": 1.5727938413619995,
      "h_t_norm": 2.1139726638793945,
      "h_x_norm": 0.8670574426651001,
      "h_xx_norm": 3.2083020210266113,
      "nonlinear_norm": 1.6030505895614624
    },
    "layer_3": {
      "h_norm": 0.6027166247367859,
      "residual_norm": 0.46459779143333435,
      "residual_inf_norm": 0.41251394152641296,
      "h_t_norm": 1.6965134143829346,
      "h_x_norm": 0.7146812081336975,
      "h_xx_norm": 1.8100275993347168,
      "nonlinear_norm": 1.601242184638977
    },
    "layer_4": {
      "h_norm": 0.6010940670967102,
      "residual_norm": 0.2246973216533661,
      "residual_inf_norm": 0.20317484438419342,
      "h_t_norm": 1.6359434127807617,
      "h_x_norm": 0.7037349343299866,
      "h_xx_norm": 1.5996917486190796,
      "nonlinear_norm": 1.6105831861495972
    },
    "layer_5": {
      "h_norm": 0.6014636754989624,
      "residual_norm": 0.10261010378599167,
      "residual_inf_norm": 0.09369833767414093,
      "h_t_norm": 1.6370590925216675,
      "h_x_norm": 0.6973788738250732,
      "h_xx_norm": 1.5589158535003662,
      "nonlinear_norm": 1.617336630821228
    }
  },
  "layer_norms": {
    "layer_1": {
      "train_residual_l2": 4.627620697021484,
      "eval_residual_l2": 5.3205952644348145,
      "train_residual_linf": 4.231983661651611,
      "eval_residual_linf": 4.855091094970703
    },
    "layer_2": {
      "train_residual_l2": 1.5915218591690063,
      "eval_residual_l2": 1.743098497390747,
      "train_residual_linf": 1.437574028968811,
      "eval_residual_linf": 1.5727938413619995
    },
    "layer_3": {
      "train_residual_l2": 0.42181992530822754,
      "eval_residual_l2": 0.46459779143333435,
      "train_residual_linf": 0.375335156917572,
      "eval_residual_linf": 0.41251394152641296
    },
    "layer_4": {
      "train_residual_l2": 0.2073049545288086,
      "eval_residual_l2": 0.2246973216533661,
      "train_residual_linf": 0.1852165162563324,
      "eval_residual_linf": 0.20317484438419342
    },
    "layer_5": {
      "train_residual_l2": 0.10066059976816177,
      "eval_residual_l2": 0.10261010378599167,
      "train_residual_linf": 0.09122926741838455,
      "eval_residual_linf": 0.09369833767414093
    }
  },
  "ic": {
    "train": {
      "layer_1": {
        "l2": 1.2727339267730713,
        "linf": 1.1987512111663818
      },
      "layer_2": {
        "l2": 0.22455067932605743,
        "linf": 0.19980743527412415
      },
      "layer_3": {
        "l2": 0.04253847151994705,
        "linf": 0.03925120830535889
      },
      "layer_4": {
        "l2": 0.022669611498713493,
        "linf": 0.020661454647779465
      },
      "layer_5": {
        "l2": 0.00785477738827467,
        "linf": 0.006964920088648796
      }
    },
    "eval": {
      "layer_1": {
        "l2": 1.3397395610809326,
        "linf": 1.2679275274276733
      },
      "layer_2": {
        "l2": 0.2327381670475006,
        "linf": 0.21271872520446777
      },
      "layer_3": {
        "l2": 0.038568995893001556,
        "linf": 0.03512854129076004
      },
      "layer_4": {
        "l2": 0.023452959954738617,
        "linf": 0.021733984351158142
      },
      "layer_5": {
        "l2": 0.00814330019056797,
        "linf": 0.007173000834882259
      }
    }
  },
  "bc_value": {
    "train": {
      "layer_1": {
        "l2": 1.4706686735153198,
        "linf": 1.3057098388671875
      },
      "layer_2": {
        "l2": 0.10512614995241165,
        "linf": 0.08855762332677841
      },
      "layer_3": {
        "l2": 0.022693071514368057,
        "linf": 0.019373469054698944
      },
      "layer_4": {
        "l2": 0.021127158775925636,
        "linf": 0.0177107322961092
      },
      "layer_5": {
        "l2": 0.007978804409503937,
        "linf": 0.007322696037590504
      }
    },
    "eval": {
      "layer_1": {
        "l2": 1.4834868907928467,
        "linf": 1.29205322265625
      },
      "layer_2": {
        "l2": 0.09915821254253387,
        "linf": 0.08359451591968536
      },
      "layer_3": {
        "l2": 0.026460567489266396,
        "linf": 0.02234058454632759
      },
      "layer_4": {
        "l2": 0.021201033145189285,
        "linf": 0.017318516969680786
      },
      "layer_5": {
        "l2": 0.0075545222498476505,
        "linf": 0.006930530071258545
      }
    }
  },
  "bc_derivative": {
    "train": {
      "layer_1": {
        "l2": 5.538875102996826,
        "linf": 5.328111171722412
      },
      "layer_2": {
        "l2": 0.3845386803150177,
        "linf": 0.36592358350753784
      },
      "layer_3": {
        "l2": 0.0907123014330864,
        "linf": 0.07869169861078262
      },
      "layer_4": {
        "l2": 0.08064589649438858,
        "linf": 0.06756836175918579
      },
      "layer_5": {
        "l2": 0.033814169466495514,
        "linf": 0.029072189703583717
      }
    },
    "eval": {
      "layer_1": {
        "l2": 6.4269843101501465,
        "linf": 6.2555108070373535
      },
      "layer_2": {
        "l2": 0.37596234679222107,
        "linf": 0.35991448163986206
      },
      "layer_3": {
        "l2": 0.07513678818941116,
        "linf": 0.06430678069591522
      },
      "layer_4": {
        "l2": 0.08612880855798721,
        "linf": 0.07102003693580627
      },
      "layer_5": {
        "l2": 0.03531406447291374,
        "linf": 0.030715961009263992
      }
    }
  },
  "final_layer_train_residual": 0.10066059976816177,
  "final_layer_eval_residual": 0.10261010378599167,
  "final_layer_train_residual_inf": 0.09122926741838455,
  "final_layer_eval_residual_inf": 0.09369833767414093,
  "final_layer_train_ic": {
    "l2": 0.00785477738827467,
    "linf": 0.006964920088648796
  },
  "final_layer_eval_ic": {
    "l2": 0.00814330019056797,
    "linf": 0.007173000834882259
  },
  "final_layer_train_bc_value": {
    "l2": 0.007978804409503937,
    "linf": 0.007322696037590504
  },