{
  "layers_analyzed": [
    "layer_1",
    "layer_2",
    "layer_3",
    "layer_4",
    "layer_5"
  ],
  "num_layers": 5,
  "train": {
    "layer_1": {
      "h_norm": 0.4132305681705475,
      "residual_norm": 0.3169630765914917,
      "residual_inf_norm": 0.3169630765914917,
      "h_t_norm": 0.4577166736125946,
      "h_x_norm": 0.4007066488265991,
      "h_xx_norm": 0.4058767259120941,
      "h_tt_norm": 0.45262062549591064
    },
    "layer_2": {
      "h_norm": 0.41595354676246643,
      "residual_norm": 0.2653282582759857,
      "residual_inf_norm": 0.2653282582759857,
      "h_t_norm": 0.44220635294914246,
      "h_x_norm": 0.39798814058303833,
      "h_xx_norm": 0.39928901195526123,
      "h_tt_norm": 0.43602317571640015
    },
    "layer_3": {
      "h_norm": 0.4161548614501953,
      "residual_norm": 0.1821473240852356,
      "residual_inf_norm": 0.1821473240852356,
      "h_t_norm": 0.43337637186050415,
      "h_x_norm": 0.3946250379085541,
      "h_xx_norm": 0.3907068967819214,
      "h_tt_norm": 0.3896394670009613
    },
    "layer_4": {
      "h_norm": 0.41936376690864563,
      "residual_norm": 0.10490469634532928,
      "residual_inf_norm": 0.10490469634532928,
      "h_t_norm": 0.42014503479003906,
      "h_x_norm": 0.389539897441864,
      "h_xx_norm": 0.4071587920188904,
      "h_tt_norm": 0.419476181268692
    },
    "layer_5": {
      "h_norm": 0.4196792244911194,
      "residual_norm": 0.0005050188046880066,
      "residual_inf_norm": 0.0005050188046880066,
      "h_t_norm": 0.4175722301006317,
      "h_x_norm": 0.38836145401000977,
      "h_xx_norm": 0.419528067111969,
      "h_tt_norm": 0.41948559880256653
    }
  },
  "eval": {
    "layer_1": {
      "h_norm": 0.4116952419281006,
      "residual_norm": 0.3147336542606354,
      "residual_inf_norm": 0.3147336542606354,
      "h_t_norm": 0.45605719089508057,
      "h_x_norm": 0.40045732259750366,
      "h_xx_norm": 0.4021443724632263,
      "h_tt_norm": 0.4542476534843445
    },
    "layer_2": {
      "h_norm": 0.4140762686729431,
      "residual_norm": 0.2663414478302002,
      "residual_inf_norm": 0.2663414478302002,
      "h_t_norm": 0.44318896532058716,
      "h_x_norm": 0.3984639048576355,
      "h_xx_norm": 0.39618775248527527,
      "h_tt_norm": 0.4340795576572418
    },
    "layer_3": {
      "h_norm": 0.4140211045742035,
      "residual_norm": 0.18536831438541412,
      "residual_inf_norm": 0.18536831438541412,
      "h_t_norm": 0.4328193664550781,
      "h_x_norm": 0.39392054080963135,
      "h_xx_norm": 0.38769736886024475,
      "h_tt_norm": 0.3898378908634186
    },
    "layer_4": {
      "h_norm": 0.4165858030319214,
      "residual_norm": 0.1073254868388176,
      "residual_inf_norm": 0.1073254868388176,
      "h_t_norm": 0.4208127558231354,
      "h_x_norm": 0.3887692391872406,
      "h_xx_norm": 0.40283799171447754,
      "h_tt_norm": 0.4178916811943054
    },
    "layer_5": {
      "h_norm": 0.4168812334537506,
      "residual_norm": 0.0005045420257374644,
      "residual_inf_norm": 0.0005045420257374644,
      "h_t_norm": 0.4181365966796875,
      "h_x_norm": 0.3877417743206024,
      "h_xx_norm": 0.4166841208934784,
      "h_tt_norm": 0.4166257381439209
    }
  },
  "layer_norms": {
    "layer_1": {
      "train_residual_l2": 0.3169630765914917,
      "eval_residual_l2": 0.3147336542606354,
      "train_residual_linf": 0.3169630765914917,
      "eval_residual_linf": 0.3147336542606354
    },
    "layer_2": {
      "train_residual_l2": 0.2653282582759857,
      "eval_residual_l2": 0.2663414478302002,
      "train_residual_linf": 0.2653282582759857,
      "eval_residual_linf": 0.2663414478302002
    },
    "layer_3": {
      "train_residual_l2": 0.1821473240852356,
      "eval_residual_l2": 0.18536831438541412,
      "train_residual_linf": 0.1821473240852356,
      "eval_residual_linf": 0.18536831438541412
    },
    "layer_4": {
      "train_residual_l2": 0.10490469634532928,
      "eval_residual_l2": 0.1073254868388176,
      "train_residual_linf": 0.10490469634532928,
      "eval_residual_linf": 0.1073254868388176
    },
    "layer_5": {
      "train_residual_l2": 0.0005050188046880066,
      "eval_residual_l2": 0.0005045420257374644,
      "train_residual_linf": 0.0005050188046880066,
      "eval_residual_linf": 0.0005045420257374644
    }
  },
  "ic": {
    "train": {
      "layer_1": {
        "l2": 0.11960020661354065,
        "linf": 0.11960020661354065
      },
      "layer_2": {
        "l2": 0.07382193952798843,
        "linf": 0.07382193952798843
      },
      "layer_3": {
        "l2": 0.057494405657052994,
        "linf": 0.057494405657052994
      },
      "layer_4": {
        "l2": 0.016515173017978668,
        "linf": 0.016515173017978668
      },
      "layer_5": {
        "l2": 8.698341116541997e-05,
        "linf": 8.698341116541997e-05
      }
    },
    "eval": {
      "layer_1": {
        "l2": 0.10216518491506577,
        "linf": 0.10216518491506577
      },
      "layer_2": {
        "l2": 0.06064491346478462,
        "linf": 0.06064491346478462
      },
      "layer_3": {
        "l2": 0.06094161048531532,
        "linf": 0.06094161048531532
      },
      "layer_4": {
        "l2": 0.016154589131474495,
        "linf": 0.016154589131474495
      },
      "layer_5": {
        "l2": 7.933169399620965e-05,
        "linf": 7.933169399620965e-05
      }
    }
  },
  "bc_value": {
    "train": {
      "layer_1": {
        "l2": 1.279628872871399,
        "linf": 1.279628872871399
      },
      "layer_2": {
        "l2": 1.2809267044067383,
        "linf": 1.2809267044067383
      },
      "layer_3": {
        "l2": 1.27690589427948,
        "linf": 1.27690589427948
      },
      "layer_4": {
        "l2": 1.2351229190826416,
        "linf": 1.2351229190826416
      },
      "layer_5": {
        "l2": 1.1811834573745728,
        "linf": 1.1811834573745728
      }
    },
    "eval": {
      "layer_1": {
        "l2": 1.1292482614517212,
        "linf": 1.1292482614517212
      },
      "layer_2": {
        "l2": 1.173210859298706,
        "linf": 1.173210859298706
      },
      "layer_3": {
        "l2": 1.1146340370178223,
        "linf": 1.1146340370178223
      },
      "layer_4": {
        "l2": 1.1197561025619507,
        "linf": 1.1197561025619507
      },
      "layer_5": {
        "l2": 1.0594277381896973,
        "linf": 1.0594277381896973
      }
    }
  },
  "bc_derivative": {
    "train": {
      "layer_1": {
        "l2": 0.23433451354503632,
        "linf": 0.23433451354503632
      },
      "layer_2": {
        "l2": 0.25236907601356506,
        "linf": 0.25236907601356506
      },
      "layer_3": {
        "l2": 0.1163477674126625,
        "linf": 0.1163477674126625
      },
      "layer_4": {
        "l2": 0.19844885170459747,
        "linf": 0.19844885170459747
      },
      "layer_5": {
        "l2": 0.0010925517417490482,
        "linf": 0.0010925517417490482
      }
    },
    "eval": {
      "layer_1": {
        "l2": 0.24275939166545868,
        "linf": 0.24275939166545868
      },
      "layer_2": {
        "l2": 0.2757507264614105,
        "linf": 0.2757507264614105
      },
      "layer_3": {
        "l2": 0.11971300840377808,
        "linf": 0.11971300840377808
      },
      "layer_4": {
        "l2": 0.20835554599761963,
        "linf": 0.20835554599761963
      },
      "layer_5": {
        "l2": 0.0008159141871146858,
        "linf": 0.0008159141871146858
      }
    }
  },
  "final_layer_train_residual": 0.0005050188046880066,
  "final_layer_eval_residual": 0.0005045420257374644,
  "final_layer_train_residual_inf": 0.0005050188046880066,
  "final_layer_eval_residual_inf": 0.0005045420257374644,
  "final_layer_train_ic": {
    "l2": 8.698341116541997e-05,
    "linf": 8.698341116541997e-05
  },
  "final_layer_eval_ic": {
    "l2": 7.933169399620965e-05,
    "linf": 7.933169399620965e-05
  },
  "final_layer_train_bc_value": {
    "l2": 1.1811834573745728,
    "linf": 1.1811834573745728
  },