{
  "layers_analyzed": [
    "layer_1",
    "layer_2",
    "layer_3",
    "layer_4",
    "layer_5",
    "layer_6",
    "layer_7"
  ],
  "num_layers": 7,
  "train": {
    "rel_l2": [
      1.5605732202529907,
      0.9506932497024536,
      1.1452629566192627,
      1.2972439527511597,
      1.4192514419555664,
      5.368679523468018,
      0.5376256704330444
    ],
    "inf_norm": [
      4.574611186981201,
      5.028476715087891,
      4.817453861236572,
      3.4098095893859863,
      5.420153617858887,
      20.157955169677734,
      2.998567819595337
    ]
  },
  "eval": {
    "rel_l2": [
      1.6032817363739014,
      0.9729706048965454,
      1.15872061252594,
      1.3597577810287476,
      1.4747627973556519,
      5.567111968994141,
      0.5331527590751648
    ],
    "inf_norm": [
      4.183141708374023,
      5.029239654541016,
      4.511202335357666,
      3.305408239364624,
      5.40664005279541,
      19.316675186157227,
      2.908304214477539
    ]
  },
  "layer_dimensions": {
    "layer_1": 80,
    "layer_2": 80,
    "layer_3": 80,
    "layer_4": 80,
    "layer_5": 80,
    "layer_6": 80,
    "layer_7": 80
  }
}