{
  "layers_analyzed": [
    "layer_1",
    "layer_2",
    "layer_3",
    "layer_4",
    "layer_5",
    "layer_6",
    "layer_7"
  ],
  "num_layers": 7,
  "train": {
    "rel_l2": [
      0.5770312547683716,
      3.947786569595337,
      0.19889967143535614,
      0.7601422071456909,
      0.032639242708683014,
      0.00830135215073824,
      0.008482272736728191
    ],
    "inf_norm": [
      2.00656795501709,
      11.14666748046875,
      0.8217595815658569,
      2.636489152908325,
      0.23812878131866455,
      0.05502206087112427,
      0.0775492787361145
    ]
  },
  "eval": {
    "rel_l2": [
      0.5835916996002197,
      3.888566017150879,
      0.20241482555866241,
      0.7696899771690369,
      0.03253748267889023,
      0.008283497765660286,
      0.008576524443924427
    ],
    "inf_norm": [
      1.8309056758880615,
      10.895843505859375,
      0.8117466568946838,
      2.5153846740722656,
      0.23812925815582275,
      0.05164909362792969,
      0.06516414880752563
    ]
  },
  "layer_dimensions": {
    "layer_1": 70,
    "layer_2": 70,
    "layer_3": 70,
    "layer_4": 70,
    "layer_5": 70,
    "layer_6": 70,
    "layer_7": 70
  }
}