{
  "layers_analyzed": [
    "layer_1",
    "layer_2",
    "layer_3",
    "layer_4",
    "layer_5",
    "layer_6",
    "layer_7"
  ],
  "num_layers": 7,
  "train": {
    "layer_1": {
      "h_norm": 0.46146702766418457,
      "residual_norm": 1.259159803390503,
      "residual_inf_norm": 1.259159803390503,
      "h_t_norm": 0.5714036226272583,
      "h_x_norm": 0.6135382652282715,
      "h_xx_norm": 1.155776023864746,
      "h_tt_norm": 0.873820960521698
    },
    "layer_2": {
      "h_norm": 0.41421863436698914,
      "residual_norm": 0.43993473052978516,
      "residual_inf_norm": 0.43993473052978516,
      "h_t_norm": 0.45745381712913513,
      "h_x_norm": 0.4117186367511749,
      "h_xx_norm": 0.3944864571094513,
      "h_tt_norm": 0.575553834438324
    },
    "layer_3": {
      "h_norm": 0.41516220569610596,
      "residual_norm": 0.20690231025218964,
      "residual_inf_norm": 0.20690231025218964,
      "h_t_norm": 0.4361628293991089,
      "h_x_norm": 0.39510485529899597,
      "h_xx_norm": 0.3671042323112488,
      "h_tt_norm": 0.4370935261249542
    },
    "layer_4": {
      "h_norm": 0.41813069581985474,
      "residual_norm": 0.1715220808982849,
      "residual_inf_norm": 0.1715220808982849,
      "h_t_norm": 0.4240038990974426,
      "h_x_norm": 0.3964824974536896,
      "h_xx_norm": 0.39311927556991577,
      "h_tt_norm": 0.437217116355896
    },
    "layer_5": {
      "h_norm": 0.4190930128097534,
      "residual_norm": 0.1958046704530716,
      "residual_inf_norm": 0.1958046704530716,
      "h_t_norm": 0.42297783493995667,
      "h_x_norm": 0.39760467410087585,
      "h_xx_norm": 0.42845383286476135,
      "h_tt_norm": 0.4790123999118805
    },
    "layer_6": {
      "h_norm": 0.41997408866882324,
      "residual_norm": 0.08219952136278152,
      "residual_inf_norm": 0.08219952136278152,
      "h_t_norm": 0.41651520133018494,
      "h_x_norm": 0.38980597257614136,
      "h_xx_norm": 0.40675389766693115,
      "h_tt_norm": 0.43987715244293213
    },
    "layer_7": {
      "h_norm": 0.41966670751571655,
      "residual_norm": 0.0006943442858755589,
      "residual_inf_norm": 0.0006943442858755589,
      "h_t_norm": 0.417603075504303,
      "h_x_norm": 0.3884096145629883,
      "h_xx_norm": 0.4193452000617981,
      "h_tt_norm": 0.41941821575164795
    }
  },
  "eval": {
    "layer_1": {
      "h_norm": 0.45494574308395386,
      "residual_norm": 1.3070834875106812,
      "residual_inf_norm": 1.3070834875106812,
      "h_t_norm": 0.5790548920631409,
      "h_x_norm": 0.6228460073471069,
      "h_xx_norm": 1.174089789390564,
      "h_tt_norm": 0.888575553894043
    },
    "layer_2": {
      "h_norm": 0.413019597530365,
      "residual_norm": 0.452562153339386,
      "residual_inf_norm": 0.452562153339386,
      "h_t_norm": 0.46241772174835205,
      "h_x_norm": 0.41240525245666504,
      "h_xx_norm": 0.3946468234062195,
      "h_tt_norm": 0.5786983370780945
    },
    "layer_3": {
      "h_norm": 0.4131079912185669,
      "residual_norm": 0.21094097197055817,
      "residual_inf_norm": 0.21094097197055817,
      "h_t_norm": 0.4377247989177704,
      "h_x_norm": 0.3955596685409546,
      "h_xx_norm": 0.3616870939731598,
      "h_tt_norm": 0.4333782196044922
    },
    "layer_4": {
      "h_norm": 0.4161696434020996,
      "residual_norm": 0.17437908053398132,
      "residual_inf_norm": 0.17437908053398132,
      "h_t_norm": 0.4263359606266022,
      "h_x_norm": 0.39633116126060486,
      "h_xx_norm": 0.39140480756759644,
      "h_tt_norm": 0.43716534972190857
    },
    "layer_5": {
      "h_norm": 0.41758567094802856,
      "residual_norm": 0.19408266246318817,
      "residual_inf_norm": 0.19408266246318817,
      "h_t_norm": 0.42371082305908203,
      "h_x_norm": 0.39749178290367126,
      "h_xx_norm": 0.4320783317089081,
      "h_tt_norm": 0.4724175035953522
    },
    "layer_6": {
      "h_norm": 0.4174351096153259,
      "residual_norm": 0.08132527023553848,
      "residual_inf_norm": 0.08132527023553848,
      "h_t_norm": 0.4179614782333374,
      "h_x_norm": 0.38919302821159363,
      "h_xx_norm": 0.4032575190067291,
      "h_tt_norm": 0.43743017315864563
    },
    "layer_7": {
      "h_norm": 0.41687411069869995,
      "residual_norm": 0.0007019457407295704,
      "residual_inf_norm": 0.0007019457407295704,
      "h_t_norm": 0.41816821694374084,
      "h_x_norm": 0.3877963125705719,
      "h_xx_norm": 0.4165877401828766,
      "h_tt_norm": 0.4166429936885834
    }
  },
  "layer_norms": {
    "layer_1": {
      "train_residual_l2": 1.259159803390503,
      "eval_residual_l2": 1.3070834875106812,
      "train_residual_linf": 1.259159803390503,
      "eval_residual_linf": 1.3070834875106812
    },
    "layer_2": {
      "train_residual_l2": 0.43993473052978516,
      "eval_residual_l2": 0.452562153339386,
      "train_residual_linf": 0.43993473052978516,
      "eval_residual_linf": 0.452562153339386
    },
    "layer_3": {
      "train_residual_l2": 0.20690231025218964,
      "eval_residual_l2": 0.21094097197055817,
      "train_residual_linf": 0.20690231025218964,
      "eval_residual_linf": 0.21094097197055817
    },
    "layer_4": {
      "train_residual_l2": 0.1715220808982849,
      "eval_residual_l2": 0.17437908053398132,
      "train_residual_linf": 0.1715220808982849,
      "eval_residual_linf": 0.17437908053398132
    },
    "layer_5": {
      "train_residual_l2": 0.1958046704530716,
      "eval_residual_l2": 0.19408266246318817,
      "train_residual_linf": 0.1958046704530716,
      "eval_residual_linf": 0.19408266246318817
    },
    "layer_6": {
      "train_residual_l2": 0.08219952136278152,
      "eval_residual_l2": 0.08132527023553848,
      "train_residual_linf": 0.08219952136278152,
      "eval_residual_linf": 0.08132527023553848
    },
    "layer_7": {
      "train_residual_l2": 0.0006943442858755589,
      "eval_residual_l2": 0.0007019457407295704,
      "train_residual_linf": 0.0006943442858755589,
      "eval_residual_linf": 0.0007019457407295704
    }
  },
  "ic": {
    "train": {
      "layer_1": {
        "l2": 0.2719559371471405,
        "linf": 0.2719559371471405
      },
      "layer_2": {
        "l2": 0.11825577914714813,
        "linf": 0.11825577914714813
      },
      "layer_3": {
        "l2": 0.09205106645822525,
        "linf": 0.09205106645822525
      },
      "layer_4": {
        "l2": 0.0657854974269867,
        "linf": 0.0657854974269867
      },
      "layer_5": {
        "l2": 0.07587979733943939,
        "linf": 0.07587979733943939
      },
      "layer_6": {
        "l2": 0.024842824786901474,
        "linf": 0.024842824786901474
      },
      "layer_7": {
        "l2": 0.00011764277587644756,
        "linf": 0.00011764277587644756
      }
    },
    "eval": {
      "layer_1": {
        "l2": 0.2676762044429779,
        "linf": 0.2676762044429779
      },
      "layer_2": {
        "l2": 0.10704855620861053,
        "linf": 0.10704855620861053
      },
      "layer_3": {
        "l2": 0.08507440239191055,
        "linf": 0.08507440239191055
      },
      "layer_4": {
        "l2": 0.06691888719797134,
        "linf": 0.06691888719797134
      },
      "layer_5": {
        "l2": 0.057047005742788315,
        "linf": 0.057047005742788315
      },
      "layer_6": {
        "l2": 0.024470875039696693,
        "linf": 0.024470875039696693
      },
      "layer_7": {
        "l2": 0.0001379895256832242,
        "linf": 0.0001379895256832242
      }
    }
  },
  "bc_value": {
    "train": {
      "layer_1": {
        "l2": 0.49341434240341187,
        "linf": 0.49341434240341187
      },
      "layer_2": {
        "l2": 0.12268684059381485,
        "linf": 0.12268684059381485
      },
      "layer_3": {
        "l2": 0.07932797074317932,
        "linf": 0.07932797074317932
      },
      "layer_4": {
        "l2": 0.06216999888420105,
        "linf": 0.06216999888420105
      },
      "layer_5": {
        "l2": 0.0711100772023201,
        "linf": 0.0711100772023201
      },