{
  "layers_analyzed": [
    "layer_1",
    "layer_2",
    "layer_3",
    "layer_4",
    "layer_5"
  ],
  "num_layers": 5,
  "train": {
    "rel_l2": [
      0.3804703652858734,
      0.15988674759864807,
      0.05925444886088371,
      0.024966752156615257,
      0.0045337253250181675
    ],
    "inf_norm": [
      1.4758405685424805,
      0.4340057373046875,
      0.3131945729255676,
      0.08699637651443481,
      0.03758317232131958
    ]
  },
  "eval": {
    "rel_l2": [
      0.38160738348960876,
      0.16155976057052612,
      0.059143953025341034,
      0.025459356606006622,
      0.004514007363468409
    ],
    "inf_norm": [
      1.2219009399414062,
      0.3769944906234741,
      0.31319552659988403,
      0.07729285955429077,
      0.02668052911758423
    ]
  },
  "layer_dimensions": {
    "layer_1": 70,
    "layer_2": 70,
    "layer_3": 70,
    "layer_4": 70,
    "layer_5": 70
  }
}