{
  "bins": 5,
  "num_classes": 5,
  "num_samples": 4000,
  "layers_analyzed": [
    "layer_1",
    "layer_2",
    "layer_3",
    "layer_4",
    "layer_5",
    "layer_6",
    "layer_7"
  ],
  "layer_accuracies": {
    "layer_1": 0.2415,
    "layer_2": 0.27125,
    "layer_3": 0.38525,
    "layer_4": 0.404,
    "layer_5": 0.35325,
    "layer_6": 0.33825,
    "layer_7": 0.40025
  },
  "layer_compactness": {
    "layer_1": {
      "intra_class": 0.4106967389583588,
      "intra_class_std": 0.2068310114190381,
      "inter_class_mean": 0.3113395869731903,
      "inter_class_std": 0.3193897008895874
    },
    "layer_2": {
      "intra_class": 0.20978427231311797,
      "intra_class_std": 0.1053698144498516,
      "inter_class_mean": 0.14502973854541779,
      "inter_class_std": 0.1306500881910324
    },
    "layer_3": {
      "intra_class": 0.16073871552944183,
      "intra_class_std": 0.08069758057567372,
      "inter_class_mean": 0.12354359775781631,
      "inter_class_std": 0.08977575600147247
    },
    "layer_4": {
      "intra_class": 0.20371945202350616,
      "intra_class_std": 0.10233269900173265,
      "inter_class_mean": 0.17872633039951324,
      "inter_class_std": 0.11909251660108566
    },
    "layer_5": {
      "intra_class": 0.2611763834953308,
      "intra_class_std": 0.13094564768732458,
      "inter_class_mean": 0.228215292096138,
      "inter_class_std": 0.1610906571149826
    },
    "layer_6": {
      "intra_class": 0.2919146418571472,
      "intra_class_std": 0.14696440964972157,
      "inter_class_mean": 0.27007853984832764,
      "inter_class_std": 0.19844864308834076
    },
    "layer_7": {
      "intra_class": 0.2669710278511047,
      "intra_class_std": 0.136025787871947,
      "inter_class_mean": 0.29194149374961853,
      "inter_class_std": 0.19979554414749146
    }
  },
  "layer_margins": {
    "layer_1": {
      "mean_margin": -0.10307515412569046,
      "std_margin": 0.1729491800069809,
      "fraction_positive": 0.2415
    },
    "layer_2": {
      "mean_margin": -0.033109571784734726,
      "std_margin": 0.06320229917764664,
      "fraction_positive": 0.27125
    },
    "layer_3": {
      "mean_margin": -0.01862168312072754,
      "std_margin": 0.04359882324934006,
      "fraction_positive": 0.38525
    },
    "layer_4": {
      "mean_margin": -0.025098152458667755,
      "std_margin": 0.0597686804831028,
      "fraction_positive": 0.404
    },
    "layer_5": {
      "mean_margin": -0.03991897776722908,
      "std_margin": 0.0858403816819191,
      "fraction_positive": 0.35325
    },
    "layer_6": {
      "mean_margin": -0.05653790384531021,
      "std_margin": 0.11325684934854507,
      "fraction_positive": 0.33825
    },
    "layer_7": {
      "mean_margin": -0.05140656605362892,
      "std_margin": 0.11002443730831146,
      "fraction_positive": 0.40025
    }
  }
}