{
  "layers_analyzed": [
    "layer_1",
    "layer_2",
    "layer_3",
    "layer_4",
    "layer_5"
  ],
  "num_layers": 5,
  "train": {
    "layer_1": {
      "h_norm": 0.4979974031448364,
      "residual_norm": 1.7161448001861572,
      "residual_inf_norm": 1.7161448001861572,
      "h_t_norm": 1.4862637519836426,
      "h_x_norm": 1.9276219606399536,
      "h_xx_norm": 10.783329010009766,
      "convection_norm": 0.8271589875221252
    },
    "layer_2": {
      "h_norm": 5.064507484436035,
      "residual_norm": 371.3694152832031,
      "residual_inf_norm": 371.3694152832031,
      "h_t_norm": 58.24497604370117,
      "h_x_norm": 64.4375991821289,
      "h_xx_norm": 957.8355102539062,
      "convection_norm": 359.49261474609375
    },
    "layer_3": {
      "h_norm": 0.5364358425140381,
      "residual_norm": 0.44745221734046936,
      "residual_inf_norm": 0.44745221734046936,
      "h_t_norm": 0.6202322244644165,
      "h_x_norm": 1.938596487045288,
      "h_xx_norm": 42.56778335571289,
      "convection_norm": 0.9300897121429443
    },
    "layer_4": {
      "h_norm": 0.538297176361084,
      "residual_norm": 0.17620697617530823,
      "residual_inf_norm": 0.17620697617530823,
      "h_t_norm": 0.6177539229393005,
      "h_x_norm": 1.8682843446731567,
      "h_xx_norm": 82.63288116455078,
      "convection_norm": 0.8870745301246643
    },
    "layer_5": {
      "h_norm": 0.5383396744728088,
      "residual_norm": 0.016831057146191597,
      "residual_inf_norm": 0.016831057146191597,
      "h_t_norm": 0.6137399077415466,
      "h_x_norm": 1.863756775856018,
      "h_xx_norm": 87.58064270019531,
      "convection_norm": 0.8782739639282227
    }
  },
  "eval": {
    "layer_1": {
      "h_norm": 0.49589312076568604,
      "residual_norm": 1.6975964307785034,
      "residual_inf_norm": 1.6975964307785034,
      "h_t_norm": 1.4704103469848633,
      "h_x_norm": 1.9388006925582886,
      "h_xx_norm": 10.710378646850586,
      "convection_norm": 0.8318729400634766
    },
    "layer_2": {
      "h_norm": 5.071379661560059,
      "residual_norm": 376.1755065917969,
      "residual_inf_norm": 376.1755065917969,
      "h_t_norm": 58.10314178466797,
      "h_x_norm": 64.75076293945312,
      "h_xx_norm": 958.1013793945312,
      "convection_norm": 364.1188049316406
    },
    "layer_3": {
      "h_norm": 0.5365381836891174,
      "residual_norm": 0.4597909450531006,
      "residual_inf_norm": 0.4597909450531006,
      "h_t_norm": 0.6254175901412964,
      "h_x_norm": 1.970114827156067,
      "h_xx_norm": 43.4648323059082,
      "convection_norm": 0.9450123906135559
    },
    "layer_4": {
      "h_norm": 0.5393142700195312,
      "residual_norm": 0.179113507270813,
      "residual_inf_norm": 0.179113507270813,
      "h_t_norm": 0.6196728944778442,
      "h_x_norm": 1.8729172945022583,
      "h_xx_norm": 84.88379669189453,
      "convection_norm": 0.8961376547813416
    },
    "layer_5": {
      "h_norm": 0.539135217666626,
      "residual_norm": 0.01722567155957222,
      "residual_inf_norm": 0.01722567155957222,
      "h_t_norm": 0.616112232208252,
      "h_x_norm": 1.8517980575561523,
      "h_xx_norm": 88.24310302734375,
      "convection_norm": 0.8826233744621277
    }
  },
  "layer_norms": {
    "layer_1": {
      "train_residual_l2": 1.7161448001861572,
      "eval_residual_l2": 1.6975964307785034,
      "train_residual_linf": 1.7161448001861572,
      "eval_residual_linf": 1.6975964307785034
    },
    "layer_2": {
      "train_residual_l2": 371.3694152832031,
      "eval_residual_l2": 376.1755065917969,
      "train_residual_linf": 371.3694152832031,
      "eval_residual_linf": 376.1755065917969
    },
    "layer_3": {
      "train_residual_l2": 0.44745221734046936,
      "eval_residual_l2": 0.4597909450531006,
      "train_residual_linf": 0.44745221734046936,
      "eval_residual_linf": 0.4597909450531006
    },
    "layer_4": {
      "train_residual_l2": 0.17620697617530823,
      "eval_residual_l2": 0.179113507270813,
      "train_residual_linf": 0.17620697617530823,
      "eval_residual_linf": 0.179113507270813
    },
    "layer_5": {
      "train_residual_l2": 0.016831057146191597,
      "eval_residual_l2": 0.01722567155957222,
      "train_residual_linf": 0.016831057146191597,
      "eval_residual_linf": 0.01722567155957222
    }
  },
  "ic": {
    "train": {
      "layer_1": {
        "l2": 0.2853339910507202,
        "linf": 0.2853339910507202
      },
      "layer_2": {
        "l2": 11.260540962219238,
        "linf": 11.260540962219238
      },
      "layer_3": {
        "l2": 0.04002371430397034,
        "linf": 0.04002371430397034
      },
      "layer_4": {
        "l2": 0.014752750284969807,
        "linf": 0.014752750284969807
      },
      "layer_5": {
        "l2": 0.001258617383427918,
        "linf": 0.001258617383427918
      }
    },
    "eval": {
      "layer_1": {
        "l2": 0.281445175409317,
        "linf": 0.281445175409317
      },
      "layer_2": {
        "l2": 12.2657470703125,
        "linf": 12.2657470703125
      },
      "layer_3": {
        "l2": 0.03983353450894356,
        "linf": 0.03983353450894356
      },
      "layer_4": {
        "l2": 0.016605138778686523,
        "linf": 0.016605138778686523
      },
      "layer_5": {
        "l2": 0.0015258819330483675,
        "linf": 0.0015258819330483675
      }
    }
  },
  "bc_value": {
    "train": {
      "layer_1": {
        "l2": 0.4599647521972656,
        "linf": 0.4599647521972656
      },
      "layer_2": {
        "l2": 3.7149999141693115,
        "linf": 3.7149999141693115
      },
      "layer_3": {
        "l2": 0.030899781733751297,
        "linf": 0.030899781733751297
      },
      "layer_4": {
        "l2": 0.025668444111943245,
        "linf": 0.025668444111943245
      },
      "layer_5": {
        "l2": 0.00041988969314843416,
        "linf": 0.00041988969314843416
      }
    },
    "eval": {
      "layer_1": {
        "l2": 0.3989041745662689,
        "linf": 0.3989041745662689
      },
      "layer_2": {
        "l2": 3.9505207538604736,
        "linf": 3.9505207538604736
      },
      "layer_3": {
        "l2": 0.0320899523794651,
        "linf": 0.0320899523794651
      },
      "layer_4": {
        "l2": 0.024655619636178017,
        "linf": 0.024655619636178017
      },
      "layer_5": {
        "l2": 0.0005413144826889038,
        "linf": 0.0005413144826889038
      }
    }
  },
  "bc_derivative": {
    "train": {
      "layer_1": {
        "l2": 3.3381118774414062,
        "linf": 3.3381118774414062
      },
      "layer_2": {
        "l2": 143.66612243652344,
        "linf": 143.66612243652344
      },
      "layer_3": {
        "l2": 0.16570915281772614,
        "linf": 0.16570915281772614
      },
      "layer_4": {
        "l2": 0.13965430855751038,
        "linf": 0.13965430855751038
      },
      "layer_5": {
        "l2": 0.029688186943531036,
        "linf": 0.029688186943531036
      }
    },
    "eval": {
      "layer_1": {
        "l2": 3.138077974319458,
        "linf": 3.138077974319458
      },
      "layer_2": {
        "l2": 150.08108520507812,
        "linf": 150.08108520507812
      },
      "layer_3": {
        "l2": 0.15675659477710724,
        "linf": 0.15675659477710724
      },
      "layer_4": {
        "l2": 0.13608582317829132,
        "linf": 0.13608582317829132
      },
      "layer_5": {
        "l2": 0.034109313040971756,
        "linf": 0.034109313040971756
      }
    }
  },
  "final_layer_train_residual": 0.016831057146191597,
  "final_layer_eval_residual": 0.01722567155957222,
  "final_layer_train_residual_inf": 0.016831057146191597,
  "final_layer_eval_residual_inf": 0.01722567155957222,
  "final_layer_train_ic": {
    "l2": 0.001258617383427918,
    "linf": 0.001258617383427918
  },
  "final_layer_eval_ic": {
    "l2": 0.0015258819330483675,
    "linf": 0.0015258819330483675
  },
  "final_layer_train_bc_value": {
    "l2": 0.00041988969314843416,
    "linf": 0.00041988969314843416
  },