{
  "layers_analyzed": [
    "layer_1",
    "layer_2",
    "layer_3",
    "layer_4",
    "layer_5"
  ],
  "num_layers": 5,
  "train": {
    "layer_1": {
      "h_norm": 0.41851991415023804,
      "residual_norm": 0.30054301023483276,
      "residual_inf_norm": 0.30054301023483276,
      "h_t_norm": 0.43713682889938354,
      "h_x_norm": 0.4095633029937744,
      "h_xx_norm": 0.43323686718940735,
      "h_tt_norm": 0.4458931088447571
    },
    "layer_2": {
      "h_norm": 0.41671544313430786,
      "residual_norm": 0.38283029198646545,
      "residual_inf_norm": 0.38283029198646545,
      "h_t_norm": 0.45003658533096313,
      "h_x_norm": 0.4072133004665375,
      "h_xx_norm": 0.4647802710533142,
      "h_tt_norm": 0.5077369809150696
    },
    "layer_3": {
      "h_norm": 0.4159906804561615,
      "residual_norm": 0.29513150453567505,
      "residual_inf_norm": 0.29513150453567505,
      "h_t_norm": 0.43737179040908813,
      "h_x_norm": 0.3945494294166565,
      "h_xx_norm": 0.386157751083374,
      "h_tt_norm": 0.4931632876396179
    },
    "layer_4": {
      "h_norm": 0.4189451038837433,
      "residual_norm": 0.09553500264883041,
      "residual_inf_norm": 0.09553500264883041,
      "h_t_norm": 0.4195248484611511,
      "h_x_norm": 0.3901534676551819,
      "h_xx_norm": 0.41272228956222534,
      "h_tt_norm": 0.42765653133392334
    },
    "layer_5": {
      "h_norm": 0.4196852743625641,
      "residual_norm": 0.0008608528878539801,
      "residual_inf_norm": 0.0008608528878539801,
      "h_t_norm": 0.4175730049610138,
      "h_x_norm": 0.3883427381515503,
      "h_xx_norm": 0.4194154739379883,
      "h_tt_norm": 0.4193705916404724
    }
  },
  "eval": {
    "layer_1": {
      "h_norm": 0.41668131947517395,
      "residual_norm": 0.3044390380382538,
      "residual_inf_norm": 0.3044390380382538,
      "h_t_norm": 0.4381103515625,
      "h_x_norm": 0.41110438108444214,
      "h_xx_norm": 0.432682603597641,
      "h_tt_norm": 0.4496538043022156
    },
    "layer_2": {
      "h_norm": 0.41491568088531494,
      "residual_norm": 0.38394278287887573,
      "residual_inf_norm": 0.38394278287887573,
      "h_t_norm": 0.4508243203163147,
      "h_x_norm": 0.4060155153274536,
      "h_xx_norm": 0.46135684847831726,
      "h_tt_norm": 0.5066391825675964
    },
    "layer_3": {
      "h_norm": 0.4133729934692383,
      "residual_norm": 0.2948644459247589,
      "residual_inf_norm": 0.2948644459247589,
      "h_t_norm": 0.43868425488471985,
      "h_x_norm": 0.39539188146591187,
      "h_xx_norm": 0.38010844588279724,
      "h_tt_norm": 0.48992863297462463
    },
    "layer_4": {
      "h_norm": 0.41617149114608765,
      "residual_norm": 0.09443973004817963,
      "residual_inf_norm": 0.09443973004817963,
      "h_t_norm": 0.42067378759384155,
      "h_x_norm": 0.389117032289505,
      "h_xx_norm": 0.40900012850761414,
      "h_tt_norm": 0.4238075315952301
    },
    "layer_5": {
      "h_norm": 0.41689008474349976,
      "residual_norm": 0.000865305308252573,
      "residual_inf_norm": 0.000865305308252573,
      "h_t_norm": 0.418148398399353,
      "h_x_norm": 0.38770514726638794,
      "h_xx_norm": 0.41658303141593933,
      "h_tt_norm": 0.4165596067905426
    }
  },
  "layer_norms": {
    "layer_1": {
      "train_residual_l2": 0.30054301023483276,
      "eval_residual_l2": 0.3044390380382538,
      "train_residual_linf": 0.30054301023483276,
      "eval_residual_linf": 0.3044390380382538
    },
    "layer_2": {
      "train_residual_l2": 0.38283029198646545,
      "eval_residual_l2": 0.38394278287887573,
      "train_residual_linf": 0.38283029198646545,
      "eval_residual_linf": 0.38394278287887573
    },
    "layer_3": {
      "train_residual_l2": 0.29513150453567505,
      "eval_residual_l2": 0.2948644459247589,
      "train_residual_linf": 0.29513150453567505,
      "eval_residual_linf": 0.2948644459247589
    },
    "layer_4": {
      "train_residual_l2": 0.09553500264883041,
      "eval_residual_l2": 0.09443973004817963,
      "train_residual_linf": 0.09553500264883041,
      "eval_residual_linf": 0.09443973004817963
    },
    "layer_5": {
      "train_residual_l2": 0.0008608528878539801,
      "eval_residual_l2": 0.000865305308252573,
      "train_residual_linf": 0.0008608528878539801,
      "eval_residual_linf": 0.000865305308252573
    }
  },
  "ic": {
    "train": {
      "layer_1": {
        "l2": 0.0902893990278244,
        "linf": 0.0902893990278244
      },
      "layer_2": {
        "l2": 0.06952716410160065,
        "linf": 0.06952716410160065
      },
      "layer_3": {
        "l2": 0.06066882237792015,
        "linf": 0.06066882237792015
      },
      "layer_4": {
        "l2": 0.01932295598089695,
        "linf": 0.01932295598089695
      },
      "layer_5": {
        "l2": 0.00020192592637613416,
        "linf": 0.00020192592637613416
      }
    },
    "eval": {
      "layer_1": {
        "l2": 0.08279154449701309,
        "linf": 0.08279154449701309
      },
      "layer_2": {
        "l2": 0.06866282224655151,
        "linf": 0.06866282224655151
      },
      "layer_3": {
        "l2": 0.05100657418370247,
        "linf": 0.05100657418370247
      },
      "layer_4": {
        "l2": 0.015193277969956398,
        "linf": 0.015193277969956398
      },
      "layer_5": {
        "l2": 0.00020688623772002757,
        "linf": 0.00020688623772002757
      }
    }
  },
  "bc_value": {
    "train": {
      "layer_1": {
        "l2": 1.3341108560562134,
        "linf": 1.3341108560562134
      },
      "layer_2": {
        "l2": 1.2083330154418945,
        "linf": 1.2083330154418945
      },
      "layer_3": {
        "l2": 1.2976200580596924,
        "linf": 1.2976200580596924
      },
      "layer_4": {
        "l2": 1.1920533180236816,
        "linf": 1.1920533180236816
      },
      "layer_5": {
        "l2": 1.1810810565948486,
        "linf": 1.1810810565948486
      }
    },
    "eval": {
      "layer_1": {
        "l2": 1.1226701736450195,
        "linf": 1.1226701736450195
      },
      "layer_2": {
        "l2": 1.048082947731018,
        "linf": 1.048082947731018
      },
      "layer_3": {
        "l2": 1.2023731470108032,
        "linf": 1.2023731470108032
      },
      "layer_4": {
        "l2": 1.0652649402618408,
        "linf": 1.0652649402618408
      },
      "layer_5": {
        "l2": 1.0592247247695923,
        "linf": 1.0592247247695923
      }
    }
  },
  "bc_derivative": {
    "train": {
      "layer_1": {
        "l2": 0.3048664331436157,
        "linf": 0.3048664331436157
      },
      "layer_2": {
        "l2": 0.32766488194465637,
        "linf": 0.32766488194465637
      },
      "layer_3": {
        "l2": 0.14691852033138275,
        "linf": 0.14691852033138275
      },
      "layer_4": {
        "l2": 0.17642463743686676,
        "linf": 0.17642463743686676
      },
      "layer_5": {
        "l2": 0.0014401619555428624,
        "linf": 0.0014401619555428624
      }
    },
    "eval": {
      "layer_1": {
        "l2": 0.29382404685020447,
        "linf": 0.29382404685020447
      },
      "layer_2": {
        "l2": 0.27101245522499084,
        "linf": 0.27101245522499084
      },
      "layer_3": {
        "l2": 0.10939016193151474,
        "linf": 0.10939016193151474
      },
      "layer_4": {
        "l2": 0.18031513690948486,
        "linf": 0.18031513690948486
      },
      "layer_5": {
        "l2": 0.0010811812244355679,
        "linf": 0.0010811812244355679
      }
    }
  },
  "final_layer_train_residual": 0.0008608528878539801,
  "final_layer_eval_residual": 0.000865305308252573,
  "final_layer_train_residual_inf": 0.0008608528878539801,
  "final_layer_eval_residual_inf": 0.000865305308252573,
  "final_layer_train_ic": {
    "l2": 0.00020192592637613416,
    "linf": 0.00020192592637613416
  },
  "final_layer_eval_ic": {
    "l2": 0.00020688623772002757,
    "linf": 0.00020688623772002757
  },
  "final_layer_train_bc_value": {
    "l2": 1.1810810565948486,