{
  "layers_analyzed": [
    "layer_1",
    "layer_2",
    "layer_3",
    "layer_4",
    "layer_5"
  ],
  "num_layers": 5,
  "train": {
    "rel_l2": [
      0.509312093257904,
      1.3897055387496948,
      0.0773107185959816,
      0.021505940705537796,
      0.00981386099010706
    ],
    "inf_norm": [
      1.1388757228851318,
      3.673689842224121,
      0.4982483983039856,
      0.13820910453796387,
      0.11011766642332077
    ]
  },
  "eval": {
    "rel_l2": [
      0.5096307396888733,
      1.3866167068481445,
      0.07896166294813156,
      0.02151470258831978,
      0.00989967118948698
    ],
    "inf_norm": [
      1.1368579864501953,
      3.5531930923461914,
      0.49334871768951416,
      0.12007606029510498,
      0.11011766642332077
    ]
  },
  "layer_dimensions": {
    "layer_1": 50,
    "layer_2": 50,
    "layer_3": 50,
    "layer_4": 50,
    "layer_5": 50
  }
}