{
  "layers_analyzed": [
    "layer_1",
    "layer_2",
    "layer_3",
    "layer_4",
    "layer_5"
  ],
  "num_layers": 5,
  "train": {
    "rel_l2": [
      0.12307070940732956,
      0.45077747106552124,
      0.07487040758132935,
      0.02061120979487896,
      0.0004650250484701246
    ],
    "inf_norm": [
      0.5275469422340393,
      1.4549283981323242,
      0.37526631355285645,
      0.08383411169052124,
      0.007568299770355225
    ]
  },
  "eval": {
    "rel_l2": [
      0.12405619770288467,
      0.44959330558776855,
      0.07555683702230453,
      0.020866334438323975,
      0.00045590719673782587
    ],
    "inf_norm": [
      0.5275011658668518,
      1.222388744354248,
      0.36657100915908813,
      0.0717272162437439,
      0.00497967004776001
    ]
  },
  "layer_dimensions": {
    "layer_1": 70,
    "layer_2": 70,
    "layer_3": 70,
    "layer_4": 70,
    "layer_5": 70
  }
}