{
  "layers_analyzed": [
    "layer_1",
    "layer_2",
    "layer_3",
    "layer_4",
    "layer_5",
    "layer_6",
    "layer_7"
  ],
  "num_layers": 7,
  "train": {
    "layer_1": {
      "h_norm": 0.5941038131713867,
      "residual_norm": 1.8934134244918823,
      "residual_inf_norm": 1.7276660203933716,
      "h_t_norm": 2.1183741092681885,
      "h_x_norm": 0.6872092485427856,
      "h_xx_norm": 1.3936917781829834,
      "nonlinear_norm": 0.9754387140274048
    },
    "layer_2": {
      "h_norm": 0.597135066986084,
      "residual_norm": 1.6669279336929321,
      "residual_inf_norm": 1.5066744089126587,
      "h_t_norm": 2.0460684299468994,
      "h_x_norm": 0.8310202956199646,
      "h_xx_norm": 2.8863940238952637,
      "nonlinear_norm": 1.2800575494766235
    },
    "layer_3": {
      "h_norm": 0.5903690457344055,
      "residual_norm": 1.0614005327224731,
      "residual_inf_norm": 0.9593139886856079,
      "h_t_norm": 1.7925602197647095,
      "h_x_norm": 0.7566766738891602,
      "h_xx_norm": 2.398705005645752,
      "nonlinear_norm": 1.4436575174331665
    },
    "layer_4": {
      "h_norm": 0.591166615486145,
      "residual_norm": 0.678803563117981,
      "residual_inf_norm": 0.60976642370224,
      "h_t_norm": 1.6189522743225098,
      "h_x_norm": 0.7158255577087402,
      "h_xx_norm": 2.107236862182617,
      "nonlinear_norm": 1.5661696195602417
    },
    "layer_5": {
      "h_norm": 0.5913488268852234,
      "residual_norm": 0.3804370164871216,
      "residual_inf_norm": 0.3428349494934082,
      "h_t_norm": 1.5883885622024536,
      "h_x_norm": 0.6922395825386047,
      "h_xx_norm": 1.8522765636444092,
      "nonlinear_norm": 1.6073329448699951
    },
    "layer_6": {
      "h_norm": 0.5911502838134766,
      "residual_norm": 0.09767677634954453,
      "residual_inf_norm": 0.08807313442230225,
      "h_t_norm": 1.594629168510437,
      "h_x_norm": 0.6804349422454834,
      "h_xx_norm": 1.6796269416809082,
      "nonlinear_norm": 1.6190288066864014
    },
    "layer_7": {
      "h_norm": 0.5907634496688843,
      "residual_norm": 0.007768797688186169,
      "residual_inf_norm": 0.007097631227225065,
      "h_t_norm": 1.5900660753250122,
      "h_x_norm": 0.6773360967636108,
      "h_xx_norm": 1.6732960939407349,
      "nonlinear_norm": 1.6206637620925903
    }
  },
  "eval": {
    "layer_1": {
      "h_norm": 0.616947591304779,
      "residual_norm": 2.0052742958068848,
      "residual_inf_norm": 1.825028657913208,
      "h_t_norm": 2.231083393096924,
      "h_x_norm": 0.7160725593566895,
      "h_xx_norm": 1.432521939277649,
      "nonlinear_norm": 1.1343035697937012
    },
    "layer_2": {
      "h_norm": 0.6160826086997986,
      "residual_norm": 1.7452998161315918,
      "residual_inf_norm": 1.5727157592773438,
      "h_t_norm": 2.1855554580688477,
      "h_x_norm": 0.8467511534690857,
      "h_xx_norm": 3.0217783451080322,
      "nonlinear_norm": 1.370227336883545
    },
    "layer_3": {
      "h_norm": 0.6058995723724365,
      "residual_norm": 1.0907561779022217,
      "residual_inf_norm": 0.98334139585495,
      "h_t_norm": 1.879396677017212,
      "h_x_norm": 0.7825449109077454,
      "h_xx_norm": 2.4281601905822754,
      "nonlinear_norm": 1.4916069507598877
    },
    "layer_4": {
      "h_norm": 0.6013638377189636,
      "residual_norm": 0.7239019274711609,
      "residual_inf_norm": 0.6474266648292542,
      "h_t_norm": 1.6560145616531372,
      "h_x_norm": 0.7364218235015869,
      "h_xx_norm": 2.0216805934906006,
      "nonlinear_norm": 1.560477375984192
    },
    "layer_5": {
      "h_norm": 0.6032336950302124,
      "residual_norm": 0.4036380350589752,
      "residual_inf_norm": 0.36504417657852173,
      "h_t_norm": 1.6230567693710327,
      "h_x_norm": 0.7105202078819275,
      "h_xx_norm": 1.7306787967681885,
      "nonlinear_norm": 1.60735023021698
    },
    "layer_6": {
      "h_norm": 0.6017683148384094,
      "residual_norm": 0.09522706270217896,
      "residual_inf_norm": 0.08548570424318314,
      "h_t_norm": 1.6385096311569214,
      "h_x_norm": 0.697981595993042,
      "h_xx_norm": 1.5173286199569702,
      "nonlinear_norm": 1.608501672744751
    },
    "layer_7": {
      "h_norm": 0.6013096570968628,
      "residual_norm": 0.00765465572476387,
      "residual_inf_norm": 0.006971985567361116,
      "h_t_norm": 1.6302154064178467,
      "h_x_norm": 0.6950442790985107,
      "h_xx_norm": 1.529383659362793,
      "nonlinear_norm": 1.6141585111618042
    }
  },
  "layer_norms": {
    "layer_1": {
      "train_residual_l2": 1.8934134244918823,
      "eval_residual_l2": 2.0052742958068848,
      "train_residual_linf": 1.7276660203933716,
      "eval_residual_linf": 1.825028657913208
    },
    "layer_2": {
      "train_residual_l2": 1.6669279336929321,
      "eval_residual_l2": 1.7452998161315918,
      "train_residual_linf": 1.5066744089126587,
      "eval_residual_linf": 1.5727157592773438
    },
    "layer_3": {
      "train_residual_l2": 1.0614005327224731,
      "eval_residual_l2": 1.0907561779022217,
      "train_residual_linf": 0.9593139886856079,
      "eval_residual_linf": 0.98334139585495
    },
    "layer_4": {
      "train_residual_l2": 0.678803563117981,
      "eval_residual_l2": 0.7239019274711609,
      "train_residual_linf": 0.60976642370224,
      "eval_residual_linf": 0.6474266648292542
    },
    "layer_5": {
      "train_residual_l2": 0.3804370164871216,
      "eval_residual_l2": 0.4036380350589752,
      "train_residual_linf": 0.3428349494934082,
      "eval_residual_linf": 0.36504417657852173
    },
    "layer_6": {
      "train_residual_l2": 0.09767677634954453,
      "eval_residual_l2": 0.09522706270217896,
      "train_residual_linf": 0.08807313442230225,
      "eval_residual_linf": 0.08548570424318314
    },
    "layer_7": {
      "train_residual_l2": 0.007768797688186169,
      "eval_residual_l2": 0.00765465572476387,
      "train_residual_linf": 0.007097631227225065,
      "eval_residual_linf": 0.006971985567361116
    }
  },
  "ic": {
    "train": {
      "layer_1": {
        "l2": 0.5651523470878601,
        "linf": 0.5231464505195618
      },
      "layer_2": {
        "l2": 0.3044329583644867,
        "linf": 0.2654374837875366
      },
      "layer_3": {
        "l2": 0.166579931974411,
        "linf": 0.15238793194293976
      },
      "layer_4": {
        "l2": 0.11095312982797623,
        "linf": 0.10337942093610764
      },
      "layer_5": {
        "l2": 0.06295046210289001,
        "linf": 0.05834205076098442
      },
      "layer_6": {
        "l2": 0.01238905917853117,
        "linf": 0.010988091118633747
      },
      "layer_7": {
        "l2": 0.0014009346487000585,
        "linf": 0.0013296033721417189
      }
    },
    "eval": {
      "layer_1": {
        "l2": 0.6268150210380554,
        "linf": 0.5853308439254761
      },
      "layer_2": {
        "l2": 0.31166544556617737,
        "linf": 0.2879481017589569
      },
      "layer_3": {
        "l2": 0.16111576557159424,
        "linf": 0.1468605101108551
      },
      "layer_4": {
        "l2": 0.1111697182059288,
        "linf": 0.10031745582818985
      },
      "layer_5": {
        "l2": 0.06400889903306961,
        "linf": 0.058897823095321655
      },
      "layer_6": {
        "l2": 0.01450520008802414,
        "linf": 0.01248219609260559
      },
      "layer_7": {
        "l2": 0.0015337227378040552,
        "linf": 0.0014793741283938289
      }
    }
  },
  "bc_value": {
    "train": {
      "layer_1": {
        "l2": 0.1328093409538269,
        "linf": 0.11257579177618027
      },
      "layer_2": {
        "l2": 0.20897451043128967,
        "linf": 0.18451820313930511
      },
      "layer_3": {
        "l2": 0.18441574275493622,
        "linf": 0.17345267534255981
      },
      "layer_4": {
        "l2": 0.06720700860023499,
        "linf": 0.06362411379814148
      },
      "layer_5": {
        "l2": 0.0205021183937788,
        "linf": 0.018250394612550735
      },