{
  "layers_analyzed": [
    "layer_1",
    "layer_2",
    "layer_3",
    "layer_4",
    "layer_5"
  ],
  "num_layers": 5,
  "train": {
    "rel_l2": [
      0.20471695065498352,
      0.14417746663093567,
      0.11315188556909561,
      0.04661310091614723,
      0.005473981145769358
    ],
    "inf_norm": [
      0.6816962361335754,
      0.495228111743927,
      0.40272462368011475,
      0.1847643256187439,
      0.049414753913879395
    ]
  },
  "eval": {
    "rel_l2": [
      0.20507855713367462,
      0.1453472375869751,
      0.11373577266931534,
      0.047300275415182114,
      0.005415927153080702
    ],
    "inf_norm": [
      0.5978704690933228,
      0.4626661539077759,
      0.3897807002067566,
      0.1847643256187439,
      0.048181235790252686
    ]
  },
  "layer_dimensions": {
    "layer_1": 50,
    "layer_2": 50,
    "layer_3": 50,
    "layer_4": 50,
    "layer_5": 50
  }
}