{
  "layers_analyzed": [
    "layer_1",
    "layer_2",
    "layer_3",
    "layer_4",
    "layer_5"
  ],
  "num_layers": 5,
  "train": {
    "layer_1": {
      "h_norm": 0.5220332741737366,
      "residual_norm": 2.492459774017334,
      "residual_inf_norm": 2.492459774017334,
      "h_t_norm": 0.8700471520423889,
      "h_x_norm": 0.7489378452301025,
      "h_xx_norm": 1.6955851316452026,
      "h_tt_norm": 2.1760199069976807
    },
    "layer_2": {
      "h_norm": 0.4322383999824524,
      "residual_norm": 1.712697982788086,
      "residual_inf_norm": 1.712697982788086,
      "h_t_norm": 0.579107403755188,
      "h_x_norm": 0.5215375423431396,
      "h_xx_norm": 1.1240994930267334,
      "h_tt_norm": 1.649890661239624
    },
    "layer_3": {
      "h_norm": 0.42095935344696045,
      "residual_norm": 0.3273991048336029,
      "residual_inf_norm": 0.3273991048336029,
      "h_t_norm": 0.44054749608039856,
      "h_x_norm": 0.3962705433368683,
      "h_xx_norm": 0.4620421826839447,
      "h_tt_norm": 0.505374550819397
    },
    "layer_4": {
      "h_norm": 0.4194757342338562,
      "residual_norm": 0.07691848278045654,
      "residual_inf_norm": 0.07691848278045654,
      "h_t_norm": 0.4208298325538635,
      "h_x_norm": 0.3880298435688019,
      "h_xx_norm": 0.4172779619693756,
      "h_tt_norm": 0.4158037304878235
    },
    "layer_5": {
      "h_norm": 0.41967928409576416,
      "residual_norm": 0.0009376720408909023,
      "residual_inf_norm": 0.0009376720408909023,
      "h_t_norm": 0.41756293177604675,
      "h_x_norm": 0.38832494616508484,
      "h_xx_norm": 0.41929876804351807,
      "h_tt_norm": 0.41943106055259705
    }
  },
  "eval": {
    "layer_1": {
      "h_norm": 0.5219628214836121,
      "residual_norm": 2.5313503742218018,
      "residual_inf_norm": 2.5313503742218018,
      "h_t_norm": 0.8812441825866699,
      "h_x_norm": 0.7620668411254883,
      "h_xx_norm": 1.697753667831421,
      "h_tt_norm": 2.2257518768310547
    },
    "layer_2": {
      "h_norm": 0.4320158362388611,
      "residual_norm": 1.7786022424697876,
      "residual_inf_norm": 1.7786022424697876,
      "h_t_norm": 0.5844517350196838,
      "h_x_norm": 0.5293609499931335,
      "h_xx_norm": 1.136871099472046,
      "h_tt_norm": 1.6900452375411987
    },
    "layer_3": {
      "h_norm": 0.4176173806190491,
      "residual_norm": 0.33054959774017334,
      "residual_inf_norm": 0.33054959774017334,
      "h_t_norm": 0.4438987076282501,
      "h_x_norm": 0.3967544734477997,
      "h_xx_norm": 0.4485451579093933,
      "h_tt_norm": 0.5042392611503601
    },
    "layer_4": {
      "h_norm": 0.416860431432724,
      "residual_norm": 0.0763547495007515,
      "residual_inf_norm": 0.0763547495007515,
      "h_t_norm": 0.421610563993454,
      "h_x_norm": 0.3872598707675934,
      "h_xx_norm": 0.41539469361305237,
      "h_tt_norm": 0.41501477360725403
    },
    "layer_5": {
      "h_norm": 0.4168859124183655,
      "residual_norm": 0.0009433916420675814,
      "residual_inf_norm": 0.0009433916420675814,
      "h_t_norm": 0.41813063621520996,
      "h_x_norm": 0.38768965005874634,
      "h_xx_norm": 0.416475385427475,
      "h_tt_norm": 0.4166189730167389
    }
  },
  "layer_norms": {
    "layer_1": {
      "train_residual_l2": 2.492459774017334,
      "eval_residual_l2": 2.5313503742218018,
      "train_residual_linf": 2.492459774017334,
      "eval_residual_linf": 2.5313503742218018
    },
    "layer_2": {
      "train_residual_l2": 1.712697982788086,
      "eval_residual_l2": 1.7786022424697876,
      "train_residual_linf": 1.712697982788086,
      "eval_residual_linf": 1.7786022424697876
    },
    "layer_3": {
      "train_residual_l2": 0.3273991048336029,
      "eval_residual_l2": 0.33054959774017334,
      "train_residual_linf": 0.3273991048336029,
      "eval_residual_linf": 0.33054959774017334
    },
    "layer_4": {
      "train_residual_l2": 0.07691848278045654,
      "eval_residual_l2": 0.0763547495007515,
      "train_residual_linf": 0.07691848278045654,
      "eval_residual_linf": 0.0763547495007515
    },
    "layer_5": {
      "train_residual_l2": 0.0009376720408909023,
      "eval_residual_l2": 0.0009433916420675814,
      "train_residual_linf": 0.0009376720408909023,
      "eval_residual_linf": 0.0009433916420675814
    }
  },
  "ic": {
    "train": {
      "layer_1": {
        "l2": 0.6887142658233643,
        "linf": 0.6887142658233643
      },
      "layer_2": {
        "l2": 0.21770620346069336,
        "linf": 0.21770620346069336
      },
      "layer_3": {
        "l2": 0.05953890457749367,
        "linf": 0.05953890457749367
      },
      "layer_4": {
        "l2": 0.01181299239397049,
        "linf": 0.01181299239397049
      },
      "layer_5": {
        "l2": 0.00019953378068748862,
        "linf": 0.00019953378068748862
      }
    },
    "eval": {
      "layer_1": {
        "l2": 0.7095401883125305,
        "linf": 0.7095401883125305
      },
      "layer_2": {
        "l2": 0.20404309034347534,
        "linf": 0.20404309034347534
      },
      "layer_3": {
        "l2": 0.0604916587471962,
        "linf": 0.0604916587471962
      },
      "layer_4": {
        "l2": 0.011422920040786266,
        "linf": 0.011422920040786266
      },
      "layer_5": {
        "l2": 0.0001972609752556309,
        "linf": 0.0001972609752556309
      }
    }
  },
  "bc_value": {
    "train": {
      "layer_1": {
        "l2": 0.9919299483299255,
        "linf": 0.9919299483299255
      },
      "layer_2": {
        "l2": 1.4971050024032593,
        "linf": 1.4971050024032593
      },
      "layer_3": {
        "l2": 1.2441781759262085,
        "linf": 1.2441781759262085
      },
      "layer_4": {
        "l2": 1.183532953262329,
        "linf": 1.183532953262329
      },
      "layer_5": {
        "l2": 1.1813184022903442,
        "linf": 1.1813184022903442
      }
    },
    "eval": {
      "layer_1": {
        "l2": 0.9787089228630066,
        "linf": 0.9787089228630066
      },
      "layer_2": {
        "l2": 1.3783196210861206,
        "linf": 1.3783196210861206
      },
      "layer_3": {
        "l2": 1.105922818183899,
        "linf": 1.105922818183899
      },
      "layer_4": {
        "l2": 1.0586143732070923,
        "linf": 1.0586143732070923
      },
      "layer_5": {
        "l2": 1.0595449209213257,
        "linf": 1.0595449209213257
      }
    }
  },
  "bc_derivative": {
    "train": {
      "layer_1": {
        "l2": 3.306757926940918,
        "linf": 3.306757926940918
      },
      "layer_2": {
        "l2": 1.1969451904296875,
        "linf": 1.1969451904296875
      },
      "layer_3": {
        "l2": 0.23636186122894287,
        "linf": 0.23636186122894287
      },
      "layer_4": {
        "l2": 0.05251987278461456,
        "linf": 0.05251987278461456
      },
      "layer_5": {
        "l2": 0.001697549712844193,
        "linf": 0.001697549712844193
      }
    },
    "eval": {
      "layer_1": {
        "l2": 3.5807130336761475,
        "linf": 3.5807130336761475
      },
      "layer_2": {
        "l2": 1.3641290664672852,
        "linf": 1.3641290664672852
      },
      "layer_3": {
        "l2": 0.24575300514698029,
        "linf": 0.24575300514698029
      },
      "layer_4": {
        "l2": 0.04803943634033203,
        "linf": 0.04803943634033203
      },
      "layer_5": {
        "l2": 0.001385688898153603,
        "linf": 0.001385688898153603
      }
    }
  },
  "final_layer_train_residual": 0.0009376720408909023,
  "final_layer_eval_residual": 0.0009433916420675814,
  "final_layer_train_residual_inf": 0.0009376720408909023,
  "final_layer_eval_residual_inf": 0.0009433916420675814,
  "final_layer_train_ic": {
    "l2": 0.00019953378068748862,
    "linf": 0.00019953378068748862
  },
  "final_layer_eval_ic": {
    "l2": 0.0001972609752556309,
    "linf": 0.0001972609752556309
  },
  "final_layer_train_bc_value": {
    "l2": 1.1813184022903442,
    "linf": 1.1813184022903442
  },