{
  "layers_analyzed": [
    "layer_1",
    "layer_2",
    "layer_3",
    "layer_4",
    "layer_5"
  ],
  "num_layers": 5,
  "train": {
    "layer_1": {
      "h_norm": 0.5786001682281494,
      "residual_norm": 3.743133544921875,
      "residual_inf_norm": 3.743133544921875,
      "h_t_norm": 1.0913310050964355,
      "h_x_norm": 1.191030502319336,
      "h_xx_norm": 3.0452513694763184,
      "h_tt_norm": 2.68507981300354
    },
    "layer_2": {
      "h_norm": 0.41812899708747864,
      "residual_norm": 0.5667195916175842,
      "residual_inf_norm": 0.5667195916175842,
      "h_t_norm": 0.461835652589798,
      "h_x_norm": 0.4252937436103821,
      "h_xx_norm": 0.5267587900161743,
      "h_tt_norm": 0.6186016798019409
    },
    "layer_3": {
      "h_norm": 0.43190911412239075,
      "residual_norm": 0.9520907998085022,
      "residual_inf_norm": 0.9520907998085022,
      "h_t_norm": 0.47343361377716064,
      "h_x_norm": 0.45921483635902405,
      "h_xx_norm": 0.8568326234817505,
      "h_tt_norm": 0.9152448177337646
    },
    "layer_4": {
      "h_norm": 0.4190728962421417,
      "residual_norm": 0.12281329929828644,
      "residual_inf_norm": 0.12281329929828644,
      "h_t_norm": 0.42502570152282715,
      "h_x_norm": 0.3877297043800354,
      "h_xx_norm": 0.4167218506336212,
      "h_tt_norm": 0.4088188409805298
    },
    "layer_5": {
      "h_norm": 0.41959622502326965,
      "residual_norm": 0.04863683879375458,
      "residual_inf_norm": 0.04863683879375458,
      "h_t_norm": 0.4191383123397827,
      "h_x_norm": 0.3899763226509094,
      "h_xx_norm": 0.42410707473754883,
      "h_tt_norm": 0.41829004883766174
    }
  },
  "eval": {
    "layer_1": {
      "h_norm": 0.582718014717102,
      "residual_norm": 3.8253378868103027,
      "residual_inf_norm": 3.8253378868103027,
      "h_t_norm": 1.1193244457244873,
      "h_x_norm": 1.191582202911377,
      "h_xx_norm": 3.0870895385742188,
      "h_tt_norm": 2.721057176589966
    },
    "layer_2": {
      "h_norm": 0.4161110520362854,
      "residual_norm": 0.5761294960975647,
      "residual_inf_norm": 0.5761294960975647,
      "h_t_norm": 0.46327516436576843,
      "h_x_norm": 0.42822661995887756,
      "h_xx_norm": 0.5247481465339661,
      "h_tt_norm": 0.6236593723297119
    },
    "layer_3": {
      "h_norm": 0.42995086312294006,
      "residual_norm": 0.966758668422699,
      "residual_inf_norm": 0.966758668422699,
      "h_t_norm": 0.48006850481033325,
      "h_x_norm": 0.4620358347892761,
      "h_xx_norm": 0.8754690289497375,
      "h_tt_norm": 0.9220210909843445
    },
    "layer_4": {
      "h_norm": 0.4164907932281494,
      "residual_norm": 0.12166332453489304,
      "residual_inf_norm": 0.12166332453489304,
      "h_t_norm": 0.42641228437423706,
      "h_x_norm": 0.38678938150405884,
      "h_xx_norm": 0.41476577520370483,
      "h_tt_norm": 0.40609458088874817
    },
    "layer_5": {
      "h_norm": 0.41682639718055725,
      "residual_norm": 0.04945598915219307,
      "residual_inf_norm": 0.04945598915219307,
      "h_t_norm": 0.42002615332603455,
      "h_x_norm": 0.389595627784729,
      "h_xx_norm": 0.42132237553596497,
      "h_tt_norm": 0.41520699858665466
    }
  },
  "layer_norms": {
    "layer_1": {
      "train_residual_l2": 3.743133544921875,
      "eval_residual_l2": 3.8253378868103027,
      "train_residual_linf": 3.743133544921875,
      "eval_residual_linf": 3.8253378868103027
    },
    "layer_2": {
      "train_residual_l2": 0.5667195916175842,
      "eval_residual_l2": 0.5761294960975647,
      "train_residual_linf": 0.5667195916175842,
      "eval_residual_linf": 0.5761294960975647
    },
    "layer_3": {
      "train_residual_l2": 0.9520907998085022,
      "eval_residual_l2": 0.966758668422699,
      "train_residual_linf": 0.9520907998085022,
      "eval_residual_linf": 0.966758668422699
    },
    "layer_4": {
      "train_residual_l2": 0.12281329929828644,
      "eval_residual_l2": 0.12166332453489304,
      "train_residual_linf": 0.12281329929828644,
      "eval_residual_linf": 0.12166332453489304
    },
    "layer_5": {
      "train_residual_l2": 0.04863683879375458,
      "eval_residual_l2": 0.04945598915219307,
      "train_residual_linf": 0.04863683879375458,
      "eval_residual_linf": 0.04945598915219307
    }
  },
  "ic": {
    "train": {
      "layer_1": {
        "l2": 1.1124794483184814,
        "linf": 1.1124794483184814
      },
      "layer_2": {
        "l2": 0.1471346765756607,
        "linf": 0.1471346765756607
      },
      "layer_3": {
        "l2": 0.1392674297094345,
        "linf": 0.1392674297094345
      },
      "layer_4": {
        "l2": 0.022158846259117126,
        "linf": 0.022158846259117126
      },
      "layer_5": {
        "l2": 0.005017478950321674,
        "linf": 0.005017478950321674
      }
    },
    "eval": {
      "layer_1": {
        "l2": 1.2696319818496704,
        "linf": 1.2696319818496704
      },
      "layer_2": {
        "l2": 0.1449747234582901,
        "linf": 0.1449747234582901
      },
      "layer_3": {
        "l2": 0.15104755759239197,
        "linf": 0.15104755759239197
      },
      "layer_4": {
        "l2": 0.02130531519651413,
        "linf": 0.02130531519651413
      },
      "layer_5": {
        "l2": 0.00422884663566947,
        "linf": 0.00422884663566947
      }
    }
  },
  "bc_value": {
    "train": {
      "layer_1": {
        "l2": 1.466261625289917,
        "linf": 1.466261625289917
      },
      "layer_2": {
        "l2": 1.3044476509094238,
        "linf": 1.3044476509094238
      },
      "layer_3": {
        "l2": 1.1512566804885864,
        "linf": 1.1512566804885864
      },
      "layer_4": {
        "l2": 1.1962569952011108,
        "linf": 1.1962569952011108
      },
      "layer_5": {
        "l2": 1.1793010234832764,
        "linf": 1.1793010234832764
      }
    },
    "eval": {
      "layer_1": {
        "l2": 1.5334268808364868,
        "linf": 1.5334268808364868
      },
      "layer_2": {
        "l2": 1.127457618713379,
        "linf": 1.127457618713379
      },
      "layer_3": {
        "l2": 1.0493749380111694,
        "linf": 1.0493749380111694
      },
      "layer_4": {
        "l2": 1.073704481124878,
        "linf": 1.073704481124878
      },
      "layer_5": {
        "l2": 1.050676703453064,
        "linf": 1.050676703453064
      }
    }
  },
  "bc_derivative": {
    "train": {
      "layer_1": {
        "l2": 3.7292492389678955,
        "linf": 3.7292492389678955
      },
      "layer_2": {
        "l2": 0.5651893019676208,
        "linf": 0.5651893019676208
      },
      "layer_3": {
        "l2": 1.3694859743118286,
        "linf": 1.3694859743118286
      },
      "layer_4": {
        "l2": 0.12073475867509842,
        "linf": 0.12073475867509842
      },
      "layer_5": {
        "l2": 0.0564255528151989,
        "linf": 0.0564255528151989
      }
    },
    "eval": {
      "layer_1": {
        "l2": 4.386168479919434,
        "linf": 4.386168479919434
      },
      "layer_2": {
        "l2": 0.5781916975975037,
        "linf": 0.5781916975975037
      },
      "layer_3": {
        "l2": 1.4893509149551392,
        "linf": 1.4893509149551392
      },
      "layer_4": {
        "l2": 0.10988544672727585,
        "linf": 0.10988544672727585
      },
      "layer_5": {
        "l2": 0.0579778216779232,
        "linf": 0.0579778216779232
      }
    }
  },
  "final_layer_train_residual": 0.04863683879375458,
  "final_layer_eval_residual": 0.04945598915219307,
  "final_layer_train_residual_inf": 0.04863683879375458,
  "final_layer_eval_residual_inf": 0.04945598915219307,
  "final_layer_train_ic": {
    "l2": 0.005017478950321674,
    "linf": 0.005017478950321674
  },
  "final_layer_eval_ic": {
    "l2": 0.00422884663566947,
    "linf": 0.00422884663566947
  },
  "final_layer_train_bc_value": {
    "l2": 1.1793010234832764,
    "linf": 1.1793010234832764
  },
  "final_layer_eval_bc_value": {
    "l2": 1.050676703453064,