{
  "bins": 5,
  "num_classes": 18,
  "num_samples": 4432,
  "layers_analyzed": [
    "layer_1",
    "layer_2",
    "layer_3",
    "layer_4",
    "layer_5"
  ],
  "layer_accuracies": {
    "layer_1": 0.384927797833935,
    "layer_2": 0.4266696750902527,
    "layer_3": 0.47021660649819497,
    "layer_4": 0.5284296028880866,
    "layer_5": 0.5586642599277978
  },
  "layer_compactness": {
    "layer_1": {
      "intra_class": 0.10399044989702894,
      "intra_class_std": 0.1490646804274727,
      "inter_class_mean": 0.07601160556077957,
      "inter_class_std": 0.0640394389629364
    },
    "layer_2": {
      "intra_class": 0.05662645174093282,
      "intra_class_std": 0.08005158751124851,
      "inter_class_mean": 0.050368472933769226,
      "inter_class_std": 0.04473573714494705
    },
    "layer_3": {
      "intra_class": 0.03383496946672807,
      "intra_class_std": 0.04881342666448566,
      "inter_class_mean": 0.040538400411605835,
      "inter_class_std": 0.03850746899843216
    },
    "layer_4": {
      "intra_class": 0.021621298406197594,
      "intra_class_std": 0.03182859913992616,
      "inter_class_mean": 0.03379763290286064,
      "inter_class_std": 0.03394578769803047
    },
    "layer_5": {
      "intra_class": 0.014179340136767285,
      "intra_class_std": 0.021855456774856313,
      "inter_class_mean": 0.029529454186558723,
      "inter_class_std": 0.030756182968616486
    }
  },
  "layer_margins": {
    "layer_1": {
      "mean_margin": -0.006038825027644634,
      "std_margin": 0.019514039158821106,
      "fraction_positive": 0.384927797833935
    },
    "layer_2": {
      "mean_margin": -0.0025003678165376186,
      "std_margin": 0.01336172129958868,
      "fraction_positive": 0.4266696750902527
    },
    "layer_3": {
      "mean_margin": -0.000697617360856384,
      "std_margin": 0.01282968744635582,
      "fraction_positive": 0.47021660649819497
    },
    "layer_4": {
      "mean_margin": 0.0003010922810062766,
      "std_margin": 0.012927711941301823,
      "fraction_positive": 0.5284296028880866
    },
    "layer_5": {
      "mean_margin": 0.0008587829070165753,
      "std_margin": 0.013884654268622398,
      "fraction_positive": 0.5586642599277978
    }
  }
}