{
  "layers_analyzed": [
    "layer_1",
    "layer_2",
    "layer_3",
    "layer_4",
    "layer_5",
    "layer_6",
    "layer_7"
  ],
  "num_layers": 7,
  "train": {
    "layer_1": {
      "h_norm": 0.4088214933872223,
      "residual_norm": 0.27123332023620605,
      "residual_inf_norm": 0.27123332023620605,
      "h_t_norm": 0.4441939890384674,
      "h_x_norm": 0.406320184469223,
      "h_xx_norm": 0.34586387872695923,
      "h_tt_norm": 0.4100988209247589
    },
    "layer_2": {
      "h_norm": 0.4128568172454834,
      "residual_norm": 0.2891824543476105,
      "residual_inf_norm": 0.2891824543476105,
      "h_t_norm": 0.4429697096347809,
      "h_x_norm": 0.4021754562854767,
      "h_xx_norm": 0.4086523950099945,
      "h_tt_norm": 0.45355114340782166
    },
    "layer_3": {
      "h_norm": 0.4082336127758026,
      "residual_norm": 0.21612215042114258,
      "residual_inf_norm": 0.21612215042114258,
      "h_t_norm": 0.44440245628356934,
      "h_x_norm": 0.4079227149486542,
      "h_xx_norm": 0.37398549914360046,
      "h_tt_norm": 0.39900124073028564
    },
    "layer_4": {
      "h_norm": 0.4115070402622223,
      "residual_norm": 0.28772470355033875,
      "residual_inf_norm": 0.28772470355033875,
      "h_t_norm": 0.44893088936805725,
      "h_x_norm": 0.3963830769062042,
      "h_xx_norm": 0.3699665069580078,
      "h_tt_norm": 0.482160747051239
    },
    "layer_5": {
      "h_norm": 0.4157748520374298,
      "residual_norm": 0.172764390707016,
      "residual_inf_norm": 0.172764390707016,
      "h_t_norm": 0.42888662219047546,
      "h_x_norm": 0.39481908082962036,
      "h_xx_norm": 0.3966068923473358,
      "h_tt_norm": 0.429067999124527
    },
    "layer_6": {
      "h_norm": 0.4175053536891937,
      "residual_norm": 0.0929376482963562,
      "residual_inf_norm": 0.0929376482963562,
      "h_t_norm": 0.41854140162467957,
      "h_x_norm": 0.3914124369621277,
      "h_xx_norm": 0.40159401297569275,
      "h_tt_norm": 0.4197038412094116
    },
    "layer_7": {
      "h_norm": 0.4195111393928528,
      "residual_norm": 0.021432165056467056,
      "residual_inf_norm": 0.021432165056467056,
      "h_t_norm": 0.41881927847862244,
      "h_x_norm": 0.3894004821777344,
      "h_xx_norm": 0.41852208971977234,
      "h_tt_norm": 0.41824981570243835
    }
  },
  "eval": {
    "layer_1": {
      "h_norm": 0.40815091133117676,
      "residual_norm": 0.27352142333984375,
      "residual_inf_norm": 0.27352142333984375,
      "h_t_norm": 0.44437074661254883,
      "h_x_norm": 0.40683138370513916,
      "h_xx_norm": 0.34184759855270386,
      "h_tt_norm": 0.41351914405822754
    },
    "layer_2": {
      "h_norm": 0.4100252687931061,
      "residual_norm": 0.2870613634586334,
      "residual_inf_norm": 0.2870613634586334,
      "h_t_norm": 0.44596612453460693,
      "h_x_norm": 0.40002870559692383,
      "h_xx_norm": 0.4035373628139496,
      "h_tt_norm": 0.4492838680744171
    },
    "layer_3": {
      "h_norm": 0.40602847933769226,
      "residual_norm": 0.21620525419712067,
      "residual_inf_norm": 0.21620525419712067,
      "h_t_norm": 0.44711971282958984,
      "h_x_norm": 0.4079750180244446,
      "h_xx_norm": 0.37199851870536804,
      "h_tt_norm": 0.39926061034202576
    },
    "layer_4": {
      "h_norm": 0.4110585153102875,
      "residual_norm": 0.28531554341316223,
      "residual_inf_norm": 0.28531554341316223,
      "h_t_norm": 0.44950640201568604,
      "h_x_norm": 0.39557573199272156,
      "h_xx_norm": 0.3698071837425232,
      "h_tt_norm": 0.48395276069641113
    },
    "layer_5": {
      "h_norm": 0.4139103889465332,
      "residual_norm": 0.16981367766857147,
      "residual_inf_norm": 0.16981367766857147,
      "h_t_norm": 0.43073663115501404,
      "h_x_norm": 0.39387863874435425,
      "h_xx_norm": 0.3956913948059082,
      "h_tt_norm": 0.42772865295410156
    },
    "layer_6": {
      "h_norm": 0.41511622071266174,
      "residual_norm": 0.09290757775306702,
      "residual_inf_norm": 0.09290757775306702,
      "h_t_norm": 0.42008811235427856,
      "h_x_norm": 0.39081716537475586,
      "h_xx_norm": 0.40250641107559204,
      "h_tt_norm": 0.41637980937957764
    },
    "layer_7": {
      "h_norm": 0.4169395864009857,
      "residual_norm": 0.021870549768209457,
      "residual_inf_norm": 0.021870549768209457,
      "h_t_norm": 0.41948506236076355,
      "h_x_norm": 0.3889118432998657,
      "h_xx_norm": 0.41648831963539124,
      "h_tt_norm": 0.41685381531715393
    }
  },
  "layer_norms": {
    "layer_1": {
      "train_residual_l2": 0.27123332023620605,
      "eval_residual_l2": 0.27352142333984375,
      "train_residual_linf": 0.27123332023620605,
      "eval_residual_linf": 0.27352142333984375
    },
    "layer_2": {
      "train_residual_l2": 0.2891824543476105,
      "eval_residual_l2": 0.2870613634586334,
      "train_residual_linf": 0.2891824543476105,
      "eval_residual_linf": 0.2870613634586334
    },
    "layer_3": {
      "train_residual_l2": 0.21612215042114258,
      "eval_residual_l2": 0.21620525419712067,
      "train_residual_linf": 0.21612215042114258,
      "eval_residual_linf": 0.21620525419712067
    },
    "layer_4": {
      "train_residual_l2": 0.28772470355033875,
      "eval_residual_l2": 0.28531554341316223,
      "train_residual_linf": 0.28772470355033875,
      "eval_residual_linf": 0.28531554341316223
    },
    "layer_5": {
      "train_residual_l2": 0.172764390707016,
      "eval_residual_l2": 0.16981367766857147,
      "train_residual_linf": 0.172764390707016,
      "eval_residual_linf": 0.16981367766857147
    },
    "layer_6": {
      "train_residual_l2": 0.0929376482963562,
      "eval_residual_l2": 0.09290757775306702,
      "train_residual_linf": 0.0929376482963562,
      "eval_residual_linf": 0.09290757775306702
    },
    "layer_7": {
      "train_residual_l2": 0.021432165056467056,
      "eval_residual_l2": 0.021870549768209457,
      "train_residual_linf": 0.021432165056467056,
      "eval_residual_linf": 0.021870549768209457
    }
  },
  "ic": {
    "train": {
      "layer_1": {
        "l2": 0.06174841895699501,
        "linf": 0.06174841895699501
      },
      "layer_2": {
        "l2": 0.08335480093955994,
        "linf": 0.08335480093955994
      },
      "layer_3": {
        "l2": 0.15182289481163025,
        "linf": 0.15182289481163025
      },
      "layer_4": {
        "l2": 0.10520021617412567,
        "linf": 0.10520021617412567
      },
      "layer_5": {
        "l2": 0.05432351678609848,
        "linf": 0.05432351678609848
      },
      "layer_6": {
        "l2": 0.03384661301970482,
        "linf": 0.03384661301970482
      },
      "layer_7": {
        "l2": 0.0057913754135370255,
        "linf": 0.0057913754135370255
      }
    },
    "eval": {
      "layer_1": {
        "l2": 0.05448882281780243,
        "linf": 0.05448882281780243
      },
      "layer_2": {
        "l2": 0.08606985956430435,
        "linf": 0.08606985956430435
      },
      "layer_3": {
        "l2": 0.1457991749048233,
        "linf": 0.1457991749048233
      },
      "layer_4": {
        "l2": 0.08724598586559296,
        "linf": 0.08724598586559296
      },
      "layer_5": {
        "l2": 0.044531192630529404,
        "linf": 0.044531192630529404
      },
      "layer_6": {
        "l2": 0.03103235550224781,
        "linf": 0.03103235550224781
      },
      "layer_7": {
        "l2": 0.0055394829250872135,
        "linf": 0.0055394829250872135
      }
    }
  },
  "bc_value": {
    "train": {
      "layer_1": {
        "l2": 1.391728401184082,
        "linf": 1.391728401184082
      },
      "layer_2": {
        "l2": 1.2641997337341309,
        "linf": 1.2641997337341309
      },
      "layer_3": {
        "l2": 1.3592616319656372,
        "linf": 1.3592616319656372
      },
      "layer_4": {
        "l2": 1.3156428337097168,
        "linf": 1.3156428337097168
      },
      "layer_5": {
        "l2": 1.2523131370544434,
        "linf": 1.2523131370544434
      },