{
  "bins": 5,
  "num_classes": 18,
  "num_samples": 4432,
  "layers_analyzed": [
    "layer_1",
    "layer_2",
    "layer_3"
  ],
  "layer_accuracies": {
    "layer_1": 0.35333935018050544,
    "layer_2": 0.3470216606498195,
    "layer_3": 0.3892148014440433
  },
  "layer_compactness": {
    "layer_1": {
      "intra_class": 0.10695577929704116,
      "intra_class_std": 0.14965532094953846,
      "inter_class_mean": 0.07628192752599716,
      "inter_class_std": 0.06058104708790779
    },
    "layer_2": {
      "intra_class": 0.05972799458902278,
      "intra_class_std": 0.0797947225148112,
      "inter_class_mean": 0.04949500411748886,
      "inter_class_std": 0.043243687599897385
    },
    "layer_3": {
      "intra_class": 0.035650217361405424,
      "intra_class_std": 0.04786108800865425,
      "inter_class_mean": 0.03303544595837593,
      "inter_class_std": 0.029979422688484192
    }
  },
  "layer_margins": {
    "layer_1": {
      "mean_margin": -0.00803214218467474,
      "std_margin": 0.02294950745999813,
      "fraction_positive": 0.35333935018050544
    },
    "layer_2": {
      "mean_margin": -0.005239593330770731,
      "std_margin": 0.01698056422173977,
      "fraction_positive": 0.3470216606498195
    },
    "layer_3": {
      "mean_margin": -0.0024354676716029644,
      "std_margin": 0.010671057738363743,
      "fraction_positive": 0.3892148014440433
    }
  }
}