{
  "bins": 5,
  "num_classes": 5,
  "num_samples": 4000,
  "layers_analyzed": [
    "layer_1",
    "layer_2",
    "layer_3",
    "layer_4",
    "layer_5",
    "layer_6",
    "layer_7"
  ],
  "layer_accuracies": {
    "layer_1": 0.23325,
    "layer_2": 0.24725,
    "layer_3": 0.27375,
    "layer_4": 0.30525,
    "layer_5": 0.33775,
    "layer_6": 0.4565,
    "layer_7": 0.55875
  },
  "layer_compactness": {
    "layer_1": {
      "intra_class": 0.41956512331962587,
      "intra_class_std": 0.21111519553360594,
      "inter_class_mean": 0.32498976588249207,
      "inter_class_std": 0.33833175897598267
    },
    "layer_2": {
      "intra_class": 0.20227842330932616,
      "intra_class_std": 0.1015155234734818,
      "inter_class_mean": 0.14045469462871552,
      "inter_class_std": 0.13245734572410583
    },
    "layer_3": {
      "intra_class": 0.15571416020393372,
      "intra_class_std": 0.07809649523788222,
      "inter_class_mean": 0.1030244380235672,
      "inter_class_std": 0.08427617698907852
    },
    "layer_4": {
      "intra_class": 0.1462390512228012,
      "intra_class_std": 0.07344953517383836,
      "inter_class_mean": 0.10877875238656998,
      "inter_class_std": 0.07457885891199112
    },
    "layer_5": {
      "intra_class": 0.1912678837776184,
      "intra_class_std": 0.09630073506741958,
      "inter_class_mean": 0.16066347062587738,
      "inter_class_std": 0.09918626397848129
    },
    "layer_6": {
      "intra_class": 0.2193679392337799,
      "intra_class_std": 0.11118265924581852,
      "inter_class_mean": 0.18142320215702057,
      "inter_class_std": 0.09066835790872574
    },
    "layer_7": {
      "intra_class": 0.22934946715831755,
      "intra_class_std": 0.12010834715497422,
      "inter_class_mean": 0.1930951327085495,
      "inter_class_std": 0.08615537732839584
    }
  },
  "layer_margins": {
    "layer_1": {
      "mean_margin": -0.11592937260866165,
      "std_margin": 0.19310052692890167,
      "fraction_positive": 0.23325
    },
    "layer_2": {
      "mean_margin": -0.03628752753138542,
      "std_margin": 0.06625640392303467,
      "fraction_positive": 0.24725
    },
    "layer_3": {
      "mean_margin": -0.022102652117609978,
      "std_margin": 0.04371875151991844,
      "fraction_positive": 0.27375
    },
    "layer_4": {
      "mean_margin": -0.02677713893353939,
      "std_margin": 0.04696081578731537,
      "fraction_positive": 0.30525
    },
    "layer_5": {
      "mean_margin": -0.03806537762284279,
      "std_margin": 0.06878109276294708,
      "fraction_positive": 0.33775
    },
    "layer_6": {
      "mean_margin": -0.023623615503311157,
      "std_margin": 0.057635992765426636,
      "fraction_positive": 0.4565
    },
    "layer_7": {
      "mean_margin": -0.0027248961851000786,
      "std_margin": 0.03690306469798088,
      "fraction_positive": 0.55875
    }
  }
}