{
  "layers_analyzed": [
    "layer_1",
    "layer_2",
    "layer_3",
    "layer_4",
    "layer_5",
    "layer_6",
    "layer_7"
  ],
  "num_layers": 7,
  "train": {
    "rel_l2": [
      0.4197384715080261,
      0.2380789965391159,
      2.5120186805725098,
      0.07345951348543167,
      0.026493102312088013,
      0.008298289030790329,
      0.003071360755711794
    ],
    "inf_norm": [
      0.9606908559799194,
      0.8578208684921265,
      11.770628929138184,
      0.5418792963027954,
      0.23317855596542358,
      0.05037808418273926,
      0.03685292601585388
    ]
  },
  "eval": {
    "rel_l2": [
      0.4238395392894745,
      0.2398623675107956,
      2.480867624282837,
      0.07629876583814621,
      0.027023611590266228,
      0.008299645036458969,
      0.0029043559916317463
    ],
    "inf_norm": [
      0.9543728828430176,
      0.8329382538795471,
      9.503020286560059,
      0.5418795347213745,
      0.23317855596542358,
      0.05037879943847656,
      0.03404581546783447
    ]
  },
  "layer_dimensions": {
    "layer_1": 70,
    "layer_2": 70,
    "layer_3": 70,
    "layer_4": 70,
    "layer_5": 70,
    "layer_6": 70,
    "layer_7": 70
  }
}