{
  "train_loss_epochs": [
    1,
    2,
    3,
    4,
    5,
    6,
    7,
    8,
    9,
    10
  ],
  "train_loss": [
    0.3121938449086429,
    0.25178532728969005,
    0.15816304580075666,
    0.21940927411196753,
    0.15224492863053457,
    0.1626142588676885,
    0.12259677860420197,
    0.09188343340647406,
    0.09619948123581708,
    0.117661043535918
  ],
  "epochs": [
    1,
    2,
    3,
    4,
    5,
    6,
    7,
    8,
    9,
    10
  ],
  "eval_loss": [
    0.12932856184246097,
    0.10292219950739916,
    0.09540584295367201,
    0.08796438660162191,
    0.0809899225520591,
    0.07149938043827812,
    0.06258143081019323,
    0.06647572262833516,
    0.0584529967357715,
    0.05222094990313053
  ],
  "train_rel_l2": [
    0.921140256524086,
    0.9059688732028007,
    0.9012699410319328,
    0.8966681644320488,
    0.8878995940089226,
    0.8842716053128242,
    0.8731799468398094,
    0.8694126576185226,
    0.8664096042513847,
    0.8665971055626869
  ],
  "eval_rel_l2": [
    1.9172367453575134,
    2.947817385196686,
    3.1814823150634766,
    3.3177075386047363,
    2.851771096388499,
    2.8292951186498008,
    2.459114730358124,
    2.209884762763977,
    1.9298243323961894,
    1.6660988926887512
  ],
  "train_inf_norm": [
    3.760880982875824,
    3.9327494621276857,
    3.9851284444332125,
    4.013783341646194,
    4.032521921396255,
    4.162494522333145,
    4.172271031141281,
    4.236415809392929,
    4.365947419404984,
    4.248290717601776
  ],
  "eval_inf_norm": [
    2.645982633034388,
    2.813816507657369,
    2.88423361380895,
    2.92970143755277,
    2.9266042709350586,
    3.0053172012170157,
    3.006114015976588,
    3.059183806180954,
    3.0668464501698813,
    3.023421823978424
  ]
}