{
  "layers_analyzed": [
    "layer_1",
    "layer_2",
    "layer_3",
    "layer_4",
    "layer_5"
  ],
  "num_layers": 5,
  "train": {
    "layer_1": {
      "h_norm": 0.4832281470298767,
      "residual_norm": 0.8894049525260925,
      "residual_inf_norm": 0.8894049525260925,
      "h_t_norm": 0.6018885970115662,
      "h_x_norm": 1.8683632612228394,
      "h_xx_norm": 10.602803230285645,
      "convection_norm": 0.8344863653182983
    },
    "layer_2": {
      "h_norm": 0.5279392600059509,
      "residual_norm": 0.5990235209465027,
      "residual_inf_norm": 0.5990235209465027,
      "h_t_norm": 0.6228830814361572,
      "h_x_norm": 1.9587998390197754,
      "h_xx_norm": 23.543292999267578,
      "convection_norm": 0.9684398174285889
    },
    "layer_3": {
      "h_norm": 0.5368616580963135,
      "residual_norm": 0.41277197003364563,
      "residual_inf_norm": 0.41277197003364563,
      "h_t_norm": 0.5989299416542053,
      "h_x_norm": 1.9050027132034302,
      "h_xx_norm": 43.510860443115234,
      "convection_norm": 0.9015914797782898
    },
    "layer_4": {
      "h_norm": 0.5375575423240662,
      "residual_norm": 0.35515907406806946,
      "residual_inf_norm": 0.35515907406806946,
      "h_t_norm": 0.621984601020813,
      "h_x_norm": 1.9194368124008179,
      "h_xx_norm": 50.9921760559082,
      "convection_norm": 0.9260194897651672
    },
    "layer_5": {
      "h_norm": 0.5383639335632324,
      "residual_norm": 0.0330202616751194,
      "residual_inf_norm": 0.0330202616751194,
      "h_t_norm": 0.6107998490333557,
      "h_x_norm": 1.8559753894805908,
      "h_xx_norm": 88.27713775634766,
      "convection_norm": 0.8753465414047241
    }
  },
  "eval": {
    "layer_1": {
      "h_norm": 0.4815136790275574,
      "residual_norm": 0.8908531665802002,
      "residual_inf_norm": 0.8908531665802002,
      "h_t_norm": 0.594355583190918,
      "h_x_norm": 1.8859716653823853,
      "h_xx_norm": 10.643877029418945,
      "convection_norm": 0.8399777412414551
    },
    "layer_2": {
      "h_norm": 0.5273345708847046,
      "residual_norm": 0.6158351898193359,
      "residual_inf_norm": 0.6158351898193359,
      "h_t_norm": 0.6268361210823059,
      "h_x_norm": 2.0012974739074707,
      "h_xx_norm": 23.6497859954834,
      "convection_norm": 0.988685131072998
    },
    "layer_3": {
      "h_norm": 0.5375219583511353,
      "residual_norm": 0.42364925146102905,
      "residual_inf_norm": 0.42364925146102905,
      "h_t_norm": 0.5968692898750305,
      "h_x_norm": 1.9474434852600098,
      "h_xx_norm": 45.25696563720703,
      "convection_norm": 0.9255853295326233
    },
    "layer_4": {
      "h_norm": 0.5382418632507324,
      "residual_norm": 0.37144386768341064,
      "residual_inf_norm": 0.37144386768341064,
      "h_t_norm": 0.6250593066215515,
      "h_x_norm": 1.9412577152252197,
      "h_xx_norm": 53.98639678955078,
      "convection_norm": 0.9474272727966309
    },
    "layer_5": {
      "h_norm": 0.539125382900238,
      "residual_norm": 0.03391934558749199,
      "residual_inf_norm": 0.03391934558749199,
      "h_t_norm": 0.6116254329681396,
      "h_x_norm": 1.841562032699585,
      "h_xx_norm": 88.67236328125,
      "convection_norm": 0.8776587247848511
    }
  },
  "layer_norms": {
    "layer_1": {
      "train_residual_l2": 0.8894049525260925,
      "eval_residual_l2": 0.8908531665802002,
      "train_residual_linf": 0.8894049525260925,
      "eval_residual_linf": 0.8908531665802002
    },
    "layer_2": {
      "train_residual_l2": 0.5990235209465027,
      "eval_residual_l2": 0.6158351898193359,
      "train_residual_linf": 0.5990235209465027,
      "eval_residual_linf": 0.6158351898193359
    },
    "layer_3": {
      "train_residual_l2": 0.41277197003364563,
      "eval_residual_l2": 0.42364925146102905,
      "train_residual_linf": 0.41277197003364563,
      "eval_residual_linf": 0.42364925146102905
    },
    "layer_4": {
      "train_residual_l2": 0.35515907406806946,
      "eval_residual_l2": 0.37144386768341064,
      "train_residual_linf": 0.35515907406806946,
      "eval_residual_linf": 0.37144386768341064
    },
    "layer_5": {
      "train_residual_l2": 0.0330202616751194,
      "eval_residual_l2": 0.03391934558749199,
      "train_residual_linf": 0.0330202616751194,
      "eval_residual_linf": 0.03391934558749199
    }
  },
  "ic": {
    "train": {
      "layer_1": {
        "l2": 0.11795980483293533,
        "linf": 0.11795980483293533
      },
      "layer_2": {
        "l2": 0.06491739302873611,
        "linf": 0.06491739302873611
      },
      "layer_3": {
        "l2": 0.04042719304561615,
        "linf": 0.04042719304561615
      },
      "layer_4": {
        "l2": 0.04316049441695213,
        "linf": 0.04316049441695213
      },
      "layer_5": {
        "l2": 0.0033493295777589083,
        "linf": 0.0033493295777589083
      }
    },
    "eval": {
      "layer_1": {
        "l2": 0.12035578489303589,
        "linf": 0.12035578489303589
      },
      "layer_2": {
        "l2": 0.07022345811128616,
        "linf": 0.07022345811128616
      },
      "layer_3": {
        "l2": 0.05344855412840843,
        "linf": 0.05344855412840843
      },
      "layer_4": {
        "l2": 0.052331019192934036,
        "linf": 0.052331019192934036
      },
      "layer_5": {
        "l2": 0.0033054547384381294,
        "linf": 0.0033054547384381294
      }
    }
  },
  "bc_value": {
    "train": {
      "layer_1": {
        "l2": 0.3515220582485199,
        "linf": 0.3515220582485199
      },
      "layer_2": {
        "l2": 0.04866065829992294,
        "linf": 0.04866065829992294
      },
      "layer_3": {
        "l2": 0.030267655849456787,
        "linf": 0.030267655849456787
      },
      "layer_4": {
        "l2": 0.03433472290635109,
        "linf": 0.03433472290635109
      },
      "layer_5": {
        "l2": 0.0028111995197832584,
        "linf": 0.0028111995197832584
      }
    },
    "eval": {
      "layer_1": {
        "l2": 0.30067315697669983,
        "linf": 0.30067315697669983
      },
      "layer_2": {
        "l2": 0.05722888186573982,
        "linf": 0.05722888186573982
      },
      "layer_3": {
        "l2": 0.03559477999806404,
        "linf": 0.03559477999806404
      },
      "layer_4": {
        "l2": 0.037282999604940414,
        "linf": 0.037282999604940414
      },
      "layer_5": {
        "l2": 0.003218320431187749,
        "linf": 0.003218320431187749
      }
    }
  },
  "bc_derivative": {
    "train": {
      "layer_1": {
        "l2": 3.33317494392395,
        "linf": 3.33317494392395
      },
      "layer_2": {
        "l2": 0.4724941551685333,
        "linf": 0.4724941551685333
      },
      "layer_3": {
        "l2": 0.1124938428401947,
        "linf": 0.1124938428401947
      },
      "layer_4": {
        "l2": 0.11723120510578156,
        "linf": 0.11723120510578156
      },
      "layer_5": {
        "l2": 0.030258793383836746,
        "linf": 0.030258793383836746
      }
    },
    "eval": {
      "layer_1": {
        "l2": 3.564540147781372,
        "linf": 3.564540147781372
      },
      "layer_2": {
        "l2": 0.5322516560554504,
        "linf": 0.5322516560554504
      },
      "layer_3": {
        "l2": 0.11923416703939438,
        "linf": 0.11923416703939438
      },
      "layer_4": {
        "l2": 0.10615503787994385,
        "linf": 0.10615503787994385
      },
      "layer_5": {
        "l2": 0.03408874198794365,
        "linf": 0.03408874198794365
      }
    }
  },
  "final_layer_train_residual": 0.0330202616751194,
  "final_layer_eval_residual": 0.03391934558749199,
  "final_layer_train_residual_inf": 0.0330202616751194,
  "final_layer_eval_residual_inf": 0.03391934558749199,
  "final_layer_train_ic": {
    "l2": 0.0033493295777589083,
    "linf": 0.0033493295777589083
  },
  "final_layer_eval_ic": {
    "l2": 0.0033054547384381294,
    "linf": 0.0033054547384381294
  },
  "final_layer_train_bc_value": {
    "l2": 0.0028111995197832584,