{
  "layers_analyzed": [
    "layer_1",
    "layer_2",
    "layer_3",
    "layer_4",
    "layer_5"
  ],
  "num_layers": 5,
  "train": {
    "layer_1": {
      "h_norm": 0.9819507002830505,
      "h_t_norm": 4.308749675750732,
      "h_xx_norm": 4.993188858032227,
      "nonlinear_norm": 2.3735580444335938,
      "residual_norm": 5.165306091308594
    },
    "layer_2": {
      "h_norm": 0.6094551086425781,
      "h_t_norm": 2.3147754669189453,
      "h_xx_norm": 2.02486252784729,
      "nonlinear_norm": 1.2632607221603394,
      "residual_norm": 2.0968217849731445
    },
    "layer_3": {
      "h_norm": 0.807540237903595,
      "h_t_norm": 3.3223981857299805,
      "h_xx_norm": 4.451749324798584,
      "nonlinear_norm": 1.5209780931472778,
      "residual_norm": 3.826282024383545
    },
    "layer_4": {
      "h_norm": 0.695300281047821,
      "h_t_norm": 3.121199607849121,
      "h_xx_norm": 2.7570736408233643,
      "nonlinear_norm": 1.3026601076126099,
      "residual_norm": 3.0338094234466553
    },
    "layer_5": {
      "h_norm": 0.6841158866882324,
      "h_t_norm": 2.82863187789917,
      "h_xx_norm": 2.5312576293945312,
      "nonlinear_norm": 1.3717167377471924,
      "residual_norm": 2.8358545303344727
    }
  },
  "eval": {
    "layer_1": {
      "h_norm": 1.039893388748169,
      "h_t_norm": 4.436840057373047,
      "h_xx_norm": 5.310915946960449,
      "nonlinear_norm": 3.010817766189575,
      "residual_norm": 5.771784782409668
    },
    "layer_2": {
      "h_norm": 0.6342755556106567,
      "h_t_norm": 2.451622247695923,
      "h_xx_norm": 2.104794502258301,
      "nonlinear_norm": 1.4897884130477905,
      "residual_norm": 2.2729649543762207
    },
    "layer_3": {
      "h_norm": 0.8519427180290222,
      "h_t_norm": 3.558570384979248,
      "h_xx_norm": 4.586526393890381,
      "nonlinear_norm": 1.72572922706604,
      "residual_norm": 4.047103404998779
    },
    "layer_4": {
      "h_norm": 0.7296176552772522,
      "h_t_norm": 3.318767547607422,
      "h_xx_norm": 2.837812900543213,
      "nonlinear_norm": 1.5560511350631714,
      "residual_norm": 3.3224220275878906
    },
    "layer_5": {
      "h_norm": 0.7149564623832703,
      "h_t_norm": 3.031130075454712,
      "h_xx_norm": 2.705954074859619,
      "nonlinear_norm": 1.547136664390564,
      "residual_norm": 3.094937324523926
    }
  },
  "layer_norms": {
    "layer_1": {
      "train_residual": 5.165306091308594,
      "eval_residual": 5.771784782409668
    },
    "layer_2": {
      "train_residual": 2.0968217849731445,
      "eval_residual": 2.2729649543762207
    },
    "layer_3": {
      "train_residual": 3.826282024383545,
      "eval_residual": 4.047103404998779
    },
    "layer_4": {
      "train_residual": 3.0338094234466553,
      "eval_residual": 3.3224220275878906
    },
    "layer_5": {
      "train_residual": 2.8358545303344727,
      "eval_residual": 3.094937324523926
    }
  },
  "final_layer_train_residual": 2.8358545303344727,
  "final_layer_eval_residual": 3.094937324523926
}