{
  "bins": 5,
  "num_classes": 5,
  "num_samples": 4000,
  "layers_analyzed": [
    "layer_1",
    "layer_2",
    "layer_3",
    "layer_4",
    "layer_5",
    "layer_6",
    "layer_7"
  ],
  "layer_accuracies": {
    "layer_1": 0.2465,
    "layer_2": 0.2905,
    "layer_3": 0.32925,
    "layer_4": 0.39175,
    "layer_5": 0.343,
    "layer_6": 0.281,
    "layer_7": 0.4025
  },
  "layer_compactness": {
    "layer_1": {
      "intra_class": 0.3972149431705475,
      "intra_class_std": 0.20052094794323816,
      "inter_class_mean": 0.3122195601463318,
      "inter_class_std": 0.3184605538845062
    },
    "layer_2": {
      "intra_class": 0.18599795401096345,
      "intra_class_std": 0.09341380323331701,
      "inter_class_mean": 0.14517652988433838,
      "inter_class_std": 0.12338009476661682
    },
    "layer_3": {
      "intra_class": 0.16498325169086456,
      "intra_class_std": 0.08275628401561104,
      "inter_class_mean": 0.14369064569473267,
      "inter_class_std": 0.1020514965057373
    },
    "layer_4": {
      "intra_class": 0.18175928592681884,
      "intra_class_std": 0.09121842776618214,
      "inter_class_mean": 0.1745784729719162,
      "inter_class_std": 0.10883906483650208
    },
    "layer_5": {
      "intra_class": 0.24049869775772095,
      "intra_class_std": 0.12093198365001999,
      "inter_class_mean": 0.20540907979011536,
      "inter_class_std": 0.1395723968744278
    },
    "layer_6": {
      "intra_class": 0.2843307971954346,
      "intra_class_std": 0.14346118725678783,
      "inter_class_mean": 0.24645233154296875,
      "inter_class_std": 0.17456701397895813
    },
    "layer_7": {
      "intra_class": 0.24332910180091857,
      "intra_class_std": 0.12359108596384719,
      "inter_class_mean": 0.2739741802215576,
      "inter_class_std": 0.1866554468870163
    }
  },
  "layer_margins": {
    "layer_1": {
      "mean_margin": -0.09644218534231186,
      "std_margin": 0.16494342684745789,
      "fraction_positive": 0.2465
    },
    "layer_2": {
      "mean_margin": -0.025123964995145798,
      "std_margin": 0.05481216683983803,
      "fraction_positive": 0.2905
    },
    "layer_3": {
      "mean_margin": -0.020634882152080536,
      "std_margin": 0.04749973118305206,
      "fraction_positive": 0.32925
    },
    "layer_4": {
      "mean_margin": -0.023276925086975098,
      "std_margin": 0.05705495551228523,
      "fraction_positive": 0.39175
    },
    "layer_5": {
      "mean_margin": -0.03724807873368263,
      "std_margin": 0.07643299549818039,
      "fraction_positive": 0.343
    },
    "layer_6": {
      "mean_margin": -0.047847818583250046,
      "std_margin": 0.09456917643547058,
      "fraction_positive": 0.281
    },
    "layer_7": {
      "mean_margin": -0.04917345941066742,
      "std_margin": 0.11157579720020294,
      "fraction_positive": 0.4025
    }
  }
}