{
  "layers_analyzed": [
    "layer_1",
    "layer_2",
    "layer_3",
    "layer_4",
    "layer_5"
  ],
  "num_layers": 5,
  "train": {
    "layer_1": {
      "h_norm": 0.43993520736694336,
      "residual_norm": 1.4314717054367065,
      "residual_inf_norm": 1.4314717054367065,
      "h_t_norm": 0.627758800983429,
      "h_x_norm": 0.5282584428787231,
      "h_xx_norm": 0.8864576816558838,
      "h_tt_norm": 1.3160747289657593
    },
    "layer_2": {
      "h_norm": 0.4160439968109131,
      "residual_norm": 0.8266570568084717,
      "residual_inf_norm": 0.8266570568084717,
      "h_t_norm": 0.4922138750553131,
      "h_x_norm": 0.42230424284935,
      "h_xx_norm": 0.5973942875862122,
      "h_tt_norm": 0.8486954569816589
    },
    "layer_3": {
      "h_norm": 0.41733136773109436,
      "residual_norm": 0.23114807903766632,
      "residual_inf_norm": 0.23114807903766632,
      "h_t_norm": 0.43582504987716675,
      "h_x_norm": 0.3913453221321106,
      "h_xx_norm": 0.4040752947330475,
      "h_tt_norm": 0.43065884709358215
    },
    "layer_4": {
      "h_norm": 0.42006564140319824,
      "residual_norm": 0.09974765032529831,
      "residual_inf_norm": 0.09974765032529831,
      "h_t_norm": 0.42174169421195984,
      "h_x_norm": 0.3882324695587158,
      "h_xx_norm": 0.4224300980567932,
      "h_tt_norm": 0.4118430018424988
    },
    "layer_5": {
      "h_norm": 0.41961148381233215,
      "residual_norm": 0.008675368502736092,
      "residual_inf_norm": 0.008675368502736092,
      "h_t_norm": 0.41830193996429443,
      "h_x_norm": 0.3885284662246704,
      "h_xx_norm": 0.4184502065181732,
      "h_tt_norm": 0.4171653091907501
    }
  },
  "eval": {
    "layer_1": {
      "h_norm": 0.4362746477127075,
      "residual_norm": 1.4202951192855835,
      "residual_inf_norm": 1.4202951192855835,
      "h_t_norm": 0.6240038275718689,
      "h_x_norm": 0.5272878408432007,
      "h_xx_norm": 0.8889991641044617,
      "h_tt_norm": 1.3062807321548462
    },
    "layer_2": {
      "h_norm": 0.4150865375995636,
      "residual_norm": 0.8345080614089966,
      "residual_inf_norm": 0.8345080614089966,
      "h_t_norm": 0.49296537041664124,
      "h_x_norm": 0.42147141695022583,
      "h_xx_norm": 0.597186803817749,
      "h_tt_norm": 0.8568726778030396
    },
    "layer_3": {
      "h_norm": 0.41512763500213623,
      "residual_norm": 0.2341623306274414,
      "residual_inf_norm": 0.2341623306274414,
      "h_t_norm": 0.4364709258079529,
      "h_x_norm": 0.39109110832214355,
      "h_xx_norm": 0.4008796811103821,
      "h_tt_norm": 0.42710599303245544
    },
    "layer_4": {
      "h_norm": 0.4175723195075989,
      "residual_norm": 0.098790243268013,
      "residual_inf_norm": 0.098790243268013,
      "h_t_norm": 0.42294690012931824,
      "h_x_norm": 0.3871949315071106,
      "h_xx_norm": 0.4206213057041168,
      "h_tt_norm": 0.41061437129974365
    },
    "layer_5": {
      "h_norm": 0.41682887077331543,
      "residual_norm": 0.008855440653860569,
      "residual_inf_norm": 0.008855440653860569,
      "h_t_norm": 0.4188762605190277,
      "h_x_norm": 0.3879682719707489,
      "h_xx_norm": 0.4154484272003174,
      "h_tt_norm": 0.4141535758972168
    }
  },
  "layer_norms": {
    "layer_1": {
      "train_residual_l2": 1.4314717054367065,
      "eval_residual_l2": 1.4202951192855835,
      "train_residual_linf": 1.4314717054367065,
      "eval_residual_linf": 1.4202951192855835
    },
    "layer_2": {
      "train_residual_l2": 0.8266570568084717,
      "eval_residual_l2": 0.8345080614089966,
      "train_residual_linf": 0.8266570568084717,
      "eval_residual_linf": 0.8345080614089966
    },
    "layer_3": {
      "train_residual_l2": 0.23114807903766632,
      "eval_residual_l2": 0.2341623306274414,
      "train_residual_linf": 0.23114807903766632,
      "eval_residual_linf": 0.2341623306274414
    },
    "layer_4": {
      "train_residual_l2": 0.09974765032529831,
      "eval_residual_l2": 0.098790243268013,
      "train_residual_linf": 0.09974765032529831,
      "eval_residual_linf": 0.098790243268013
    },
    "layer_5": {
      "train_residual_l2": 0.008675368502736092,
      "eval_residual_l2": 0.008855440653860569,
      "train_residual_linf": 0.008675368502736092,
      "eval_residual_linf": 0.008855440653860569
    }
  },
  "ic": {
    "train": {
      "layer_1": {
        "l2": 0.45155200362205505,
        "linf": 0.45155200362205505
      },
      "layer_2": {
        "l2": 0.14106418192386627,
        "linf": 0.14106418192386627
      },
      "layer_3": {
        "l2": 0.04052146524190903,
        "linf": 0.04052146524190903
      },
      "layer_4": {
        "l2": 0.01940840855240822,
        "linf": 0.01940840855240822
      },
      "layer_5": {
        "l2": 0.0015722316456958652,
        "linf": 0.0015722316456958652
      }
    },
    "eval": {
      "layer_1": {
        "l2": 0.3976680040359497,
        "linf": 0.3976680040359497
      },
      "layer_2": {
        "l2": 0.1290755420923233,
        "linf": 0.1290755420923233
      },
      "layer_3": {
        "l2": 0.028382131829857826,
        "linf": 0.028382131829857826
      },
      "layer_4": {
        "l2": 0.02056575007736683,
        "linf": 0.02056575007736683
      },
      "layer_5": {
        "l2": 0.0017693581758067012,
        "linf": 0.0017693581758067012
      }
    }
  },
  "bc_value": {
    "train": {
      "layer_1": {
        "l2": 0.3642852306365967,
        "linf": 0.3642852306365967
      },
      "layer_2": {
        "l2": 0.13242368400096893,
        "linf": 0.13242368400096893
      },
      "layer_3": {
        "l2": 0.04922451451420784,
        "linf": 0.04922451451420784
      },
      "layer_4": {
        "l2": 0.025219596922397614,
        "linf": 0.025219596922397614
      },
      "layer_5": {
        "l2": 0.002038754289969802,
        "linf": 0.002038754289969802
      }
    },
    "eval": {
      "layer_1": {
        "l2": 0.37238749861717224,
        "linf": 0.37238749861717224
      },
      "layer_2": {
        "l2": 0.13858705759048462,
        "linf": 0.13858705759048462
      },
      "layer_3": {
        "l2": 0.048908744007349014,
        "linf": 0.048908744007349014
      },
      "layer_4": {
        "l2": 0.023603202775120735,
        "linf": 0.023603202775120735
      },
      "layer_5": {
        "l2": 0.0016906500095501542,
        "linf": 0.0016906500095501542
      }
    }
  },
  "bc_derivative": {
    "train": {},
    "eval": {}
  },
  "final_layer_train_residual": 0.008675368502736092,
  "final_layer_eval_residual": 0.008855440653860569,
  "final_layer_train_residual_inf": 0.008675368502736092,
  "final_layer_eval_residual_inf": 0.008855440653860569,
  "final_layer_train_ic": {
    "l2": 0.0015722316456958652,
    "linf": 0.0015722316456958652
  },
  "final_layer_eval_ic": {
    "l2": 0.0017693581758067012,
    "linf": 0.0017693581758067012
  },
  "final_layer_train_bc_value": {
    "l2": 0.002038754289969802,
    "linf": 0.002038754289969802
  },
  "final_layer_eval_bc_value": {
    "l2": 0.0016906500095501542,
    "linf": 0.0016906500095501542
  },
  "final_layer_train_bc_derivative": {},
  "final_layer_eval_bc_derivative": {}
}