{
  "layers_analyzed": [
    "layer_1",
    "layer_2",
    "layer_3"
  ],
  "num_layers": 3,
  "train": {
    "rel_l2": [
      0.5452320575714111,
      2.0006966590881348,
      2.333514451980591
    ],
    "inf_norm": [
      2.787642240524292,
      9.158987998962402,
      9.299354553222656
    ]
  },
  "eval": {
    "rel_l2": [
      0.5491963028907776,
      2.1102118492126465,
      2.425542116165161
    ],
    "inf_norm": [
      2.692934036254883,
      7.6702494621276855,
      9.183126449584961
    ]
  },
  "layer_dimensions": {
    "layer_1": 140,
    "layer_2": 140,
    "layer_3": 140
  }
}