{
  "layers_analyzed": [
    "layer_1",
    "layer_2",
    "layer_3",
    "layer_4",
    "layer_5"
  ],
  "num_layers": 5,
  "train": {
    "layer_1": {
      "h_norm": 0.4955103099346161,
      "residual_norm": 1.03799307346344,
      "residual_inf_norm": 1.03799307346344,
      "h_t_norm": 0.5428645610809326,
      "h_x_norm": 2.11181902885437,
      "h_xx_norm": 13.90545654296875,
      "convection_norm": 0.9530215263366699
    },
    "layer_2": {
      "h_norm": 0.507899820804596,
      "residual_norm": 1.0001680850982666,
      "residual_inf_norm": 1.0001680850982666,
      "h_t_norm": 0.8050298690795898,
      "h_x_norm": 1.9278165102005005,
      "h_xx_norm": 12.75755786895752,
      "convection_norm": 0.9107791185379028
    },
    "layer_3": {
      "h_norm": 0.5266729593276978,
      "residual_norm": 0.5898067951202393,
      "residual_inf_norm": 0.5898067951202393,
      "h_t_norm": 0.603437066078186,
      "h_x_norm": 1.9741864204406738,
      "h_xx_norm": 20.90924835205078,
      "convection_norm": 1.0046465396881104
    },
    "layer_4": {
      "h_norm": 0.5279480218887329,
      "residual_norm": 0.6486481428146362,
      "residual_inf_norm": 0.6486481428146362,
      "h_t_norm": 0.631858766078949,
      "h_x_norm": 2.067981719970703,
      "h_xx_norm": 24.824073791503906,
      "convection_norm": 1.050563931465149
    },
    "layer_5": {
      "h_norm": 0.5288389325141907,
      "residual_norm": 0.6760522723197937,
      "residual_inf_norm": 0.6760522723197937,
      "h_t_norm": 0.6792111992835999,
      "h_x_norm": 2.0719213485717773,
      "h_xx_norm": 28.741456985473633,
      "convection_norm": 1.0683168172836304
    }
  },
  "eval": {
    "layer_1": {
      "h_norm": 0.49567753076553345,
      "residual_norm": 1.0437815189361572,
      "residual_inf_norm": 1.0437815189361572,
      "h_t_norm": 0.5429945588111877,
      "h_x_norm": 2.134580612182617,
      "h_xx_norm": 13.941637992858887,
      "convection_norm": 0.9665114283561707
    },
    "layer_2": {
      "h_norm": 0.507775068283081,
      "residual_norm": 1.0076258182525635,
      "residual_inf_norm": 1.0076258182525635,
      "h_t_norm": 0.8041637539863586,
      "h_x_norm": 1.9409092664718628,
      "h_xx_norm": 12.855175971984863,
      "convection_norm": 0.9163690805435181
    },
    "layer_3": {
      "h_norm": 0.5265535116195679,
      "residual_norm": 0.6036439538002014,
      "residual_inf_norm": 0.6036439538002014,
      "h_t_norm": 0.5995500087738037,
      "h_x_norm": 1.9973723888397217,
      "h_xx_norm": 20.953401565551758,
      "convection_norm": 1.0094668865203857
    },
    "layer_4": {
      "h_norm": 0.5279627442359924,
      "residual_norm": 0.6560400724411011,
      "residual_inf_norm": 0.6560400724411011,
      "h_t_norm": 0.6248051524162292,
      "h_x_norm": 2.0973310470581055,
      "h_xx_norm": 25.05718994140625,
      "convection_norm": 1.06236732006073
    },
    "layer_5": {
      "h_norm": 0.5292086005210876,
      "residual_norm": 0.681183397769928,
      "residual_inf_norm": 0.681183397769928,
      "h_t_norm": 0.6783901453018188,
      "h_x_norm": 2.1015496253967285,
      "h_xx_norm": 29.329254150390625,
      "convection_norm": 1.0783764123916626
    }
  },
  "layer_norms": {
    "layer_1": {
      "train_residual_l2": 1.03799307346344,
      "eval_residual_l2": 1.0437815189361572,
      "train_residual_linf": 1.03799307346344,
      "eval_residual_linf": 1.0437815189361572
    },
    "layer_2": {
      "train_residual_l2": 1.0001680850982666,
      "eval_residual_l2": 1.0076258182525635,
      "train_residual_linf": 1.0001680850982666,
      "eval_residual_linf": 1.0076258182525635
    },
    "layer_3": {
      "train_residual_l2": 0.5898067951202393,
      "eval_residual_l2": 0.6036439538002014,
      "train_residual_linf": 0.5898067951202393,
      "eval_residual_linf": 0.6036439538002014
    },
    "layer_4": {
      "train_residual_l2": 0.6486481428146362,
      "eval_residual_l2": 0.6560400724411011,
      "train_residual_linf": 0.6486481428146362,
      "eval_residual_linf": 0.6560400724411011
    },
    "layer_5": {
      "train_residual_l2": 0.6760522723197937,
      "eval_residual_l2": 0.681183397769928,
      "train_residual_linf": 0.6760522723197937,
      "eval_residual_linf": 0.681183397769928
    }
  },
  "ic": {
    "train": {
      "layer_1": {
        "l2": 0.24483948945999146,
        "linf": 0.24483948945999146
      },
      "layer_2": {
        "l2": 0.15693522989749908,
        "linf": 0.15693522989749908
      },
      "layer_3": {
        "l2": 0.06323723495006561,
        "linf": 0.06323723495006561
      },
      "layer_4": {
        "l2": 0.052823830395936966,
        "linf": 0.052823830395936966
      },
      "layer_5": {
        "l2": 0.10828264057636261,
        "linf": 0.10828264057636261
      }
    },
    "eval": {
      "layer_1": {
        "l2": 0.23794394731521606,
        "linf": 0.23794394731521606
      },
      "layer_2": {
        "l2": 0.15925297141075134,
        "linf": 0.15925297141075134
      },
      "layer_3": {
        "l2": 0.07980623841285706,
        "linf": 0.07980623841285706
      },
      "layer_4": {
        "l2": 0.05614981800317764,
        "linf": 0.05614981800317764
      },
      "layer_5": {
        "l2": 0.1124066561460495,
        "linf": 0.1124066561460495
      }
    }
  },
  "bc_value": {
    "train": {
      "layer_1": {
        "l2": 0.720019519329071,
        "linf": 0.720019519329071
      },
      "layer_2": {
        "l2": 0.15499980747699738,
        "linf": 0.15499980747699738
      },
      "layer_3": {
        "l2": 0.06707270443439484,
        "linf": 0.06707270443439484
      },
      "layer_4": {
        "l2": 0.03709941729903221,
        "linf": 0.03709941729903221
      },
      "layer_5": {
        "l2": 0.051156025379896164,
        "linf": 0.051156025379896164
      }
    },
    "eval": {
      "layer_1": {
        "l2": 0.70672607421875,
        "linf": 0.70672607421875
      },
      "layer_2": {
        "l2": 0.156637504696846,
        "linf": 0.156637504696846
      },
      "layer_3": {
        "l2": 0.06307043880224228,
        "linf": 0.06307043880224228
      },
      "layer_4": {
        "l2": 0.04151467606425285,
        "linf": 0.04151467606425285
      },
      "layer_5": {
        "l2": 0.04130621626973152,
        "linf": 0.04130621626973152
      }
    }
  },
  "bc_derivative": {
    "train": {
      "layer_1": {
        "l2": 2.4818313121795654,
        "linf": 2.4818313121795654
      },
      "layer_2": {
        "l2": 2.4154281616210938,
        "linf": 2.4154281616210938
      },
      "layer_3": {
        "l2": 0.3861798048019409,
        "linf": 0.3861798048019409
      },
      "layer_4": {
        "l2": 1.153633713722229,
        "linf": 1.153633713722229
      },
      "layer_5": {
        "l2": 1.3276759386062622,
        "linf": 1.3276759386062622
      }
    },
    "eval": {
      "layer_1": {
        "l2": 2.3263349533081055,
        "linf": 2.3263349533081055
      },
      "layer_2": {
        "l2": 2.0925133228302,
        "linf": 2.0925133228302
      },
      "layer_3": {
        "l2": 0.35271215438842773,
        "linf": 0.35271215438842773
      },
      "layer_4": {
        "l2": 1.1947896480560303,
        "linf": 1.1947896480560303
      },
      "layer_5": {
        "l2": 1.6218665838241577,
        "linf": 1.6218665838241577
      }
    }
  },
  "final_layer_train_residual": 0.6760522723197937,
  "final_layer_eval_residual": 0.681183397769928,
  "final_layer_train_residual_inf": 0.6760522723197937,
  "final_layer_eval_residual_inf": 0.681183397769928,
  "final_layer_train_ic": {
    "l2": 0.10828264057636261,
    "linf": 0.10828264057636261
  },
  "final_layer_eval_ic": {
    "l2": 0.1124066561460495,
    "linf": 0.1124066561460495
  },
  "final_layer_train_bc_value": {
    "l2": 0.051156025379896164,
    "linf": 0.051156025379896164
  },
  "final_layer_eval_bc_value": {
    "l2": 0.04130621626973152,