{
  "layers_analyzed": [
    "layer_1",
    "layer_2",
    "layer_3",
    "layer_4",
    "layer_5"
  ],
  "num_layers": 5,
  "train": {
    "layer_1": {
      "h_norm": 0.41343119740486145,
      "residual_norm": 0.33238571882247925,
      "residual_inf_norm": 0.33238571882247925,
      "h_t_norm": 0.4506016969680786,
      "h_x_norm": 0.4080946445465088,
      "h_xx_norm": 0.41663220524787903,
      "h_tt_norm": 0.48466598987579346
    },
    "layer_2": {
      "h_norm": 0.42216700315475464,
      "residual_norm": 0.7675002217292786,
      "residual_inf_norm": 0.7675002217292786,
      "h_t_norm": 0.4935801923274994,
      "h_x_norm": 0.4356922507286072,
      "h_xx_norm": 0.6563047766685486,
      "h_tt_norm": 0.8044124245643616
    },
    "layer_3": {
      "h_norm": 0.4185291528701782,
      "residual_norm": 0.23498530685901642,
      "residual_inf_norm": 0.23498530685901642,
      "h_t_norm": 0.4293442368507385,
      "h_x_norm": 0.38952651619911194,
      "h_xx_norm": 0.4197308123111725,
      "h_tt_norm": 0.433636873960495
    },
    "layer_4": {
      "h_norm": 0.41912969946861267,
      "residual_norm": 0.07343531399965286,
      "residual_inf_norm": 0.07343531399965286,
      "h_t_norm": 0.42017054557800293,
      "h_x_norm": 0.3906590938568115,
      "h_xx_norm": 0.4288589656352997,
      "h_tt_norm": 0.41838446259498596
    },
    "layer_5": {
      "h_norm": 0.41955116391181946,
      "residual_norm": 0.00872558169066906,
      "residual_inf_norm": 0.00872558169066906,
      "h_t_norm": 0.4180442690849304,
      "h_x_norm": 0.3886767327785492,
      "h_xx_norm": 0.41906607151031494,
      "h_tt_norm": 0.41743573546409607
    }
  },
  "eval": {
    "layer_1": {
      "h_norm": 0.41189315915107727,
      "residual_norm": 0.3413514196872711,
      "residual_inf_norm": 0.3413514196872711,
      "h_t_norm": 0.453044056892395,
      "h_x_norm": 0.40869590640068054,
      "h_xx_norm": 0.41517946124076843,
      "h_tt_norm": 0.48907193541526794
    },
    "layer_2": {
      "h_norm": 0.4210384488105774,
      "residual_norm": 0.7909877896308899,
      "residual_inf_norm": 0.7909877896308899,
      "h_t_norm": 0.49856793880462646,
      "h_x_norm": 0.43411749601364136,
      "h_xx_norm": 0.6635057330131531,
      "h_tt_norm": 0.8222140669822693
    },
    "layer_3": {
      "h_norm": 0.41564008593559265,
      "residual_norm": 0.24152140319347382,
      "residual_inf_norm": 0.24152140319347382,
      "h_t_norm": 0.4301600754261017,
      "h_x_norm": 0.38893750309944153,
      "h_xx_norm": 0.41231057047843933,
      "h_tt_norm": 0.4374346435070038
    },
    "layer_4": {
      "h_norm": 0.4164896011352539,
      "residual_norm": 0.07471062988042831,
      "residual_inf_norm": 0.07471062988042831,
      "h_t_norm": 0.4208512008190155,
      "h_x_norm": 0.38972988724708557,
      "h_xx_norm": 0.42762258648872375,
      "h_tt_norm": 0.4146904945373535
    },
    "layer_5": {
      "h_norm": 0.4167625904083252,
      "residual_norm": 0.008685530163347721,
      "residual_inf_norm": 0.008685530163347721,
      "h_t_norm": 0.4186049699783325,
      "h_x_norm": 0.3880970776081085,
      "h_xx_norm": 0.4163740575313568,
      "h_tt_norm": 0.4146803319454193
    }
  },
  "layer_norms": {
    "layer_1": {
      "train_residual_l2": 0.33238571882247925,
      "eval_residual_l2": 0.3413514196872711,
      "train_residual_linf": 0.33238571882247925,
      "eval_residual_linf": 0.3413514196872711
    },
    "layer_2": {
      "train_residual_l2": 0.7675002217292786,
      "eval_residual_l2": 0.7909877896308899,
      "train_residual_linf": 0.7675002217292786,
      "eval_residual_linf": 0.7909877896308899
    },
    "layer_3": {
      "train_residual_l2": 0.23498530685901642,
      "eval_residual_l2": 0.24152140319347382,
      "train_residual_linf": 0.23498530685901642,
      "eval_residual_linf": 0.24152140319347382
    },
    "layer_4": {
      "train_residual_l2": 0.07343531399965286,
      "eval_residual_l2": 0.07471062988042831,
      "train_residual_linf": 0.07343531399965286,
      "eval_residual_linf": 0.07471062988042831
    },
    "layer_5": {
      "train_residual_l2": 0.00872558169066906,
      "eval_residual_l2": 0.008685530163347721,
      "train_residual_linf": 0.00872558169066906,
      "eval_residual_linf": 0.008685530163347721
    }
  },
  "ic": {
    "train": {
      "layer_1": {
        "l2": 0.05226072669029236,
        "linf": 0.05226072669029236
      },
      "layer_2": {
        "l2": 0.2084735929965973,
        "linf": 0.2084735929965973
      },
      "layer_3": {
        "l2": 0.04211295023560524,
        "linf": 0.04211295023560524
      },
      "layer_4": {
        "l2": 0.016628162935376167,
        "linf": 0.016628162935376167
      },
      "layer_5": {
        "l2": 0.0011637667194008827,
        "linf": 0.0011637667194008827
      }
    },
    "eval": {
      "layer_1": {
        "l2": 0.0560922808945179,
        "linf": 0.0560922808945179
      },
      "layer_2": {
        "l2": 0.2306750863790512,
        "linf": 0.2306750863790512
      },
      "layer_3": {
        "l2": 0.044912129640579224,
        "linf": 0.044912129640579224
      },
      "layer_4": {
        "l2": 0.01393126230686903,
        "linf": 0.01393126230686903
      },
      "layer_5": {
        "l2": 0.0011783152585849166,
        "linf": 0.0011783152585849166
      }
    }
  },
  "bc_value": {
    "train": {
      "layer_1": {
        "l2": 0.07786823064088821,
        "linf": 0.07786823064088821
      },
      "layer_2": {
        "l2": 0.13915280997753143,
        "linf": 0.13915280997753143
      },
      "layer_3": {
        "l2": 0.030623242259025574,
        "linf": 0.030623242259025574
      },
      "layer_4": {
        "l2": 0.01065809465944767,
        "linf": 0.01065809465944767
      },
      "layer_5": {
        "l2": 0.001993310870602727,
        "linf": 0.001993310870602727
      }
    },
    "eval": {
      "layer_1": {
        "l2": 0.06220680847764015,
        "linf": 0.06220680847764015
      },
      "layer_2": {
        "l2": 0.15840934216976166,
        "linf": 0.15840934216976166
      },
      "layer_3": {
        "l2": 0.028694720938801765,
        "linf": 0.028694720938801765
      },
      "layer_4": {
        "l2": 0.010244512930512428,
        "linf": 0.010244512930512428
      },
      "layer_5": {
        "l2": 0.0018975856946781278,
        "linf": 0.0018975856946781278
      }
    }
  },
  "bc_derivative": {
    "train": {},
    "eval": {}
  },
  "final_layer_train_residual": 0.00872558169066906,
  "final_layer_eval_residual": 0.008685530163347721,
  "final_layer_train_residual_inf": 0.00872558169066906,
  "final_layer_eval_residual_inf": 0.008685530163347721,
  "final_layer_train_ic": {
    "l2": 0.0011637667194008827,
    "linf": 0.0011637667194008827
  },
  "final_layer_eval_ic": {
    "l2": 0.0011783152585849166,
    "linf": 0.0011783152585849166
  },
  "final_layer_train_bc_value": {
    "l2": 0.001993310870602727,
    "linf": 0.001993310870602727
  },
  "final_layer_eval_bc_value": {
    "l2": 0.0018975856946781278,
    "linf": 0.0018975856946781278
  },
  "final_layer_train_bc_derivative": {},
  "final_layer_eval_bc_derivative": {}
}