{
  "layers_analyzed": [
    "layer_1",
    "layer_2",
    "layer_3",
    "layer_4",
    "layer_5"
  ],
  "num_layers": 5,
  "train": {
    "rel_l2": [
      0.199706569314003,
      0.2516769766807556,
      0.1334950178861618,
      0.07502767443656921,
      0.006472836714237928
    ],
    "inf_norm": [
      0.594132661819458,
      0.5246313810348511,
      0.3512674570083618,
      0.33144426345825195,
      0.038619041442871094
    ]
  },
  "eval": {
    "rel_l2": [
      0.20018698275089264,
      0.25043874979019165,
      0.13535542786121368,
      0.07427019625902176,
      0.006461252924054861
    ],
    "inf_norm": [
      0.5940256714820862,
      0.5223134160041809,
      0.33604705333709717,
      0.29433494806289673,
      0.03840744495391846
    ]
  },
  "layer_dimensions": {
    "layer_1": 36,
    "layer_2": 36,
    "layer_3": 36,
    "layer_4": 36,
    "layer_5": 36
  }
}