{
  "layers_analyzed": [
    "layer_1",
    "layer_2",
    "layer_3",
    "layer_4",
    "layer_5",
    "layer_6",
    "layer_7"
  ],
  "num_layers": 7,
  "train": {
    "rel_l2": [
      0.18490193784236908,
      0.15546058118343353,
      0.23257337510585785,
      0.14884738624095917,
      0.09264060854911804,
      0.04837528616189957,
      0.036216553300619125
    ],
    "inf_norm": [
      0.4225921630859375,
      0.3999634385108948,
      0.9942607283592224,
      0.3941039443016052,
      0.380190908908844,
      0.20409655570983887,
      0.1869267225265503
    ]
  },
  "eval": {
    "rel_l2": [
      0.18442127108573914,
      0.15611940622329712,
      0.23884910345077515,
      0.14791534841060638,
      0.09321925789117813,
      0.04846402630209923,
      0.036439817398786545
    ],
    "inf_norm": [
      0.38870635628700256,
      0.3999634385108948,
      0.8796981573104858,
      0.34405744075775146,
      0.3801913857460022,
      0.20363909006118774,
      0.17817598581314087
    ]
  },
  "layer_dimensions": {
    "layer_1": 40,
    "layer_2": 40,
    "layer_3": 40,
    "layer_4": 40,
    "layer_5": 40,
    "layer_6": 40,
    "layer_7": 40
  }
}