{
  "bins": 5,
  "num_classes": 5,
  "num_samples": 4000,
  "layers_analyzed": [
    "layer_1",
    "layer_2",
    "layer_3",
    "layer_4",
    "layer_5",
    "layer_6",
    "layer_7"
  ],
  "layer_accuracies": {
    "layer_1": 0.51925,
    "layer_2": 0.594,
    "layer_3": 0.57125,
    "layer_4": 0.584,
    "layer_5": 0.60775,
    "layer_6": 0.60275,
    "layer_7": 0.72175
  },
  "layer_compactness": {
    "layer_1": {
      "intra_class": 0.15633119493722916,
      "intra_class_std": 0.12666376027030335,
      "inter_class_mean": 0.26836273074150085,
      "inter_class_std": 0.11093886196613312
    },
    "layer_2": {
      "intra_class": 0.270532438158989,
      "intra_class_std": 0.22569321223264746,
      "inter_class_mean": 0.5240762233734131,
      "inter_class_std": 0.22606250643730164
    },
    "layer_3": {
      "intra_class": 0.2797986030578613,
      "intra_class_std": 0.25002774625959046,
      "inter_class_mean": 0.6477324366569519,
      "inter_class_std": 0.34694308042526245
    },
    "layer_4": {
      "intra_class": 0.2457589864730835,
      "intra_class_std": 0.22575581210193596,
      "inter_class_mean": 0.6104412078857422,
      "inter_class_std": 0.33697521686553955
    },
    "layer_5": {
      "intra_class": 0.2495484471321106,
      "intra_class_std": 0.21441503677206283,
      "inter_class_mean": 0.6383166313171387,
      "inter_class_std": 0.3273898959159851
    },
    "layer_6": {
      "intra_class": 0.23743366003036498,
      "intra_class_std": 0.19234482406494577,
      "inter_class_mean": 0.6459084749221802,
      "inter_class_std": 0.2898198068141937
    },
    "layer_7": {
      "intra_class": 0.16205818355083465,
      "intra_class_std": 0.1187580341395067,
      "inter_class_mean": 0.4720822274684906,
      "inter_class_std": 0.20883049070835114
    }
  },
  "layer_margins": {
    "layer_1": {
      "mean_margin": -0.015649395063519478,
      "std_margin": 0.13072693347930908,
      "fraction_positive": 0.51925
    },
    "layer_2": {
      "mean_margin": 0.005748996045440435,
      "std_margin": 0.27211493253707886,
      "fraction_positive": 0.594
    },
    "layer_3": {
      "mean_margin": 0.005958608351647854,
      "std_margin": 0.35165107250213623,
      "fraction_positive": 0.57125
    },
    "layer_4": {
      "mean_margin": 0.01598980836570263,
      "std_margin": 0.3261769115924835,
      "fraction_positive": 0.584
    },
    "layer_5": {
      "mean_margin": 0.048566777259111404,
      "std_margin": 0.3150007128715515,
      "fraction_positive": 0.60775
    },
    "layer_6": {
      "mean_margin": 0.08042601495981216,
      "std_margin": 0.28140315413475037,
      "fraction_positive": 0.60275
    },
    "layer_7": {
      "mean_margin": 0.09768684953451157,
      "std_margin": 0.1517001837491989,
      "fraction_positive": 0.72175
    }
  }
}