{
  "layers_analyzed": [
    "layer_1",
    "layer_2",
    "layer_3",
    "layer_4",
    "layer_5"
  ],
  "num_layers": 5,
  "train": {
    "layer_1": {
      "h_norm": 0.41516947746276855,
      "residual_norm": 0.3694760501384735,
      "residual_inf_norm": 0.3694760501384735,
      "h_t_norm": 0.44500404596328735,
      "h_x_norm": 0.41458752751350403,
      "h_xx_norm": 0.4257388412952423,
      "h_tt_norm": 0.5226178765296936
    },
    "layer_2": {
      "h_norm": 0.4212972819805145,
      "residual_norm": 0.8553158044815063,
      "residual_inf_norm": 0.8553158044815063,
      "h_t_norm": 0.5066136121749878,
      "h_x_norm": 0.4296787977218628,
      "h_xx_norm": 0.643600344657898,
      "h_tt_norm": 0.8616147041320801
    },
    "layer_3": {
      "h_norm": 0.4186447858810425,
      "residual_norm": 0.7466244697570801,
      "residual_inf_norm": 0.7466244697570801,
      "h_t_norm": 0.48093730211257935,
      "h_x_norm": 0.4320824444293976,
      "h_xx_norm": 0.6828916072845459,
      "h_tt_norm": 0.8086186647415161
    },
    "layer_4": {
      "h_norm": 0.41976219415664673,
      "residual_norm": 0.10300471633672714,
      "residual_inf_norm": 0.10300471633672714,
      "h_t_norm": 0.4235979914665222,
      "h_x_norm": 0.386949360370636,
      "h_xx_norm": 0.4201359450817108,
      "h_tt_norm": 0.41131651401519775
    },
    "layer_5": {
      "h_norm": 0.41976624727249146,
      "residual_norm": 0.012368042953312397,
      "residual_inf_norm": 0.012368042953312397,
      "h_t_norm": 0.418413907289505,
      "h_x_norm": 0.3885956108570099,
      "h_xx_norm": 0.4195235073566437,
      "h_tt_norm": 0.41794341802597046
    }
  },
  "eval": {
    "layer_1": {
      "h_norm": 0.4139134883880615,
      "residual_norm": 0.3751254379749298,
      "residual_inf_norm": 0.3751254379749298,
      "h_t_norm": 0.4450996220111847,
      "h_x_norm": 0.4140280783176422,
      "h_xx_norm": 0.4280458986759186,
      "h_tt_norm": 0.5270091891288757
    },
    "layer_2": {
      "h_norm": 0.420180082321167,
      "residual_norm": 0.8652538657188416,
      "residual_inf_norm": 0.8652538657188416,
      "h_t_norm": 0.5085099935531616,
      "h_x_norm": 0.4307214319705963,
      "h_xx_norm": 0.6508052349090576,
      "h_tt_norm": 0.8614291548728943
    },
    "layer_3": {
      "h_norm": 0.415834903717041,
      "residual_norm": 0.7501795887947083,
      "residual_inf_norm": 0.7501795887947083,
      "h_t_norm": 0.4849303662776947,
      "h_x_norm": 0.43205153942108154,
      "h_xx_norm": 0.6805433034896851,
      "h_tt_norm": 0.8099557757377625
    },
    "layer_4": {
      "h_norm": 0.41720402240753174,
      "residual_norm": 0.10136714577674866,
      "residual_inf_norm": 0.10136714577674866,
      "h_t_norm": 0.4247133135795593,
      "h_x_norm": 0.3859425485134125,
      "h_xx_norm": 0.419274240732193,
      "h_tt_norm": 0.4099980592727661
    },
    "layer_5": {
      "h_norm": 0.41701626777648926,
      "residual_norm": 0.01245119422674179,
      "residual_inf_norm": 0.01245119422674179,
      "h_t_norm": 0.41903015971183777,
      "h_x_norm": 0.388083279132843,
      "h_xx_norm": 0.4166746437549591,
      "h_tt_norm": 0.4152490794658661
    }
  },
  "layer_norms": {
    "layer_1": {
      "train_residual_l2": 0.3694760501384735,
      "eval_residual_l2": 0.3751254379749298,
      "train_residual_linf": 0.3694760501384735,
      "eval_residual_linf": 0.3751254379749298
    },
    "layer_2": {
      "train_residual_l2": 0.8553158044815063,
      "eval_residual_l2": 0.8652538657188416,
      "train_residual_linf": 0.8553158044815063,
      "eval_residual_linf": 0.8652538657188416
    },
    "layer_3": {
      "train_residual_l2": 0.7466244697570801,
      "eval_residual_l2": 0.7501795887947083,
      "train_residual_linf": 0.7466244697570801,
      "eval_residual_linf": 0.7501795887947083
    },
    "layer_4": {
      "train_residual_l2": 0.10300471633672714,
      "eval_residual_l2": 0.10136714577674866,
      "train_residual_linf": 0.10300471633672714,
      "eval_residual_linf": 0.10136714577674866
    },
    "layer_5": {
      "train_residual_l2": 0.012368042953312397,
      "eval_residual_l2": 0.01245119422674179,
      "train_residual_linf": 0.012368042953312397,
      "eval_residual_linf": 0.01245119422674179
    }
  },
  "ic": {
    "train": {
      "layer_1": {
        "l2": 0.08827196806669235,
        "linf": 0.08827196806669235
      },
      "layer_2": {
        "l2": 0.20177201926708221,
        "linf": 0.20177201926708221
      },
      "layer_3": {
        "l2": 0.1068088635802269,
        "linf": 0.1068088635802269
      },
      "layer_4": {
        "l2": 0.016750380396842957,
        "linf": 0.016750380396842957
      },
      "layer_5": {
        "l2": 0.0024508924689143896,
        "linf": 0.0024508924689143896
      }
    },
    "eval": {
      "layer_1": {
        "l2": 0.08184190094470978,
        "linf": 0.08184190094470978
      },
      "layer_2": {
        "l2": 0.20608526468276978,
        "linf": 0.20608526468276978
      },
      "layer_3": {
        "l2": 0.1111902967095375,
        "linf": 0.1111902967095375
      },
      "layer_4": {
        "l2": 0.01888086646795273,
        "linf": 0.01888086646795273
      },
      "layer_5": {
        "l2": 0.0027470663189888,
        "linf": 0.0027470663189888
      }
    }
  },
  "bc_value": {
    "train": {
      "layer_1": {
        "l2": 0.11717550456523895,
        "linf": 0.11717550456523895
      },
      "layer_2": {
        "l2": 0.13228465616703033,
        "linf": 0.13228465616703033
      },
      "layer_3": {
        "l2": 0.11138048768043518,
        "linf": 0.11138048768043518
      },
      "layer_4": {
        "l2": 0.019606750458478928,
        "linf": 0.019606750458478928
      },
      "layer_5": {
        "l2": 0.00281885894946754,
        "linf": 0.00281885894946754
      }
    },
    "eval": {
      "layer_1": {
        "l2": 0.08578437566757202,
        "linf": 0.08578437566757202
      },
      "layer_2": {
        "l2": 0.12952686846256256,
        "linf": 0.12952686846256256
      },
      "layer_3": {
        "l2": 0.11988313496112823,
        "linf": 0.11988313496112823
      },
      "layer_4": {
        "l2": 0.01764015294611454,
        "linf": 0.01764015294611454
      },
      "layer_5": {
        "l2": 0.0024301386438310146,
        "linf": 0.0024301386438310146
      }
    }
  },
  "bc_derivative": {
    "train": {},
    "eval": {}
  },
  "final_layer_train_residual": 0.012368042953312397,
  "final_layer_eval_residual": 0.01245119422674179,
  "final_layer_train_residual_inf": 0.012368042953312397,
  "final_layer_eval_residual_inf": 0.01245119422674179,
  "final_layer_train_ic": {
    "l2": 0.0024508924689143896,
    "linf": 0.0024508924689143896
  },
  "final_layer_eval_ic": {
    "l2": 0.0027470663189888,
    "linf": 0.0027470663189888
  },
  "final_layer_train_bc_value": {
    "l2": 0.00281885894946754,
    "linf": 0.00281885894946754
  },
  "final_layer_eval_bc_value": {
    "l2": 0.0024301386438310146,
    "linf": 0.0024301386438310146
  },
  "final_layer_train_bc_derivative": {},
  "final_layer_eval_bc_derivative": {}
}