{
  "layers_analyzed": [
    "layer_1",
    "layer_2",
    "layer_3",
    "layer_4",
    "layer_5"
  ],
  "num_layers": 5,
  "train": {
    "rel_l2": [
      1.0466206073760986,
      0.46298927068710327,
      0.7412437200546265,
      0.6394900679588318,
      0.6990894079208374
    ],
    "inf_norm": [
      2.8668577671051025,
      2.5325915813446045,
      3.506502628326416,
      2.707878589630127,
      3.6090011596679688
    ]
  },
  "eval": {
    "rel_l2": [
      1.1181681156158447,
      0.4726046323776245,
      0.7609185576438904,
      0.659134566783905,
      0.7081207633018494
    ],
    "inf_norm": [
      2.8460192680358887,
      2.4420299530029297,
      2.803956985473633,
      2.665102005004883,
      3.5776844024658203
    ]
  },
  "layer_dimensions": {
    "layer_1": 100,
    "layer_2": 100,
    "layer_3": 100,
    "layer_4": 100,
    "layer_5": 100
  }
}