{
  "layers_analyzed": [
    "layer_1",
    "layer_2",
    "layer_3",
    "layer_4",
    "layer_5",
    "layer_6",
    "layer_7"
  ],
  "num_layers": 7,
  "train": {
    "layer_1": {
      "h_norm": 1.219525694847107,
      "h_t_norm": 7.186166286468506,
      "h_xx_norm": 7.19268274307251,
      "nonlinear_norm": 5.502934455871582,
      "residual_norm": 9.991657257080078
    },
    "layer_2": {
      "h_norm": 0.9233024716377258,
      "h_t_norm": 4.1355509757995605,
      "h_xx_norm": 6.007908821105957,
      "nonlinear_norm": 2.3753409385681152,
      "residual_norm": 4.796468257904053
    },
    "layer_3": {
      "h_norm": 0.9415232539176941,
      "h_t_norm": 4.689881324768066,
      "h_xx_norm": 5.952240467071533,
      "nonlinear_norm": 3.239187717437744,
      "residual_norm": 6.430866718292236
    },
    "layer_4": {
      "h_norm": 1.0954664945602417,
      "h_t_norm": 4.892339706420898,
      "h_xx_norm": 7.511194229125977,
      "nonlinear_norm": 4.430279731750488,
      "residual_norm": 6.785295486450195
    },
    "layer_5": {
      "h_norm": 1.1546454429626465,
      "h_t_norm": 5.6918745040893555,
      "h_xx_norm": 5.91693639755249,
      "nonlinear_norm": 4.985854625701904,
      "residual_norm": 7.600340843200684
    },
    "layer_6": {
      "h_norm": 3.9557254314422607,
      "h_t_norm": 18.289522171020508,
      "h_xx_norm": 21.69584083557129,
      "nonlinear_norm": 205.90438842773438,
      "residual_norm": 206.01834106445312
    },
    "layer_7": {
      "h_norm": 0.6121989488601685,
      "h_t_norm": 2.3107123374938965,
      "h_xx_norm": 1.481615424156189,
      "nonlinear_norm": 1.0986164808273315,
      "residual_norm": 1.9933968782424927
    }
  },
  "eval": {
    "layer_1": {
      "h_norm": 1.2772440910339355,
      "h_t_norm": 7.6266560554504395,
      "h_xx_norm": 7.386135578155518,
      "nonlinear_norm": 6.413922309875488,
      "residual_norm": 11.251317977905273
    },
    "layer_2": {
      "h_norm": 0.9891915917396545,
      "h_t_norm": 4.457431316375732,
      "h_xx_norm": 6.299450874328613,
      "nonlinear_norm": 2.7286055088043213,
      "residual_norm": 5.181790828704834
    },
    "layer_3": {
      "h_norm": 1.00401771068573,
      "h_t_norm": 5.117453575134277,
      "h_xx_norm": 6.169583797454834,
      "nonlinear_norm": 3.8791096210479736,
      "residual_norm": 7.117691516876221
    },
    "layer_4": {
      "h_norm": 1.1683971881866455,
      "h_t_norm": 5.023403644561768,
      "h_xx_norm": 7.5742411613464355,
      "nonlinear_norm": 5.028793811798096,
      "residual_norm": 7.244474411010742
    },
    "layer_5": {
      "h_norm": 1.1985361576080322,
      "h_t_norm": 5.952962875366211,
      "h_xx_norm": 6.119713306427002,
      "nonlinear_norm": 5.729842662811279,
      "residual_norm": 8.383868217468262
    },
    "layer_6": {
      "h_norm": 4.13758659362793,
      "h_t_norm": 19.94961166381836,
      "h_xx_norm": 21.998401641845703,
      "nonlinear_norm": 238.24209594726562,
      "residual_norm": 239.05902099609375
    },
    "layer_7": {
      "h_norm": 0.6313591599464417,
      "h_t_norm": 2.4371178150177,
      "h_xx_norm": 1.487748146057129,
      "nonlinear_norm": 1.2428269386291504,
      "residual_norm": 2.1304779052734375
    }
  },
  "layer_norms": {
    "layer_1": {
      "train_residual": 9.991657257080078,
      "eval_residual": 11.251317977905273
    },
    "layer_2": {
      "train_residual": 4.796468257904053,
      "eval_residual": 5.181790828704834
    },
    "layer_3": {
      "train_residual": 6.430866718292236,
      "eval_residual": 7.117691516876221
    },
    "layer_4": {
      "train_residual": 6.785295486450195,
      "eval_residual": 7.244474411010742
    },
    "layer_5": {
      "train_residual": 7.600340843200684,
      "eval_residual": 8.383868217468262
    },
    "layer_6": {
      "train_residual": 206.01834106445312,
      "eval_residual": 239.05902099609375
    },
    "layer_7": {
      "train_residual": 1.9933968782424927,
      "eval_residual": 2.1304779052734375
    }
  },
  "final_layer_train_residual": 1.9933968782424927,
  "final_layer_eval_residual": 2.1304779052734375
}