{
  "layers_analyzed": [
    "layer_1",
    "layer_2",
    "layer_3",
    "layer_4",
    "layer_5"
  ],
  "num_layers": 5,
  "train": {
    "rel_l2": [
      0.20527900755405426,
      0.237330824136734,
      0.16896435618400574,
      0.06050147861242294,
      0.0007984059629961848
    ],
    "inf_norm": [
      0.5657837986946106,
      0.7281373143196106,
      0.6036338210105896,
      0.2829129695892334,
      0.0051111578941345215
    ]
  },
  "eval": {
    "rel_l2": [
      0.2024623155593872,
      0.23593983054161072,
      0.171590656042099,
      0.06105755642056465,
      0.0007953576860018075
    ],
    "inf_norm": [
      0.5657837986946106,
      0.7251705527305603,
      0.5347570180892944,
      0.2693944573402405,
      0.003913998603820801
    ]
  },
  "layer_dimensions": {
    "layer_1": 36,
    "layer_2": 36,
    "layer_3": 36,
    "layer_4": 36,
    "layer_5": 36
  }
}