{
  "layers_analyzed": [
    "layer_1",
    "layer_2",
    "layer_3",
    "layer_4",
    "layer_5",
    "layer_6",
    "layer_7"
  ],
  "num_layers": 7,
  "train": {
    "layer_1": {
      "h_norm": 0.4061558246612549,
      "residual_norm": 0.6773146390914917,
      "residual_inf_norm": 0.6773146390914917,
      "h_t_norm": 0.4860658049583435,
      "h_x_norm": 0.4328497052192688,
      "h_xx_norm": 0.5169167518615723,
      "h_tt_norm": 0.7194105982780457
    },
    "layer_2": {
      "h_norm": 0.41222500801086426,
      "residual_norm": 0.35183417797088623,
      "residual_inf_norm": 0.35183417797088623,
      "h_t_norm": 0.4505575895309448,
      "h_x_norm": 0.40050825476646423,
      "h_xx_norm": 0.41700923442840576,
      "h_tt_norm": 0.46112003922462463
    },
    "layer_3": {
      "h_norm": 0.41821444034576416,
      "residual_norm": 0.22898122668266296,
      "residual_inf_norm": 0.22898122668266296,
      "h_t_norm": 0.4394790232181549,
      "h_x_norm": 0.3915075659751892,
      "h_xx_norm": 0.42322951555252075,
      "h_tt_norm": 0.4371223747730255
    },
    "layer_4": {
      "h_norm": 0.4157581925392151,
      "residual_norm": 0.24091187119483948,
      "residual_inf_norm": 0.24091187119483948,
      "h_t_norm": 0.4383176863193512,
      "h_x_norm": 0.4015297293663025,
      "h_xx_norm": 0.42083755135536194,
      "h_tt_norm": 0.4212903082370758
    },
    "layer_5": {
      "h_norm": 0.41785678267478943,
      "residual_norm": 0.12555129826068878,
      "residual_inf_norm": 0.12555129826068878,
      "h_t_norm": 0.4267900884151459,
      "h_x_norm": 0.3926406502723694,
      "h_xx_norm": 0.42450785636901855,
      "h_tt_norm": 0.42430219054222107
    },
    "layer_6": {
      "h_norm": 0.4198463559150696,
      "residual_norm": 0.047575756907463074,
      "residual_inf_norm": 0.047575756907463074,
      "h_t_norm": 0.41884997487068176,
      "h_x_norm": 0.3867562711238861,
      "h_xx_norm": 0.4142451286315918,
      "h_tt_norm": 0.41719523072242737
    },
    "layer_7": {
      "h_norm": 0.41950759291648865,
      "residual_norm": 0.007753404788672924,
      "residual_inf_norm": 0.007753404788672924,
      "h_t_norm": 0.41819411516189575,
      "h_x_norm": 0.38866591453552246,
      "h_xx_norm": 0.4172969460487366,
      "h_tt_norm": 0.4165779650211334
    }
  },
  "eval": {
    "layer_1": {
      "h_norm": 0.40552079677581787,
      "residual_norm": 0.6746442914009094,
      "residual_inf_norm": 0.6746442914009094,
      "h_t_norm": 0.4855405390262604,
      "h_x_norm": 0.43285658955574036,
      "h_xx_norm": 0.5181747674942017,
      "h_tt_norm": 0.7236909866333008
    },
    "layer_2": {
      "h_norm": 0.41097912192344666,
      "residual_norm": 0.3586619794368744,
      "residual_inf_norm": 0.3586619794368744,
      "h_t_norm": 0.4539460837841034,
      "h_x_norm": 0.4011502265930176,
      "h_xx_norm": 0.41226261854171753,
      "h_tt_norm": 0.4666385352611542
    },
    "layer_3": {
      "h_norm": 0.4162207543849945,
      "residual_norm": 0.2333991527557373,
      "residual_inf_norm": 0.2333991527557373,
      "h_t_norm": 0.4407997727394104,
      "h_x_norm": 0.3919020891189575,
      "h_xx_norm": 0.4210301637649536,
      "h_tt_norm": 0.44086334109306335
    },
    "layer_4": {
      "h_norm": 0.41368135809898376,
      "residual_norm": 0.247604101896286,
      "residual_inf_norm": 0.247604101896286,
      "h_t_norm": 0.44188663363456726,
      "h_x_norm": 0.401729941368103,
      "h_xx_norm": 0.41828739643096924,
      "h_tt_norm": 0.4197428524494171
    },
    "layer_5": {
      "h_norm": 0.41559019684791565,
      "residual_norm": 0.12497686594724655,
      "residual_inf_norm": 0.12497686594724655,
      "h_t_norm": 0.4273756444454193,
      "h_x_norm": 0.39251431822776794,
      "h_xx_norm": 0.42376062273979187,
      "h_tt_norm": 0.42169615626335144
    },
    "layer_6": {
      "h_norm": 0.41715383529663086,
      "residual_norm": 0.047907352447509766,
      "residual_inf_norm": 0.047907352447509766,
      "h_t_norm": 0.41939520835876465,
      "h_x_norm": 0.3863004148006439,
      "h_xx_norm": 0.4108351469039917,
      "h_tt_norm": 0.41504940390586853
    },
    "layer_7": {
      "h_norm": 0.41674721240997314,
      "residual_norm": 0.007918041199445724,
      "residual_inf_norm": 0.007918041199445724,
      "h_t_norm": 0.41885673999786377,
      "h_x_norm": 0.38814225792884827,
      "h_xx_norm": 0.4143851399421692,
      "h_tt_norm": 0.41375604271888733
    }
  },
  "layer_norms": {
    "layer_1": {
      "train_residual_l2": 0.6773146390914917,
      "eval_residual_l2": 0.6746442914009094,
      "train_residual_linf": 0.6773146390914917,
      "eval_residual_linf": 0.6746442914009094
    },
    "layer_2": {
      "train_residual_l2": 0.35183417797088623,
      "eval_residual_l2": 0.3586619794368744,
      "train_residual_linf": 0.35183417797088623,
      "eval_residual_linf": 0.3586619794368744
    },
    "layer_3": {
      "train_residual_l2": 0.22898122668266296,
      "eval_residual_l2": 0.2333991527557373,
      "train_residual_linf": 0.22898122668266296,
      "eval_residual_linf": 0.2333991527557373
    },
    "layer_4": {
      "train_residual_l2": 0.24091187119483948,
      "eval_residual_l2": 0.247604101896286,
      "train_residual_linf": 0.24091187119483948,
      "eval_residual_linf": 0.247604101896286
    },
    "layer_5": {
      "train_residual_l2": 0.12555129826068878,
      "eval_residual_l2": 0.12497686594724655,
      "train_residual_linf": 0.12555129826068878,
      "eval_residual_linf": 0.12497686594724655
    },
    "layer_6": {
      "train_residual_l2": 0.047575756907463074,
      "eval_residual_l2": 0.047907352447509766,
      "train_residual_linf": 0.047575756907463074,
      "eval_residual_linf": 0.047907352447509766
    },
    "layer_7": {
      "train_residual_l2": 0.007753404788672924,
      "eval_residual_l2": 0.007918041199445724,
      "train_residual_linf": 0.007753404788672924,
      "eval_residual_linf": 0.007918041199445724
    }
  },
  "ic": {
    "train": {
      "layer_1": {
        "l2": 0.17944474518299103,
        "linf": 0.17944474518299103
      },
      "layer_2": {
        "l2": 0.057304877787828445,
        "linf": 0.057304877787828445
      },
      "layer_3": {
        "l2": 0.037443820387125015,
        "linf": 0.037443820387125015
      },
      "layer_4": {
        "l2": 0.05048435553908348,
        "linf": 0.05048435553908348
      },
      "layer_5": {
        "l2": 0.03146865963935852,
        "linf": 0.03146865963935852
      },
      "layer_6": {
        "l2": 0.007593516726046801,
        "linf": 0.007593516726046801
      },
      "layer_7": {
        "l2": 0.0014109347248449922,
        "linf": 0.0014109347248449922
      }
    },
    "eval": {
      "layer_1": {
        "l2": 0.1942005604505539,
        "linf": 0.1942005604505539
      },
      "layer_2": {
        "l2": 0.06449924409389496,
        "linf": 0.06449924409389496
      },
      "layer_3": {
        "l2": 0.03618530184030533,
        "linf": 0.03618530184030533
      },
      "layer_4": {
        "l2": 0.05407259985804558,
        "linf": 0.05407259985804558
      },
      "layer_5": {
        "l2": 0.026287518441677094,
        "linf": 0.026287518441677094
      },
      "layer_6": {
        "l2": 0.008067996241152287,
        "linf": 0.008067996241152287
      },
      "layer_7": {
        "l2": 0.0014305924996733665,
        "linf": 0.0014305924996733665
      }
    }
  },
  "bc_value": {
    "train": {
      "layer_1": {
        "l2": 0.1549924910068512,
        "linf": 0.1549924910068512
      },
      "layer_2": {
        "l2": 0.10187894850969315,
        "linf": 0.10187894850969315
      },
      "layer_3": {
        "l2": 0.048803430050611496,
        "linf": 0.048803430050611496
      },
      "layer_4": {
        "l2": 0.08046868443489075,
        "linf": 0.08046868443489075
      },
      "layer_5": {
        "l2": 0.026841692626476288,