{
  "layers_analyzed": [
    "layer_1",
    "layer_2",
    "layer_3",
    "layer_4",
    "layer_5"
  ],
  "num_layers": 5,
  "train": {
    "layer_1": {
      "h_norm": 0.6587854623794556,
      "residual_norm": 2.341458797454834,
      "residual_inf_norm": 2.129655599594116,
      "h_t_norm": 2.7349956035614014,
      "h_x_norm": 0.984345018863678,
      "h_xx_norm": 2.414701461791992,
      "nonlinear_norm": 1.2680679559707642
    },
    "layer_2": {
      "h_norm": 0.656010091304779,
      "residual_norm": 3.2599856853485107,
      "residual_inf_norm": 2.9194180965423584,
      "h_t_norm": 2.6329426765441895,
      "h_x_norm": 1.1226518154144287,
      "h_xx_norm": 5.784668445587158,
      "nonlinear_norm": 1.6523032188415527
    },
    "layer_3": {
      "h_norm": 0.5921860933303833,
      "residual_norm": 0.747913658618927,
      "residual_inf_norm": 0.6821083426475525,
      "h_t_norm": 1.6545805931091309,
      "h_x_norm": 0.7069104909896851,
      "h_xx_norm": 2.3245067596435547,
      "nonlinear_norm": 1.6183626651763916
    },
    "layer_4": {
      "h_norm": 0.5908274054527283,
      "residual_norm": 0.20748746395111084,
      "residual_inf_norm": 0.19038107991218567,
      "h_t_norm": 1.5991935729980469,
      "h_x_norm": 0.6811091899871826,
      "h_xx_norm": 1.7439762353897095,
      "nonlinear_norm": 1.6204473972320557
    },
    "layer_5": {
      "h_norm": 0.5907999873161316,
      "residual_norm": 0.07779468595981598,
      "residual_inf_norm": 0.07015055418014526,
      "h_t_norm": 1.5912655591964722,
      "h_x_norm": 0.678029477596283,
      "h_xx_norm": 1.682865023612976,
      "nonlinear_norm": 1.6205880641937256
    }
  },
  "eval": {
    "layer_1": {
      "h_norm": 0.6813292503356934,
      "residual_norm": 2.532747507095337,
      "residual_inf_norm": 2.300956964492798,
      "h_t_norm": 2.902587413787842,
      "h_x_norm": 1.0621275901794434,
      "h_xx_norm": 2.5929019451141357,
      "nonlinear_norm": 1.4151465892791748
    },
    "layer_2": {
      "h_norm": 0.6830293536186218,
      "residual_norm": 3.519693613052368,
      "residual_inf_norm": 3.155010223388672,
      "h_t_norm": 2.7518022060394287,
      "h_x_norm": 1.188279390335083,
      "h_xx_norm": 6.192196846008301,
      "nonlinear_norm": 1.6918752193450928
    },
    "layer_3": {
      "h_norm": 0.6036622524261475,
      "residual_norm": 0.7576901912689209,
      "residual_inf_norm": 0.6899217963218689,
      "h_t_norm": 1.7087552547454834,
      "h_x_norm": 0.7339761257171631,
      "h_xx_norm": 2.2053356170654297,
      "nonlinear_norm": 1.617108941078186
    },
    "layer_4": {
      "h_norm": 0.6013565063476562,
      "residual_norm": 0.21656475961208344,
      "residual_inf_norm": 0.1992480605840683,
      "h_t_norm": 1.6399281024932861,
      "h_x_norm": 0.7006443738937378,
      "h_xx_norm": 1.5872553586959839,
      "nonlinear_norm": 1.6128889322280884
    },
    "layer_5": {
      "h_norm": 0.6012270450592041,
      "residual_norm": 0.07151088118553162,
      "residual_inf_norm": 0.0648193210363388,
      "h_t_norm": 1.6314376592636108,
      "h_x_norm": 0.6963193416595459,
      "h_xx_norm": 1.527033805847168,
      "nonlinear_norm": 1.613540530204773
    }
  },
  "layer_norms": {
    "layer_1": {
      "train_residual_l2": 2.341458797454834,
      "eval_residual_l2": 2.532747507095337,
      "train_residual_linf": 2.129655599594116,
      "eval_residual_linf": 2.300956964492798
    },
    "layer_2": {
      "train_residual_l2": 3.2599856853485107,
      "eval_residual_l2": 3.519693613052368,
      "train_residual_linf": 2.9194180965423584,
      "eval_residual_linf": 3.155010223388672
    },
    "layer_3": {
      "train_residual_l2": 0.747913658618927,
      "eval_residual_l2": 0.7576901912689209,
      "train_residual_linf": 0.6821083426475525,
      "eval_residual_linf": 0.6899217963218689
    },
    "layer_4": {
      "train_residual_l2": 0.20748746395111084,
      "eval_residual_l2": 0.21656475961208344,
      "train_residual_linf": 0.19038107991218567,
      "eval_residual_linf": 0.1992480605840683
    },
    "layer_5": {
      "train_residual_l2": 0.07779468595981598,
      "eval_residual_l2": 0.07151088118553162,
      "train_residual_linf": 0.07015055418014526,
      "eval_residual_linf": 0.0648193210363388
    }
  },
  "ic": {
    "train": {
      "layer_1": {
        "l2": 0.7081067562103271,
        "linf": 0.6644233465194702
      },
      "layer_2": {
        "l2": 0.36052051186561584,
        "linf": 0.31122246384620667
      },
      "layer_3": {
        "l2": 0.04120737686753273,
        "linf": 0.037938546389341354
      },
      "layer_4": {
        "l2": 0.01309945434331894,
        "linf": 0.01224923599511385
      },
      "layer_5": {
        "l2": 0.005262693855911493,
        "linf": 0.004782270174473524
      }
    },
    "eval": {
      "layer_1": {
        "l2": 0.8186825513839722,
        "linf": 0.7821581959724426
      },
      "layer_2": {
        "l2": 0.43427497148513794,
        "linf": 0.36904382705688477
      },
      "layer_3": {
        "l2": 0.04441142454743385,
        "linf": 0.04156766086816788
      },
      "layer_4": {
        "l2": 0.011997206136584282,
        "linf": 0.011017332784831524
      },
      "layer_5": {
        "l2": 0.005514080170542002,
        "linf": 0.0048982794396579266
      }
    }
  },
  "bc_value": {
    "train": {
      "layer_1": {
        "l2": 0.8138046860694885,
        "linf": 0.7826815843582153
      },
      "layer_2": {
        "l2": 0.3875707983970642,
        "linf": 0.33139973878860474
      },
      "layer_3": {
        "l2": 0.036765195429325104,
        "linf": 0.03428597375750542
      },
      "layer_4": {
        "l2": 0.013968364335596561,
        "linf": 0.012805075384676456
      },
      "layer_5": {
        "l2": 0.0042602852918207645,
        "linf": 0.003933196887373924
      }
    },
    "eval": {
      "layer_1": {
        "l2": 0.8920291066169739,
        "linf": 0.8516960144042969
      },
      "layer_2": {
        "l2": 0.31304770708084106,
        "linf": 0.267739862203598
      },
      "layer_3": {
        "l2": 0.04220276325941086,
        "linf": 0.03992872312664986
      },
      "layer_4": {
        "l2": 0.013864370062947273,
        "linf": 0.01285552978515625
      },
      "layer_5": {
        "l2": 0.004161021672189236,
        "linf": 0.003916236571967602
      }
    }
  },
  "bc_derivative": {
    "train": {
      "layer_1": {
        "l2": 4.304328441619873,
        "linf": 4.215175628662109
      },
      "layer_2": {
        "l2": 2.350726842880249,
        "linf": 2.2533135414123535
      },
      "layer_3": {
        "l2": 0.152862086892128,
        "linf": 0.14536376297473907
      },
      "layer_4": {
        "l2": 0.068968266248703,
        "linf": 0.06393274664878845
      },
      "layer_5": {
        "l2": 0.020002825185656548,
        "linf": 0.01715676859021187
      }
    },
    "eval": {
      "layer_1": {
        "l2": 4.244892597198486,
        "linf": 4.147339820861816
      },
      "layer_2": {
        "l2": 2.8350648880004883,
        "linf": 2.70833158493042
      },
      "layer_3": {
        "l2": 0.14748015999794006,
        "linf": 0.13826504349708557
      },
      "layer_4": {
        "l2": 0.07007614523172379,
        "linf": 0.06400130689144135
      },
      "layer_5": {
        "l2": 0.02154071442782879,
        "linf": 0.01858876645565033
      }
    }
  },
  "final_layer_train_residual": 0.07779468595981598,
  "final_layer_eval_residual": 0.07151088118553162,
  "final_layer_train_residual_inf": 0.07015055418014526,
  "final_layer_eval_residual_inf": 0.0648193210363388,
  "final_layer_train_ic": {
    "l2": 0.005262693855911493,
    "linf": 0.004782270174473524
  },
  "final_layer_eval_ic": {
    "l2": 0.005514080170542002,
    "linf": 0.0048982794396579266
  },
  "final_layer_train_bc_value": {
    "l2": 0.0042602852918207645,
    "linf": 0.003933196887373924
  },