{
  "layers_analyzed": [
    "layer_1",
    "layer_2",
    "layer_3",
    "layer_4",
    "layer_5"
  ],
  "num_layers": 5,
  "train": {
    "rel_l2": [
      0.10655365139245987,
      0.15271076560020447,
      0.0375329926609993,
      0.014770177192986012,
      0.0031422788742929697
    ],
    "inf_norm": [
      0.44660210609436035,
      0.4186035394668579,
      0.11201286315917969,
      0.05951404571533203,
      0.03033900260925293
    ]
  },
  "eval": {
    "rel_l2": [
      0.10598041117191315,
      0.15753988921642303,
      0.03851143643260002,
      0.014883123338222504,
      0.0031192470341920853
    ],
    "inf_norm": [
      0.41790491342544556,
      0.416228324174881,
      0.11105024814605713,
      0.054800570011138916,
      0.02923673391342163
    ]
  },
  "layer_dimensions": {
    "layer_1": 85,
    "layer_2": 85,
    "layer_3": 85,
    "layer_4": 85,
    "layer_5": 85
  }
}