{
  "layers_analyzed": [
    "layer_1",
    "layer_2",
    "layer_3",
    "layer_4",
    "layer_5",
    "layer_6",
    "layer_7"
  ],
  "num_layers": 7,
  "train": {
    "layer_1": {
      "h_norm": 0.4187125861644745,
      "residual_norm": 0.7012070417404175,
      "residual_inf_norm": 0.7012070417404175,
      "h_t_norm": 0.47200319170951843,
      "h_x_norm": 0.4219586253166199,
      "h_xx_norm": 0.4218883514404297,
      "h_tt_norm": 0.8287374377250671
    },
    "layer_2": {
      "h_norm": 0.41259026527404785,
      "residual_norm": 0.33450040221214294,
      "residual_inf_norm": 0.33450040221214294,
      "h_t_norm": 0.4526231288909912,
      "h_x_norm": 0.39660701155662537,
      "h_xx_norm": 0.4157337248325348,
      "h_tt_norm": 0.4461979866027832
    },
    "layer_3": {
      "h_norm": 0.4155689775943756,
      "residual_norm": 0.3399752378463745,
      "residual_inf_norm": 0.3399752378463745,
      "h_t_norm": 0.4520277678966522,
      "h_x_norm": 0.40074315667152405,
      "h_xx_norm": 0.40552622079849243,
      "h_tt_norm": 0.4737764894962311
    },
    "layer_4": {
      "h_norm": 0.41684725880622864,
      "residual_norm": 0.23229849338531494,
      "residual_inf_norm": 0.23229849338531494,
      "h_t_norm": 0.43446123600006104,
      "h_x_norm": 0.4025716185569763,
      "h_xx_norm": 0.4045438766479492,
      "h_tt_norm": 0.4693617820739746
    },
    "layer_5": {
      "h_norm": 0.4188799560070038,
      "residual_norm": 0.1057898998260498,
      "residual_inf_norm": 0.1057898998260498,
      "h_t_norm": 0.4240186810493469,
      "h_x_norm": 0.39276134967803955,
      "h_xx_norm": 0.4311031103134155,
      "h_tt_norm": 0.41257908940315247
    },
    "layer_6": {
      "h_norm": 0.41883569955825806,
      "residual_norm": 0.06087583675980568,
      "residual_inf_norm": 0.06087583675980568,
      "h_t_norm": 0.41808804869651794,
      "h_x_norm": 0.39122650027275085,
      "h_xx_norm": 0.41985729336738586,
      "h_tt_norm": 0.42293432354927063
    },
    "layer_7": {
      "h_norm": 0.4196765720844269,
      "residual_norm": 0.0007174795027822256,
      "residual_inf_norm": 0.0007174795027822256,
      "h_t_norm": 0.4175844192504883,
      "h_x_norm": 0.38837727904319763,
      "h_xx_norm": 0.41940197348594666,
      "h_tt_norm": 0.4193631112575531
    }
  },
  "eval": {
    "layer_1": {
      "h_norm": 0.4172457158565521,
      "residual_norm": 0.6961153149604797,
      "residual_inf_norm": 0.6961153149604797,
      "h_t_norm": 0.469903826713562,
      "h_x_norm": 0.42263174057006836,
      "h_xx_norm": 0.42364034056663513,
      "h_tt_norm": 0.8215683102607727
    },
    "layer_2": {
      "h_norm": 0.410866379737854,
      "residual_norm": 0.34069302678108215,
      "residual_inf_norm": 0.34069302678108215,
      "h_t_norm": 0.4551129639148712,
      "h_x_norm": 0.3951556384563446,
      "h_xx_norm": 0.4100748300552368,
      "h_tt_norm": 0.45294052362442017
    },
    "layer_3": {
      "h_norm": 0.4132908284664154,
      "residual_norm": 0.354462593793869,
      "residual_inf_norm": 0.354462593793869,
      "h_t_norm": 0.4554986357688904,
      "h_x_norm": 0.40023714303970337,
      "h_xx_norm": 0.4011790156364441,
      "h_tt_norm": 0.4836503565311432
    },
    "layer_4": {
      "h_norm": 0.4147937595844269,
      "residual_norm": 0.2391698658466339,
      "residual_inf_norm": 0.2391698658466339,
      "h_t_norm": 0.4377370774745941,
      "h_x_norm": 0.4027041494846344,
      "h_xx_norm": 0.4021788537502289,
      "h_tt_norm": 0.46848759055137634
    },
    "layer_5": {
      "h_norm": 0.4164541959762573,
      "residual_norm": 0.10677560418844223,
      "residual_inf_norm": 0.10677560418844223,
      "h_t_norm": 0.42488396167755127,
      "h_x_norm": 0.39220157265663147,
      "h_xx_norm": 0.4309672713279724,
      "h_tt_norm": 0.4112735986709595
    },
    "layer_6": {
      "h_norm": 0.4161534607410431,
      "residual_norm": 0.06184894219040871,
      "residual_inf_norm": 0.06184894219040871,
      "h_t_norm": 0.4187024235725403,
      "h_x_norm": 0.39117157459259033,
      "h_xx_norm": 0.41756191849708557,
      "h_tt_norm": 0.4195270836353302
    },
    "layer_7": {
      "h_norm": 0.41688287258148193,
      "residual_norm": 0.0007190905162133276,
      "residual_inf_norm": 0.0007190905162133276,
      "h_t_norm": 0.4181588292121887,
      "h_x_norm": 0.3877350986003876,
      "h_xx_norm": 0.41657766699790955,
      "h_tt_norm": 0.4165325164794922
    }
  },
  "layer_norms": {
    "layer_1": {
      "train_residual_l2": 0.7012070417404175,
      "eval_residual_l2": 0.6961153149604797,
      "train_residual_linf": 0.7012070417404175,
      "eval_residual_linf": 0.6961153149604797
    },
    "layer_2": {
      "train_residual_l2": 0.33450040221214294,
      "eval_residual_l2": 0.34069302678108215,
      "train_residual_linf": 0.33450040221214294,
      "eval_residual_linf": 0.34069302678108215
    },
    "layer_3": {
      "train_residual_l2": 0.3399752378463745,
      "eval_residual_l2": 0.354462593793869,
      "train_residual_linf": 0.3399752378463745,
      "eval_residual_linf": 0.354462593793869
    },
    "layer_4": {
      "train_residual_l2": 0.23229849338531494,
      "eval_residual_l2": 0.2391698658466339,
      "train_residual_linf": 0.23229849338531494,
      "eval_residual_linf": 0.2391698658466339
    },
    "layer_5": {
      "train_residual_l2": 0.1057898998260498,
      "eval_residual_l2": 0.10677560418844223,
      "train_residual_linf": 0.1057898998260498,
      "eval_residual_linf": 0.10677560418844223
    },
    "layer_6": {
      "train_residual_l2": 0.06087583675980568,
      "eval_residual_l2": 0.06184894219040871,
      "train_residual_linf": 0.06087583675980568,
      "eval_residual_linf": 0.06184894219040871
    },
    "layer_7": {
      "train_residual_l2": 0.0007174795027822256,
      "eval_residual_l2": 0.0007190905162133276,
      "train_residual_linf": 0.0007174795027822256,
      "eval_residual_linf": 0.0007190905162133276
    }
  },
  "ic": {
    "train": {
      "layer_1": {
        "l2": 0.16099296510219574,
        "linf": 0.16099296510219574
      },
      "layer_2": {
        "l2": 0.06876952201128006,
        "linf": 0.06876952201128006
      },
      "layer_3": {
        "l2": 0.06484890729188919,
        "linf": 0.06484890729188919
      },
      "layer_4": {
        "l2": 0.07178349792957306,
        "linf": 0.07178349792957306
      },
      "layer_5": {
        "l2": 0.02304943837225437,
        "linf": 0.02304943837225437
      },
      "layer_6": {
        "l2": 0.01134631596505642,
        "linf": 0.01134631596505642
      },
      "layer_7": {
        "l2": 0.00015622506907675415,
        "linf": 0.00015622506907675415
      }
    },
    "eval": {
      "layer_1": {
        "l2": 0.1229536235332489,
        "linf": 0.1229536235332489
      },
      "layer_2": {
        "l2": 0.06372039020061493,
        "linf": 0.06372039020061493
      },
      "layer_3": {
        "l2": 0.08169624954462051,
        "linf": 0.08169624954462051
      },
      "layer_4": {
        "l2": 0.07012970745563507,
        "linf": 0.07012970745563507
      },
      "layer_5": {
        "l2": 0.020894775167107582,
        "linf": 0.020894775167107582
      },
      "layer_6": {
        "l2": 0.010401519946753979,
        "linf": 0.010401519946753979
      },
      "layer_7": {
        "l2": 0.0001667624746914953,
        "linf": 0.0001667624746914953
      }
    }
  },
  "bc_value": {
    "train": {
      "layer_1": {
        "l2": 0.14796914160251617,
        "linf": 0.14796914160251617
      },
      "layer_2": {
        "l2": 0.07940086722373962,
        "linf": 0.07940086722373962
      },
      "layer_3": {
        "l2": 0.08076146990060806,
        "linf": 0.08076146990060806
      },
      "layer_4": {
        "l2": 0.07346772402524948,
        "linf": 0.07346772402524948
      },
      "layer_5": {
        "l2": 0.02811259962618351,
        "linf": 0.02811259962618351
      },