{
  "layers_analyzed": [
    "layer_1",
    "layer_2",
    "layer_3",
    "layer_4",
    "layer_5",
    "layer_6",
    "layer_7"
  ],
  "num_layers": 7,
  "train": {
    "layer_1": {
      "h_norm": 0.4062524139881134,
      "residual_norm": 0.2639489471912384,
      "residual_inf_norm": 0.2639489471912384,
      "h_t_norm": 0.4277718961238861,
      "h_x_norm": 0.4181048274040222,
      "h_xx_norm": 0.36170437932014465,
      "h_tt_norm": 0.46386197209358215
    },
    "layer_2": {
      "h_norm": 0.40578386187553406,
      "residual_norm": 0.2538120746612549,
      "residual_inf_norm": 0.2538120746612549,
      "h_t_norm": 0.43851765990257263,
      "h_x_norm": 0.4104796350002289,
      "h_xx_norm": 0.37726864218711853,
      "h_tt_norm": 0.3771113455295563
    },
    "layer_3": {
      "h_norm": 0.4113045632839203,
      "residual_norm": 0.31577375531196594,
      "residual_inf_norm": 0.31577375531196594,
      "h_t_norm": 0.45330047607421875,
      "h_x_norm": 0.4070688486099243,
      "h_xx_norm": 0.3652619421482086,
      "h_tt_norm": 0.46822071075439453
    },
    "layer_4": {
      "h_norm": 0.41101136803627014,
      "residual_norm": 0.23488585650920868,
      "residual_inf_norm": 0.23488585650920868,
      "h_t_norm": 0.4304876923561096,
      "h_x_norm": 0.40023133158683777,
      "h_xx_norm": 0.36582568287849426,
      "h_tt_norm": 0.3814001679420471
    },
    "layer_5": {
      "h_norm": 0.4182555377483368,
      "residual_norm": 0.10382381826639175,
      "residual_inf_norm": 0.10382381826639175,
      "h_t_norm": 0.424688458442688,
      "h_x_norm": 0.39173901081085205,
      "h_xx_norm": 0.41158831119537354,
      "h_tt_norm": 0.400023490190506
    },
    "layer_6": {
      "h_norm": 0.41906461119651794,
      "residual_norm": 0.03516734391450882,
      "residual_inf_norm": 0.03516734391450882,
      "h_t_norm": 0.4187082350254059,
      "h_x_norm": 0.3878999948501587,
      "h_xx_norm": 0.41102084517478943,
      "h_tt_norm": 0.4176921248435974
    },
    "layer_7": {
      "h_norm": 0.4196835160255432,
      "residual_norm": 0.0013491443824023008,
      "residual_inf_norm": 0.0013491443824023008,
      "h_t_norm": 0.41764184832572937,
      "h_x_norm": 0.38838544487953186,
      "h_xx_norm": 0.4193916618824005,
      "h_tt_norm": 0.41927164793014526
    }
  },
  "eval": {
    "layer_1": {
      "h_norm": 0.4048318862915039,
      "residual_norm": 0.2646571695804596,
      "residual_inf_norm": 0.2646571695804596,
      "h_t_norm": 0.43033307790756226,
      "h_x_norm": 0.41616588830947876,
      "h_xx_norm": 0.3572237193584442,
      "h_tt_norm": 0.46713560819625854
    },
    "layer_2": {
      "h_norm": 0.4046618938446045,
      "residual_norm": 0.24991756677627563,
      "residual_inf_norm": 0.24991756677627563,
      "h_t_norm": 0.43813008069992065,
      "h_x_norm": 0.4110230505466461,
      "h_xx_norm": 0.377562552690506,
      "h_tt_norm": 0.3766877055168152
    },
    "layer_3": {
      "h_norm": 0.4107673764228821,
      "residual_norm": 0.3236117660999298,
      "residual_inf_norm": 0.3236117660999298,
      "h_t_norm": 0.4572918117046356,
      "h_x_norm": 0.40563109517097473,
      "h_xx_norm": 0.36290639638900757,
      "h_tt_norm": 0.4772586524486542
    },
    "layer_4": {
      "h_norm": 0.40979114174842834,
      "residual_norm": 0.23421086370944977,
      "residual_inf_norm": 0.23421086370944977,
      "h_t_norm": 0.4328497648239136,
      "h_x_norm": 0.3998367488384247,
      "h_xx_norm": 0.36477771401405334,
      "h_tt_norm": 0.3794388473033905
    },
    "layer_5": {
      "h_norm": 0.4158114492893219,
      "residual_norm": 0.1031593456864357,
      "residual_inf_norm": 0.1031593456864357,
      "h_t_norm": 0.425385057926178,
      "h_x_norm": 0.3913324475288391,
      "h_xx_norm": 0.41001105308532715,
      "h_tt_norm": 0.39801591634750366
    },
    "layer_6": {
      "h_norm": 0.4162697196006775,
      "residual_norm": 0.0349089577794075,
      "residual_inf_norm": 0.0349089577794075,
      "h_t_norm": 0.41967734694480896,
      "h_x_norm": 0.38732022047042847,
      "h_xx_norm": 0.4087539613246918,
      "h_tt_norm": 0.414493590593338
    },
    "layer_7": {
      "h_norm": 0.4168846011161804,
      "residual_norm": 0.001344683114439249,
      "residual_inf_norm": 0.001344683114439249,
      "h_t_norm": 0.4181930720806122,
      "h_x_norm": 0.3877836763858795,
      "h_xx_norm": 0.41652652621269226,
      "h_tt_norm": 0.4164182245731354
    }
  },
  "layer_norms": {
    "layer_1": {
      "train_residual_l2": 0.2639489471912384,
      "eval_residual_l2": 0.2646571695804596,
      "train_residual_linf": 0.2639489471912384,
      "eval_residual_linf": 0.2646571695804596
    },
    "layer_2": {
      "train_residual_l2": 0.2538120746612549,
      "eval_residual_l2": 0.24991756677627563,
      "train_residual_linf": 0.2538120746612549,
      "eval_residual_linf": 0.24991756677627563
    },
    "layer_3": {
      "train_residual_l2": 0.31577375531196594,
      "eval_residual_l2": 0.3236117660999298,
      "train_residual_linf": 0.31577375531196594,
      "eval_residual_linf": 0.3236117660999298
    },
    "layer_4": {
      "train_residual_l2": 0.23488585650920868,
      "eval_residual_l2": 0.23421086370944977,
      "train_residual_linf": 0.23488585650920868,
      "eval_residual_linf": 0.23421086370944977
    },
    "layer_5": {
      "train_residual_l2": 0.10382381826639175,
      "eval_residual_l2": 0.1031593456864357,
      "train_residual_linf": 0.10382381826639175,
      "eval_residual_linf": 0.1031593456864357
    },
    "layer_6": {
      "train_residual_l2": 0.03516734391450882,
      "eval_residual_l2": 0.0349089577794075,
      "train_residual_linf": 0.03516734391450882,
      "eval_residual_linf": 0.0349089577794075
    },
    "layer_7": {
      "train_residual_l2": 0.0013491443824023008,
      "eval_residual_l2": 0.001344683114439249,
      "train_residual_linf": 0.0013491443824023008,
      "eval_residual_linf": 0.001344683114439249
    }
  },
  "ic": {
    "train": {
      "layer_1": {
        "l2": 0.1269744336605072,
        "linf": 0.1269744336605072
      },
      "layer_2": {
        "l2": 0.13109028339385986,
        "linf": 0.13109028339385986
      },
      "layer_3": {
        "l2": 0.1569158434867859,
        "linf": 0.1569158434867859
      },
      "layer_4": {
        "l2": 0.05342337489128113,
        "linf": 0.05342337489128113
      },
      "layer_5": {
        "l2": 0.030013911426067352,
        "linf": 0.030013911426067352
      },
      "layer_6": {
        "l2": 0.016734981909394264,
        "linf": 0.016734981909394264
      },
      "layer_7": {
        "l2": 0.00032216604449786246,
        "linf": 0.00032216604449786246
      }
    },
    "eval": {
      "layer_1": {
        "l2": 0.14988188445568085,
        "linf": 0.14988188445568085
      },
      "layer_2": {
        "l2": 0.11115297675132751,
        "linf": 0.11115297675132751
      },
      "layer_3": {
        "l2": 0.1628938466310501,
        "linf": 0.1628938466310501
      },
      "layer_4": {
        "l2": 0.054955873638391495,
        "linf": 0.054955873638391495
      },
      "layer_5": {
        "l2": 0.03271004930138588,
        "linf": 0.03271004930138588
      },
      "layer_6": {
        "l2": 0.01622891053557396,
        "linf": 0.01622891053557396
      },
      "layer_7": {
        "l2": 0.00023575573868583888,
        "linf": 0.00023575573868583888
      }
    }
  },
  "bc_value": {
    "train": {
      "layer_1": {
        "l2": 1.4930129051208496,
        "linf": 1.4930129051208496
      },
      "layer_2": {
        "l2": 1.3902876377105713,
        "linf": 1.3902876377105713
      },
      "layer_3": {
        "l2": 1.4813015460968018,
        "linf": 1.4813015460968018
      },
      "layer_4": {
        "l2": 1.3657079935073853,
        "linf": 1.3657079935073853
      },
      "layer_5": {
        "l2": 1.2128643989562988,
        "linf": 1.2128643989562988
      },