{
  "layers_analyzed": [
    "layer_1",
    "layer_2",
    "layer_3",
    "layer_4",
    "layer_5",
    "layer_6",
    "layer_7"
  ],
  "num_layers": 7,
  "train": {
    "rel_l2": [
      0.17561450600624084,
      0.12071380764245987,
      0.07913593202829361,
      0.03666839003562927,
      0.031734902411699295,
      0.016942713409662247,
      0.004738163203001022
    ],
    "inf_norm": [
      0.8447732925415039,
      0.5427970886230469,
      0.3317919373512268,
      0.115986168384552,
      0.12215590476989746,
      0.048312604427337646,
      0.051832497119903564
    ]
  },
  "eval": {
    "rel_l2": [
      0.1793593168258667,
      0.12461765110492706,
      0.08000938594341278,
      0.0370430126786232,
      0.03126726672053337,
      0.017145827412605286,
      0.004705953411757946
    ],
    "inf_norm": [
      0.7443927526473999,
      0.49960267543792725,
      0.3317881226539612,
      0.09722667932510376,
      0.09465658664703369,
      0.034574300050735474,
      0.03646063804626465
    ]
  },
  "layer_dimensions": {
    "layer_1": 70,
    "layer_2": 70,
    "layer_3": 70,
    "layer_4": 70,
    "layer_5": 70,
    "layer_6": 70,
    "layer_7": 70
  }
}