{
  "layers_analyzed": [
    "layer_1",
    "layer_2",
    "layer_3"
  ],
  "num_layers": 3,
  "train": {
    "layer_1": {
      "h_norm": 0.5025418400764465,
      "residual_norm": 1.2861826419830322,
      "residual_inf_norm": 1.2861826419830322,
      "h_t_norm": 1.0973175764083862,
      "h_x_norm": 2.0280070304870605,
      "h_xx_norm": 11.446367263793945,
      "convection_norm": 0.8759725093841553
    },
    "layer_2": {
      "h_norm": 0.5495679974555969,
      "residual_norm": 2.496502161026001,
      "residual_inf_norm": 2.496502161026001,
      "h_t_norm": 2.061981678009033,
      "h_x_norm": 3.371061325073242,
      "h_xx_norm": 111.34723663330078,
      "convection_norm": 1.8514089584350586
    },
    "layer_3": {
      "h_norm": 0.5383442640304565,
      "residual_norm": 0.04230213910341263,
      "residual_inf_norm": 0.04230213910341263,
      "h_t_norm": 0.6137705445289612,
      "h_x_norm": 1.8647184371948242,
      "h_xx_norm": 88.66090393066406,
      "convection_norm": 0.8787502646446228
    }
  },
  "eval": {
    "layer_1": {
      "h_norm": 0.5013405680656433,
      "residual_norm": 1.2988433837890625,
      "residual_inf_norm": 1.2988433837890625,
      "h_t_norm": 1.1036258935928345,
      "h_x_norm": 2.0434837341308594,
      "h_xx_norm": 11.432517051696777,
      "convection_norm": 0.887051522731781
    },
    "layer_2": {
      "h_norm": 0.5525667071342468,
      "residual_norm": 2.5126073360443115,
      "residual_inf_norm": 2.5126073360443115,
      "h_t_norm": 2.0754547119140625,
      "h_x_norm": 3.380234718322754,
      "h_xx_norm": 114.66703033447266,
      "convection_norm": 1.8589317798614502
    },
    "layer_3": {
      "h_norm": 0.5391286611557007,
      "residual_norm": 0.04353329539299011,
      "residual_inf_norm": 0.04353329539299011,
      "h_t_norm": 0.6152679324150085,
      "h_x_norm": 1.854750156402588,
      "h_xx_norm": 89.45719909667969,
      "convection_norm": 0.8845078349113464
    }
  },
  "layer_norms": {
    "layer_1": {
      "train_residual_l2": 1.2861826419830322,
      "eval_residual_l2": 1.2988433837890625,
      "train_residual_linf": 1.2861826419830322,
      "eval_residual_linf": 1.2988433837890625
    },
    "layer_2": {
      "train_residual_l2": 2.496502161026001,
      "eval_residual_l2": 2.5126073360443115,
      "train_residual_linf": 2.496502161026001,
      "eval_residual_linf": 2.5126073360443115
    },
    "layer_3": {
      "train_residual_l2": 0.04230213910341263,
      "eval_residual_l2": 0.04353329539299011,
      "train_residual_linf": 0.04230213910341263,
      "eval_residual_linf": 0.04353329539299011
    }
  },
  "ic": {
    "train": {
      "layer_1": {
        "l2": 0.2252587080001831,
        "linf": 0.2252587080001831
      },
      "layer_2": {
        "l2": 0.26391294598579407,
        "linf": 0.26391294598579407
      },
      "layer_3": {
        "l2": 0.002564134541898966,
        "linf": 0.002564134541898966
      }
    },
    "eval": {
      "layer_1": {
        "l2": 0.258486270904541,
        "linf": 0.258486270904541
      },
      "layer_2": {
        "l2": 0.2847394049167633,
        "linf": 0.2847394049167633
      },
      "layer_3": {
        "l2": 0.002739266725257039,
        "linf": 0.002739266725257039
      }
    }
  },
  "bc_value": {
    "train": {
      "layer_1": {
        "l2": 0.21974685788154602,
        "linf": 0.21974685788154602
      },
      "layer_2": {
        "l2": 0.11194480955600739,
        "linf": 0.11194480955600739
      },
      "layer_3": {
        "l2": 0.001675656996667385,
        "linf": 0.001675656996667385
      }
    },
    "eval": {
      "layer_1": {
        "l2": 0.20058441162109375,
        "linf": 0.20058441162109375
      },
      "layer_2": {
        "l2": 0.10717646032571793,
        "linf": 0.10717646032571793
      },
      "layer_3": {
        "l2": 0.00165407860185951,
        "linf": 0.00165407860185951
      }
    }
  },
  "bc_derivative": {
    "train": {
      "layer_1": {
        "l2": 6.643136501312256,
        "linf": 6.643136501312256
      },
      "layer_2": {
        "l2": 17.516660690307617,
        "linf": 17.516660690307617
      },
      "layer_3": {
        "l2": 0.13849380612373352,
        "linf": 0.13849380612373352
      }
    },
    "eval": {
      "layer_1": {
        "l2": 5.972015380859375,
        "linf": 5.972015380859375
      },
      "layer_2": {
        "l2": 18.62601661682129,
        "linf": 18.62601661682129
      },
      "layer_3": {
        "l2": 0.13825510442256927,
        "linf": 0.13825510442256927
      }
    }
  },
  "final_layer_train_residual": 0.04230213910341263,
  "final_layer_eval_residual": 0.04353329539299011,
  "final_layer_train_residual_inf": 0.04230213910341263,
  "final_layer_eval_residual_inf": 0.04353329539299011,
  "final_layer_train_ic": {
    "l2": 0.002564134541898966,
    "linf": 0.002564134541898966
  },
  "final_layer_eval_ic": {
    "l2": 0.002739266725257039,
    "linf": 0.002739266725257039
  },
  "final_layer_train_bc_value": {
    "l2": 0.001675656996667385,
    "linf": 0.001675656996667385
  },
  "final_layer_eval_bc_value": {
    "l2": 0.00165407860185951,
    "linf": 0.00165407860185951
  },
  "final_layer_train_bc_derivative": {
    "l2": 0.13849380612373352,
    "linf": 0.13849380612373352
  },
  "final_layer_eval_bc_derivative": {
    "l2": 0.13825510442256927,
    "linf": 0.13825510442256927
  }
}