{
  "layers_analyzed": [
    "layer_1",
    "layer_2",
    "layer_3",
    "layer_4",
    "layer_5",
    "layer_6",
    "layer_7"
  ],
  "num_layers": 7,
  "train": {
    "layer_1": {
      "h_norm": 0.417667955160141,
      "residual_norm": 0.4422447681427002,
      "residual_inf_norm": 0.4422447681427002,
      "h_t_norm": 0.4626634120941162,
      "h_x_norm": 0.4091104567050934,
      "h_xx_norm": 0.44751670956611633,
      "h_tt_norm": 0.5517772436141968
    },
    "layer_2": {
      "h_norm": 0.4182446002960205,
      "residual_norm": 0.43183910846710205,
      "residual_inf_norm": 0.43183910846710205,
      "h_t_norm": 0.4574643075466156,
      "h_x_norm": 0.41320350766181946,
      "h_xx_norm": 0.510334849357605,
      "h_tt_norm": 0.5870494842529297
    },
    "layer_3": {
      "h_norm": 0.41881266236305237,
      "residual_norm": 0.3235892653465271,
      "residual_inf_norm": 0.3235892653465271,
      "h_t_norm": 0.4441629946231842,
      "h_x_norm": 0.39285731315612793,
      "h_xx_norm": 0.4226669371128082,
      "h_tt_norm": 0.49796584248542786
    },
    "layer_4": {
      "h_norm": 0.41847458481788635,
      "residual_norm": 0.19243472814559937,
      "residual_inf_norm": 0.19243472814559937,
      "h_t_norm": 0.429189532995224,
      "h_x_norm": 0.3898738622665405,
      "h_xx_norm": 0.4131106734275818,
      "h_tt_norm": 0.4122125804424286
    },
    "layer_5": {
      "h_norm": 0.4205390512943268,
      "residual_norm": 0.21843934059143066,
      "residual_inf_norm": 0.21843934059143066,
      "h_t_norm": 0.4265793263912201,
      "h_x_norm": 0.3890122175216675,
      "h_xx_norm": 0.4374851584434509,
      "h_tt_norm": 0.41953203082084656
    },
    "layer_6": {
      "h_norm": 0.4198296368122101,
      "residual_norm": 0.07811816781759262,
      "residual_inf_norm": 0.07811816781759262,
      "h_t_norm": 0.41702917218208313,
      "h_x_norm": 0.39117980003356934,
      "h_xx_norm": 0.41783952713012695,
      "h_tt_norm": 0.4307960867881775
    },
    "layer_7": {
      "h_norm": 0.4195738434791565,
      "residual_norm": 0.005637843627482653,
      "residual_inf_norm": 0.005637843627482653,
      "h_t_norm": 0.4180518090724945,
      "h_x_norm": 0.3885752856731415,
      "h_xx_norm": 0.4186897575855255,
      "h_tt_norm": 0.4178045094013214
    }
  },
  "eval": {
    "layer_1": {
      "h_norm": 0.41657593846321106,
      "residual_norm": 0.45792677998542786,
      "residual_inf_norm": 0.45792677998542786,
      "h_t_norm": 0.46362319588661194,
      "h_x_norm": 0.409343421459198,
      "h_xx_norm": 0.44937315583229065,
      "h_tt_norm": 0.5663190484046936
    },
    "layer_2": {
      "h_norm": 0.41646426916122437,
      "residual_norm": 0.438087522983551,
      "residual_inf_norm": 0.438087522983551,
      "h_t_norm": 0.45672547817230225,
      "h_x_norm": 0.4138471186161041,
      "h_xx_norm": 0.5117708444595337,
      "h_tt_norm": 0.5909028053283691
    },
    "layer_3": {
      "h_norm": 0.4161933958530426,
      "residual_norm": 0.3302922248840332,
      "residual_inf_norm": 0.3302922248840332,
      "h_t_norm": 0.4468308091163635,
      "h_x_norm": 0.3913677930831909,
      "h_xx_norm": 0.41843506693840027,
      "h_tt_norm": 0.500480055809021
    },
    "layer_4": {
      "h_norm": 0.41533076763153076,
      "residual_norm": 0.19611574709415436,
      "residual_inf_norm": 0.19611574709415436,
      "h_t_norm": 0.4298754632472992,
      "h_x_norm": 0.39094680547714233,
      "h_xx_norm": 0.40456637740135193,
      "h_tt_norm": 0.4123108685016632
    },
    "layer_5": {
      "h_norm": 0.4176137149333954,
      "residual_norm": 0.21731992065906525,
      "residual_inf_norm": 0.21731992065906525,
      "h_t_norm": 0.4285523593425751,
      "h_x_norm": 0.38828861713409424,
      "h_xx_norm": 0.43248888850212097,
      "h_tt_norm": 0.4177702069282532
    },
    "layer_6": {
      "h_norm": 0.41701510548591614,
      "residual_norm": 0.07883922755718231,
      "residual_inf_norm": 0.07883922755718231,
      "h_t_norm": 0.41790059208869934,
      "h_x_norm": 0.39024898409843445,
      "h_xx_norm": 0.4139084815979004,
      "h_tt_norm": 0.42688223719596863
    },
    "layer_7": {
      "h_norm": 0.41679248213768005,
      "residual_norm": 0.005651692859828472,
      "residual_inf_norm": 0.005651692859828472,
      "h_t_norm": 0.4186882972717285,
      "h_x_norm": 0.38797399401664734,
      "h_xx_norm": 0.4158474802970886,
      "h_tt_norm": 0.4148435592651367
    }
  },
  "layer_norms": {
    "layer_1": {
      "train_residual_l2": 0.4422447681427002,
      "eval_residual_l2": 0.45792677998542786,
      "train_residual_linf": 0.4422447681427002,
      "eval_residual_linf": 0.45792677998542786
    },
    "layer_2": {
      "train_residual_l2": 0.43183910846710205,
      "eval_residual_l2": 0.438087522983551,
      "train_residual_linf": 0.43183910846710205,
      "eval_residual_linf": 0.438087522983551
    },
    "layer_3": {
      "train_residual_l2": 0.3235892653465271,
      "eval_residual_l2": 0.3302922248840332,
      "train_residual_linf": 0.3235892653465271,
      "eval_residual_linf": 0.3302922248840332
    },
    "layer_4": {
      "train_residual_l2": 0.19243472814559937,
      "eval_residual_l2": 0.19611574709415436,
      "train_residual_linf": 0.19243472814559937,
      "eval_residual_linf": 0.19611574709415436
    },
    "layer_5": {
      "train_residual_l2": 0.21843934059143066,
      "eval_residual_l2": 0.21731992065906525,
      "train_residual_linf": 0.21843934059143066,
      "eval_residual_linf": 0.21731992065906525
    },
    "layer_6": {
      "train_residual_l2": 0.07811816781759262,
      "eval_residual_l2": 0.07883922755718231,
      "train_residual_linf": 0.07811816781759262,
      "eval_residual_linf": 0.07883922755718231
    },
    "layer_7": {
      "train_residual_l2": 0.005637843627482653,
      "eval_residual_l2": 0.005651692859828472,
      "train_residual_linf": 0.005637843627482653,
      "eval_residual_linf": 0.005651692859828472
    }
  },
  "ic": {
    "train": {
      "layer_1": {
        "l2": 0.1425047367811203,
        "linf": 0.1425047367811203
      },
      "layer_2": {
        "l2": 0.10418526828289032,
        "linf": 0.10418526828289032
      },
      "layer_3": {
        "l2": 0.06406409293413162,
        "linf": 0.06406409293413162
      },
      "layer_4": {
        "l2": 0.033645451068878174,
        "linf": 0.033645451068878174
      },
      "layer_5": {
        "l2": 0.031014569103717804,
        "linf": 0.031014569103717804
      },
      "layer_6": {
        "l2": 0.015458506532013416,
        "linf": 0.015458506532013416
      },
      "layer_7": {
        "l2": 0.0009298607474192977,
        "linf": 0.0009298607474192977
      }
    },
    "eval": {
      "layer_1": {
        "l2": 0.1341523677110672,
        "linf": 0.1341523677110672
      },
      "layer_2": {
        "l2": 0.09503147006034851,
        "linf": 0.09503147006034851
      },
      "layer_3": {
        "l2": 0.07234624028205872,
        "linf": 0.07234624028205872
      },
      "layer_4": {
        "l2": 0.03335699066519737,
        "linf": 0.03335699066519737
      },
      "layer_5": {
        "l2": 0.03258590027689934,
        "linf": 0.03258590027689934
      },
      "layer_6": {
        "l2": 0.012682250700891018,
        "linf": 0.012682250700891018
      },
      "layer_7": {
        "l2": 0.0010310686193406582,
        "linf": 0.0010310686193406582
      }
    }
  },
  "bc_value": {
    "train": {
      "layer_1": {
        "l2": 1.2952042818069458,
        "linf": 1.2952042818069458
      },
      "layer_2": {
        "l2": 1.1820311546325684,
        "linf": 1.1820311546325684
      },
      "layer_3": {
        "l2": 1.2632293701171875,
        "linf": 1.2632293701171875
      },
      "layer_4": {
        "l2": 1.234619379043579,
        "linf": 1.234619379043579
      },
      "layer_5": {
        "l2": 1.1959967613220215,
        "linf": 1.1959967613220215
      },