{
  "layers_analyzed": [
    "layer_1",
    "layer_2",
    "layer_3",
    "layer_4",
    "layer_5",
    "layer_6",
    "layer_7"
  ],
  "num_layers": 7,
  "train": {
    "rel_l2": [
      0.6763405799865723,
      0.4995861351490021,
      1.6639134883880615,
      0.07876317948102951,
      0.14510540664196014,
      0.01652137003839016,
      0.00876331701874733
    ],
    "inf_norm": [
      1.825665831565857,
      1.0507352352142334,
      4.827866554260254,
      0.27574145793914795,
      0.4181579351425171,
      0.12795239686965942,
      0.095348060131073
    ]
  },
  "eval": {
    "rel_l2": [
      0.687244176864624,
      0.5010507106781006,
      1.6660106182098389,
      0.07927855104207993,
      0.1454826444387436,
      0.01688435859978199,
      0.008850119076669216
    ],
    "inf_norm": [
      1.825787901878357,
      1.0027207136154175,
      4.130269527435303,
      0.21135157346725464,
      0.4118877649307251,
      0.10259413719177246,
      0.07384145259857178
    ]
  },
  "layer_dimensions": {
    "layer_1": 70,
    "layer_2": 70,
    "layer_3": 70,
    "layer_4": 70,
    "layer_5": 70,
    "layer_6": 70,
    "layer_7": 70
  }
}