{
  "bins": 5,
  "num_classes": 5,
  "num_samples": 4000,
  "layers_analyzed": [
    "layer_1",
    "layer_2",
    "layer_3",
    "layer_4",
    "layer_5",
    "layer_6",
    "layer_7"
  ],
  "layer_accuracies": {
    "layer_1": 0.231,
    "layer_2": 0.292,
    "layer_3": 0.3585,
    "layer_4": 0.31075,
    "layer_5": 0.3125,
    "layer_6": 0.37925,
    "layer_7": 0.3655
  },
  "layer_compactness": {
    "layer_1": {
      "intra_class": 0.40027894377708434,
      "intra_class_std": 0.20132166398447143,
      "inter_class_mean": 0.2942585349082947,
      "inter_class_std": 0.3068990111351013
    },
    "layer_2": {
      "intra_class": 0.1748516172170639,
      "intra_class_std": 0.08775700350440574,
      "inter_class_mean": 0.1108122393488884,
      "inter_class_std": 0.09386920183897018
    },
    "layer_3": {
      "intra_class": 0.1444024294614792,
      "intra_class_std": 0.0724123758893263,
      "inter_class_mean": 0.099149189889431,
      "inter_class_std": 0.06539241969585419
    },
    "layer_4": {
      "intra_class": 0.18569709062576295,
      "intra_class_std": 0.0930960458240427,
      "inter_class_mean": 0.1488318294286728,
      "inter_class_std": 0.10202677547931671
    },
    "layer_5": {
      "intra_class": 0.23612262606620787,
      "intra_class_std": 0.11877371560626303,
      "inter_class_mean": 0.20607995986938477,
      "inter_class_std": 0.13817237317562103
    },
    "layer_6": {
      "intra_class": 0.2514958202838898,
      "intra_class_std": 0.12650732973334938,
      "inter_class_mean": 0.22039084136486053,
      "inter_class_std": 0.11473323404788971
    },
    "layer_7": {
      "intra_class": 0.2252853512763977,
      "intra_class_std": 0.11356118042596601,
      "inter_class_mean": 0.23478272557258606,
      "inter_class_std": 0.12514276802539825
    }
  },
  "layer_margins": {
    "layer_1": {
      "mean_margin": -0.10534723848104477,
      "std_margin": 0.17540638148784637,
      "fraction_positive": 0.231
    },
    "layer_2": {
      "mean_margin": -0.028000015765428543,
      "std_margin": 0.05126068741083145,
      "fraction_positive": 0.292
    },
    "layer_3": {
      "mean_margin": -0.01886962540447712,
      "std_margin": 0.03788043186068535,
      "fraction_positive": 0.3585
    },
    "layer_4": {
      "mean_margin": -0.035608354955911636,
      "std_margin": 0.06700726598501205,
      "fraction_positive": 0.31075
    },
    "layer_5": {
      "mean_margin": -0.045966945588588715,
      "std_margin": 0.09165456146001816,
      "fraction_positive": 0.3125
    },
    "layer_6": {
      "mean_margin": -0.03351215645670891,
      "std_margin": 0.07595891505479813,
      "fraction_positive": 0.37925
    },
    "layer_7": {
      "mean_margin": -0.031178729608654976,
      "std_margin": 0.07758866995573044,
      "fraction_positive": 0.3655
    }
  }
}