{
  "bins": 10,
  "num_classes": 79,
  "num_samples": 4992,
  "layers_analyzed": [
    "layer_1",
    "layer_2",
    "layer_3",
    "layer_4",
    "layer_5"
  ],
  "layer_accuracies": {
    "layer_1": 0.12039262820512821,
    "layer_2": 0.22275641025641027,
    "layer_3": 0.2916666666666667,
    "layer_4": 0.30488782051282054,
    "layer_5": 0.3463541666666667
  },
  "layer_compactness": {
    "layer_1": {
      "intra_class": 1.3120217652718893,
      "inter_class_mean": 0.9058243036270142,
      "inter_class_std": 0.5750012993812561
    },
    "layer_2": {
      "intra_class": 2.0927130095949833,
      "inter_class_mean": 2.1779329776763916,
      "inter_class_std": 1.099784255027771
    },
    "layer_3": {
      "intra_class": 2.402509926449931,
      "inter_class_mean": 3.5509891510009766,
      "inter_class_std": 1.6636360883712769
    },
    "layer_4": {
      "intra_class": 2.876530539936686,
      "inter_class_mean": 4.513092517852783,
      "inter_class_std": 1.9849817752838135
    },
    "layer_5": {
      "intra_class": 3.3006657492065172,
      "inter_class_mean": 5.749135494232178,
      "inter_class_std": 2.43196439743042
    }
  },
  "layer_margins": {
    "layer_1": {
      "mean_margin": -0.40278360247612,
      "std_margin": 0.3878559470176697,
      "fraction_positive": 0.12039262820512821
    },
    "layer_2": {
      "mean_margin": -0.5564129948616028,
      "std_margin": 0.6641684770584106,
      "fraction_positive": 0.22275641025641027
    },
    "layer_3": {
      "mean_margin": -0.5248203277587891,
      "std_margin": 0.8233100771903992,
      "fraction_positive": 0.2916666666666667
    },
    "layer_4": {
      "mean_margin": -0.6067712306976318,
      "std_margin": 0.9599539041519165,
      "fraction_positive": 0.30488782051282054
    },
    "layer_5": {
      "mean_margin": -0.5908125042915344,
      "std_margin": 1.084549069404602,
      "fraction_positive": 0.3463541666666667
    }
  }
}