{
  "layers_analyzed": [
    "layer_1",
    "layer_2",
    "layer_3",
    "layer_4",
    "layer_5"
  ],
  "num_layers": 5,
  "train": {
    "layer_1": {
      "h_norm": 0.5017285346984863,
      "residual_norm": 1.6004124879837036,
      "residual_inf_norm": 1.6004124879837036,
      "h_t_norm": 1.3176138401031494,
      "h_x_norm": 1.9518568515777588,
      "h_xx_norm": 11.566924095153809,
      "convection_norm": 0.9025319218635559
    },
    "layer_2": {
      "h_norm": 0.5205994844436646,
      "residual_norm": 1.1349807977676392,
      "residual_inf_norm": 1.1349807977676392,
      "h_t_norm": 0.9513975381851196,
      "h_x_norm": 2.0770323276519775,
      "h_xx_norm": 16.704214096069336,
      "convection_norm": 1.0156638622283936
    },
    "layer_3": {
      "h_norm": 0.5362247824668884,
      "residual_norm": 0.4492114782333374,
      "residual_inf_norm": 0.4492114782333374,
      "h_t_norm": 0.6079088449478149,
      "h_x_norm": 1.9615790843963623,
      "h_xx_norm": 42.442893981933594,
      "convection_norm": 0.9593902826309204
    },
    "layer_4": {
      "h_norm": 0.5375869274139404,
      "residual_norm": 0.38817381858825684,
      "residual_inf_norm": 0.38817381858825684,
      "h_t_norm": 0.6181253790855408,
      "h_x_norm": 1.9428592920303345,
      "h_xx_norm": 61.149009704589844,
      "convection_norm": 0.9147067070007324
    },
    "layer_5": {
      "h_norm": 0.5378464460372925,
      "residual_norm": 0.4141104519367218,
      "residual_inf_norm": 0.4141104519367218,
      "h_t_norm": 0.6092668175697327,
      "h_x_norm": 1.9375165700912476,
      "h_xx_norm": 96.65888214111328,
      "convection_norm": 0.9487937092781067
    }
  },
  "eval": {
    "layer_1": {
      "h_norm": 0.5008218884468079,
      "residual_norm": 1.6114206314086914,
      "residual_inf_norm": 1.6114206314086914,
      "h_t_norm": 1.3158663511276245,
      "h_x_norm": 1.9612104892730713,
      "h_xx_norm": 11.5340576171875,
      "convection_norm": 0.9057259559631348
    },
    "layer_2": {
      "h_norm": 0.5199756026268005,
      "residual_norm": 1.1475725173950195,
      "residual_inf_norm": 1.1475725173950195,
      "h_t_norm": 0.955167829990387,
      "h_x_norm": 2.078325033187866,
      "h_xx_norm": 17.13387680053711,
      "convection_norm": 1.0099433660507202
    },
    "layer_3": {
      "h_norm": 0.5367457270622253,
      "residual_norm": 0.4506968855857849,
      "residual_inf_norm": 0.4506968855857849,
      "h_t_norm": 0.6053930521011353,
      "h_x_norm": 1.972678303718567,
      "h_xx_norm": 44.28733444213867,
      "convection_norm": 0.9721095561981201
    },
    "layer_4": {
      "h_norm": 0.538152277469635,
      "residual_norm": 0.39847373962402344,
      "residual_inf_norm": 0.39847373962402344,
      "h_t_norm": 0.6161428093910217,
      "h_x_norm": 1.953311800956726,
      "h_xx_norm": 63.58858871459961,
      "convection_norm": 0.940417468547821
    },
    "layer_5": {
      "h_norm": 0.5386338829994202,
      "residual_norm": 0.4273594915866852,
      "residual_inf_norm": 0.4273594915866852,
      "h_t_norm": 0.609578013420105,
      "h_x_norm": 1.9112465381622314,
      "h_xx_norm": 113.68326568603516,
      "convection_norm": 0.9757477641105652
    }
  },
  "layer_norms": {
    "layer_1": {
      "train_residual_l2": 1.6004124879837036,
      "eval_residual_l2": 1.6114206314086914,
      "train_residual_linf": 1.6004124879837036,
      "eval_residual_linf": 1.6114206314086914
    },
    "layer_2": {
      "train_residual_l2": 1.1349807977676392,
      "eval_residual_l2": 1.1475725173950195,
      "train_residual_linf": 1.1349807977676392,
      "eval_residual_linf": 1.1475725173950195
    },
    "layer_3": {
      "train_residual_l2": 0.4492114782333374,
      "eval_residual_l2": 0.4506968855857849,
      "train_residual_linf": 0.4492114782333374,
      "eval_residual_linf": 0.4506968855857849
    },
    "layer_4": {
      "train_residual_l2": 0.38817381858825684,
      "eval_residual_l2": 0.39847373962402344,
      "train_residual_linf": 0.38817381858825684,
      "eval_residual_linf": 0.39847373962402344
    },
    "layer_5": {
      "train_residual_l2": 0.4141104519367218,
      "eval_residual_l2": 0.4273594915866852,
      "train_residual_linf": 0.4141104519367218,
      "eval_residual_linf": 0.4273594915866852
    }
  },
  "ic": {
    "train": {
      "layer_1": {
        "l2": 0.2705118656158447,
        "linf": 0.2705118656158447
      },
      "layer_2": {
        "l2": 0.15462657809257507,
        "linf": 0.15462657809257507
      },
      "layer_3": {
        "l2": 0.04010447487235069,
        "linf": 0.04010447487235069
      },
      "layer_4": {
        "l2": 0.0309577826410532,
        "linf": 0.0309577826410532
      },
      "layer_5": {
        "l2": 0.034292370080947876,
        "linf": 0.034292370080947876
      }
    },
    "eval": {
      "layer_1": {
        "l2": 0.24453122913837433,
        "linf": 0.24453122913837433
      },
      "layer_2": {
        "l2": 0.19127902388572693,
        "linf": 0.19127902388572693
      },
      "layer_3": {
        "l2": 0.03731407970190048,
        "linf": 0.03731407970190048
      },
      "layer_4": {
        "l2": 0.02424529567360878,
        "linf": 0.02424529567360878
      },
      "layer_5": {
        "l2": 0.03403806686401367,
        "linf": 0.03403806686401367
      }
    }
  },
  "bc_value": {
    "train": {
      "layer_1": {
        "l2": 0.5505996942520142,
        "linf": 0.5505996942520142
      },
      "layer_2": {
        "l2": 0.12308807671070099,
        "linf": 0.12308807671070099
      },
      "layer_3": {
        "l2": 0.018149033188819885,
        "linf": 0.018149033188819885
      },
      "layer_4": {
        "l2": 0.01671508327126503,
        "linf": 0.01671508327126503
      },
      "layer_5": {
        "l2": 0.03179110214114189,
        "linf": 0.03179110214114189
      }
    },
    "eval": {
      "layer_1": {
        "l2": 0.5453745722770691,
        "linf": 0.5453745722770691
      },
      "layer_2": {
        "l2": 0.1300780028104782,
        "linf": 0.1300780028104782
      },
      "layer_3": {
        "l2": 0.018179098144173622,
        "linf": 0.018179098144173622
      },
      "layer_4": {
        "l2": 0.019552746787667274,
        "linf": 0.019552746787667274
      },
      "layer_5": {
        "l2": 0.033582765609025955,
        "linf": 0.033582765609025955
      }
    }
  },
  "bc_derivative": {
    "train": {
      "layer_1": {
        "l2": 4.036481857299805,
        "linf": 4.036481857299805
      },
      "layer_2": {
        "l2": 3.3869192600250244,
        "linf": 3.3869192600250244
      },
      "layer_3": {
        "l2": 0.2847152054309845,
        "linf": 0.2847152054309845
      },
      "layer_4": {
        "l2": 0.3988301753997803,
        "linf": 0.3988301753997803
      },
      "layer_5": {
        "l2": 0.18883220851421356,
        "linf": 0.18883220851421356
      }
    },
    "eval": {
      "layer_1": {
        "l2": 3.945058822631836,
        "linf": 3.945058822631836
      },
      "layer_2": {
        "l2": 3.775749444961548,
        "linf": 3.775749444961548
      },
      "layer_3": {
        "l2": 0.326397567987442,
        "linf": 0.326397567987442
      },
      "layer_4": {
        "l2": 0.4556632339954376,
        "linf": 0.4556632339954376
      },
      "layer_5": {
        "l2": 0.1686934232711792,
        "linf": 0.1686934232711792
      }
    }
  },
  "final_layer_train_residual": 0.4141104519367218,
  "final_layer_eval_residual": 0.4273594915866852,
  "final_layer_train_residual_inf": 0.4141104519367218,
  "final_layer_eval_residual_inf": 0.4273594915866852,
  "final_layer_train_ic": {
    "l2": 0.034292370080947876,
    "linf": 0.034292370080947876
  },
  "final_layer_eval_ic": {
    "l2": 0.03403806686401367,
    "linf": 0.03403806686401367
  },
  "final_layer_train_bc_value": {
    "l2": 0.03179110214114189,
    "linf": 0.03179110214114189
  },