{
  "layers_analyzed": [
    "layer_1",
    "layer_2",
    "layer_3",
    "layer_4",
    "layer_5"
  ],
  "num_layers": 5,
  "train": {
    "rel_l2": [
      0.14994412660598755,
      0.22568008303642273,
      0.19777745008468628,
      0.022402172908186913,
      0.0059611438773572445
    ],
    "inf_norm": [
      0.5889634490013123,
      0.7416746616363525,
      0.7188171744346619,
      0.0729796290397644,
      0.06547492742538452
    ]
  },
  "eval": {
    "rel_l2": [
      0.14812037348747253,
      0.22715258598327637,
      0.19968023896217346,
      0.022509081289172173,
      0.0059488932602107525
    ],
    "inf_norm": [
      0.551333487033844,
      0.7207045555114746,
      0.717374861240387,
      0.07170706987380981,
      0.05521494150161743
    ]
  },
  "layer_dimensions": {
    "layer_1": 85,
    "layer_2": 85,
    "layer_3": 85,
    "layer_4": 85,
    "layer_5": 85
  }
}