{
  "layers_analyzed": [
    "layer_1",
    "layer_2",
    "layer_3",
    "layer_4",
    "layer_5",
    "layer_6",
    "layer_7"
  ],
  "num_layers": 7,
  "train": {
    "layer_1": {
      "h_norm": 0.4111926555633545,
      "residual_norm": 0.5577545762062073,
      "residual_inf_norm": 0.5577545762062073,
      "h_t_norm": 0.46077823638916016,
      "h_x_norm": 0.42221999168395996,
      "h_xx_norm": 0.37707000970840454,
      "h_tt_norm": 0.7113063335418701
    },
    "layer_2": {
      "h_norm": 0.4068610668182373,
      "residual_norm": 0.3702552020549774,
      "residual_inf_norm": 0.3702552020549774,
      "h_t_norm": 0.4637088477611542,
      "h_x_norm": 0.4072727859020233,
      "h_xx_norm": 0.39553189277648926,
      "h_tt_norm": 0.5641945004463196
    },
    "layer_3": {
      "h_norm": 0.4070608913898468,
      "residual_norm": 0.3287542462348938,
      "residual_inf_norm": 0.3287542462348938,
      "h_t_norm": 0.46410879492759705,
      "h_x_norm": 0.4030105769634247,
      "h_xx_norm": 0.4136125445365906,
      "h_tt_norm": 0.555543839931488
    },
    "layer_4": {
      "h_norm": 0.41054996848106384,
      "residual_norm": 0.29429852962493896,
      "residual_inf_norm": 0.29429852962493896,
      "h_t_norm": 0.4531758427619934,
      "h_x_norm": 0.41351813077926636,
      "h_xx_norm": 0.4223319888114929,
      "h_tt_norm": 0.5445818901062012
    },
    "layer_5": {
      "h_norm": 0.40685343742370605,
      "residual_norm": 0.33407390117645264,
      "residual_inf_norm": 0.33407390117645264,
      "h_t_norm": 0.4591365456581116,
      "h_x_norm": 0.41201433539390564,
      "h_xx_norm": 0.412424772977829,
      "h_tt_norm": 0.5182336568832397
    },
    "layer_6": {
      "h_norm": 0.40649160742759705,
      "residual_norm": 0.28067779541015625,
      "residual_inf_norm": 0.28067779541015625,
      "h_t_norm": 0.44065845012664795,
      "h_x_norm": 0.41963261365890503,
      "h_xx_norm": 0.4299010932445526,
      "h_tt_norm": 0.5158968567848206
    },
    "layer_7": {
      "h_norm": 0.4078778624534607,
      "residual_norm": 0.3436887562274933,
      "residual_inf_norm": 0.3436887562274933,
      "h_t_norm": 0.4521377384662628,
      "h_x_norm": 0.4263800382614136,
      "h_xx_norm": 0.46542513370513916,
      "h_tt_norm": 0.560252845287323
    }
  },
  "eval": {
    "layer_1": {
      "h_norm": 0.41125839948654175,
      "residual_norm": 0.5735132098197937,
      "residual_inf_norm": 0.5735132098197937,
      "h_t_norm": 0.4617052972316742,
      "h_x_norm": 0.42309215664863586,
      "h_xx_norm": 0.3733243942260742,
      "h_tt_norm": 0.7259016633033752
    },
    "layer_2": {
      "h_norm": 0.40536877512931824,
      "residual_norm": 0.36861923336982727,
      "residual_inf_norm": 0.36861923336982727,
      "h_t_norm": 0.46581923961639404,
      "h_x_norm": 0.40664923191070557,
      "h_xx_norm": 0.3943730592727661,
      "h_tt_norm": 0.5622942447662354
    },
    "layer_3": {
      "h_norm": 0.4060558080673218,
      "residual_norm": 0.33290356397628784,
      "residual_inf_norm": 0.33290356397628784,
      "h_t_norm": 0.4677310287952423,
      "h_x_norm": 0.40279993414878845,
      "h_xx_norm": 0.41104617714881897,
      "h_tt_norm": 0.5590629577636719
    },
    "layer_4": {
      "h_norm": 0.40756046772003174,
      "residual_norm": 0.2954358160495758,
      "residual_inf_norm": 0.2954358160495758,
      "h_t_norm": 0.45739537477493286,
      "h_x_norm": 0.41397374868392944,
      "h_xx_norm": 0.4177781641483307,
      "h_tt_norm": 0.5339050889015198
    },
    "layer_5": {
      "h_norm": 0.4046248197555542,
      "residual_norm": 0.3387620449066162,
      "residual_inf_norm": 0.3387620449066162,
      "h_t_norm": 0.46426525712013245,
      "h_x_norm": 0.4102023243904114,
      "h_xx_norm": 0.40901800990104675,
      "h_tt_norm": 0.5186820030212402
    },
    "layer_6": {
      "h_norm": 0.404096394777298,
      "residual_norm": 0.2801830768585205,
      "residual_inf_norm": 0.2801830768585205,
      "h_t_norm": 0.4438088834285736,
      "h_x_norm": 0.41726911067962646,
      "h_xx_norm": 0.4292362332344055,
      "h_tt_norm": 0.5082497000694275
    },
    "layer_7": {
      "h_norm": 0.4060792326927185,
      "residual_norm": 0.34836849570274353,
      "residual_inf_norm": 0.34836849570274353,
      "h_t_norm": 0.45385968685150146,
      "h_x_norm": 0.42523035407066345,
      "h_xx_norm": 0.46493473649024963,
      "h_tt_norm": 0.5535206198692322
    }
  },
  "layer_norms": {
    "layer_1": {
      "train_residual_l2": 0.5577545762062073,
      "eval_residual_l2": 0.5735132098197937,
      "train_residual_linf": 0.5577545762062073,
      "eval_residual_linf": 0.5735132098197937
    },
    "layer_2": {
      "train_residual_l2": 0.3702552020549774,
      "eval_residual_l2": 0.36861923336982727,
      "train_residual_linf": 0.3702552020549774,
      "eval_residual_linf": 0.36861923336982727
    },
    "layer_3": {
      "train_residual_l2": 0.3287542462348938,
      "eval_residual_l2": 0.33290356397628784,
      "train_residual_linf": 0.3287542462348938,
      "eval_residual_linf": 0.33290356397628784
    },
    "layer_4": {
      "train_residual_l2": 0.29429852962493896,
      "eval_residual_l2": 0.2954358160495758,
      "train_residual_linf": 0.29429852962493896,
      "eval_residual_linf": 0.2954358160495758
    },
    "layer_5": {
      "train_residual_l2": 0.33407390117645264,
      "eval_residual_l2": 0.3387620449066162,
      "train_residual_linf": 0.33407390117645264,
      "eval_residual_linf": 0.3387620449066162
    },
    "layer_6": {
      "train_residual_l2": 0.28067779541015625,
      "eval_residual_l2": 0.2801830768585205,
      "train_residual_linf": 0.28067779541015625,
      "eval_residual_linf": 0.2801830768585205
    },
    "layer_7": {
      "train_residual_l2": 0.3436887562274933,
      "eval_residual_l2": 0.34836849570274353,
      "train_residual_linf": 0.3436887562274933,
      "eval_residual_linf": 0.34836849570274353
    }
  },
  "ic": {
    "train": {
      "layer_1": {
        "l2": 0.16813817620277405,
        "linf": 0.16813817620277405
      },
      "layer_2": {
        "l2": 0.19476118683815002,
        "linf": 0.19476118683815002
      },
      "layer_3": {
        "l2": 0.12084842473268509,
        "linf": 0.12084842473268509
      },
      "layer_4": {
        "l2": 0.10377053916454315,
        "linf": 0.10377053916454315
      },
      "layer_5": {
        "l2": 0.1261984407901764,
        "linf": 0.1261984407901764
      },
      "layer_6": {
        "l2": 0.17141889035701752,
        "linf": 0.17141889035701752
      },
      "layer_7": {
        "l2": 0.14921404421329498,
        "linf": 0.14921404421329498
      }
    },
    "eval": {
      "layer_1": {
        "l2": 0.15542440116405487,
        "linf": 0.15542440116405487
      },
      "layer_2": {
        "l2": 0.19185279309749603,
        "linf": 0.19185279309749603
      },
      "layer_3": {
        "l2": 0.12644992768764496,
        "linf": 0.12644992768764496
      },
      "layer_4": {
        "l2": 0.11779281497001648,
        "linf": 0.11779281497001648
      },
      "layer_5": {
        "l2": 0.12317116558551788,
        "linf": 0.12317116558551788
      },
      "layer_6": {
        "l2": 0.1784558743238449,
        "linf": 0.1784558743238449
      },
      "layer_7": {
        "l2": 0.15163780748844147,
        "linf": 0.15163780748844147
      }
    }
  },
  "bc_value": {
    "train": {
      "layer_1": {
        "l2": 1.3824838399887085,
        "linf": 1.3824838399887085
      },
      "layer_2": {
        "l2": 1.2859569787979126,
        "linf": 1.2859569787979126
      },
      "layer_3": {
        "l2": 1.190076231956482,
        "linf": 1.190076231956482
      },
      "layer_4": {
        "l2": 1.2301522493362427,
        "linf": 1.2301522493362427
      },
      "layer_5": {
        "l2": 1.321784257888794,
        "linf": 1.321784257888794
      },
      "layer_6": {
        "l2": 1.3176331520080566,