{
  "layers_analyzed": [
    "layer_1",
    "layer_2",
    "layer_3"
  ],
  "num_layers": 3,
  "train": {
    "layer_1": {
      "h_norm": 0.5764550566673279,
      "residual_norm": 3.246824264526367,
      "residual_inf_norm": 3.246824264526367,
      "h_t_norm": 2.7926716804504395,
      "h_x_norm": 2.550509214401245,
      "h_xx_norm": 16.534442901611328,
      "convection_norm": 1.3329236507415771
    },
    "layer_2": {
      "h_norm": 1.1599416732788086,
      "residual_norm": 26.498607635498047,
      "residual_inf_norm": 26.498607635498047,
      "h_t_norm": 12.545459747314453,
      "h_x_norm": 17.70962142944336,
      "h_xx_norm": 375.27752685546875,
      "convection_norm": 21.92664337158203
    },
    "layer_3": {
      "h_norm": 0.5358021259307861,
      "residual_norm": 1.6688095331192017,
      "residual_inf_norm": 1.6688095331192017,
      "h_t_norm": 1.2354300022125244,
      "h_x_norm": 2.689239501953125,
      "h_xx_norm": 84.69183349609375,
      "convection_norm": 1.4311107397079468
    }
  },
  "eval": {
    "layer_1": {
      "h_norm": 0.5793700218200684,
      "residual_norm": 3.2742910385131836,
      "residual_inf_norm": 3.2742910385131836,
      "h_t_norm": 2.8271162509918213,
      "h_x_norm": 2.559056282043457,
      "h_xx_norm": 16.433731079101562,
      "convection_norm": 1.356537938117981
    },
    "layer_2": {
      "h_norm": 1.1351380348205566,
      "residual_norm": 26.378232955932617,
      "residual_inf_norm": 26.378232955932617,
      "h_t_norm": 12.525467872619629,
      "h_x_norm": 17.921789169311523,
      "h_xx_norm": 373.9128112792969,
      "convection_norm": 21.887012481689453
    },
    "layer_3": {
      "h_norm": 0.5346466302871704,
      "residual_norm": 1.6798394918441772,
      "residual_inf_norm": 1.6798394918441772,
      "h_t_norm": 1.2376558780670166,
      "h_x_norm": 2.7247986793518066,
      "h_xx_norm": 82.78425598144531,
      "convection_norm": 1.4473087787628174
    }
  },
  "layer_norms": {
    "layer_1": {
      "train_residual_l2": 3.246824264526367,
      "eval_residual_l2": 3.2742910385131836,
      "train_residual_linf": 3.246824264526367,
      "eval_residual_linf": 3.2742910385131836
    },
    "layer_2": {
      "train_residual_l2": 26.498607635498047,
      "eval_residual_l2": 26.378232955932617,
      "train_residual_linf": 26.498607635498047,
      "eval_residual_linf": 26.378232955932617
    },
    "layer_3": {
      "train_residual_l2": 1.6688095331192017,
      "eval_residual_l2": 1.6798394918441772,
      "train_residual_linf": 1.6688095331192017,
      "eval_residual_linf": 1.6798394918441772
    }
  },
  "ic": {
    "train": {
      "layer_1": {
        "l2": 0.6709151268005371,
        "linf": 0.6709151268005371
      },
      "layer_2": {
        "l2": 1.7572039365768433,
        "linf": 1.7572039365768433
      },
      "layer_3": {
        "l2": 0.15476438403129578,
        "linf": 0.15476438403129578
      }
    },
    "eval": {
      "layer_1": {
        "l2": 0.6703302264213562,
        "linf": 0.6703302264213562
      },
      "layer_2": {
        "l2": 1.6278736591339111,
        "linf": 1.6278736591339111
      },
      "layer_3": {
        "l2": 0.15078847110271454,
        "linf": 0.15078847110271454
      }
    }
  },
  "bc_value": {
    "train": {
      "layer_1": {
        "l2": 0.8148840069770813,
        "linf": 0.8148840069770813
      },
      "layer_2": {
        "l2": 1.7757787704467773,
        "linf": 1.7757787704467773
      },
      "layer_3": {
        "l2": 0.20420798659324646,
        "linf": 0.20420798659324646
      }
    },
    "eval": {
      "layer_1": {
        "l2": 0.9227650761604309,
        "linf": 0.9227650761604309
      },
      "layer_2": {
        "l2": 1.9363199472427368,
        "linf": 1.9363199472427368
      },
      "layer_3": {
        "l2": 0.2257375717163086,
        "linf": 0.2257375717163086
      }
    }
  },
  "bc_derivative": {
    "train": {
      "layer_1": {
        "l2": 11.000685691833496,
        "linf": 11.000685691833496
      },
      "layer_2": {
        "l2": 58.1668701171875,
        "linf": 58.1668701171875
      },
      "layer_3": {
        "l2": 3.886026382446289,
        "linf": 3.886026382446289
      }
    },
    "eval": {
      "layer_1": {
        "l2": 10.21452808380127,
        "linf": 10.21452808380127
      },
      "layer_2": {
        "l2": 64.68023681640625,
        "linf": 64.68023681640625
      },
      "layer_3": {
        "l2": 3.5857036113739014,
        "linf": 3.5857036113739014
      }
    }
  },
  "final_layer_train_residual": 1.6688095331192017,
  "final_layer_eval_residual": 1.6798394918441772,
  "final_layer_train_residual_inf": 1.6688095331192017,
  "final_layer_eval_residual_inf": 1.6798394918441772,
  "final_layer_train_ic": {
    "l2": 0.15476438403129578,
    "linf": 0.15476438403129578
  },
  "final_layer_eval_ic": {
    "l2": 0.15078847110271454,
    "linf": 0.15078847110271454
  },
  "final_layer_train_bc_value": {
    "l2": 0.20420798659324646,
    "linf": 0.20420798659324646
  },
  "final_layer_eval_bc_value": {
    "l2": 0.2257375717163086,
    "linf": 0.2257375717163086
  },
  "final_layer_train_bc_derivative": {
    "l2": 3.886026382446289,
    "linf": 3.886026382446289
  },
  "final_layer_eval_bc_derivative": {
    "l2": 3.5857036113739014,
    "linf": 3.5857036113739014
  }
}