{
  "layers_analyzed": [
    "layer_1",
    "layer_2",
    "layer_3",
    "layer_4",
    "layer_5"
  ],
  "num_layers": 5,
  "train": {
    "layer_1": {
      "h_norm": 0.40895721316337585,
      "residual_norm": 0.26101359724998474,
      "residual_inf_norm": 0.26101359724998474,
      "h_t_norm": 0.4328066110610962,
      "h_x_norm": 0.4236745238304138,
      "h_xx_norm": 0.38382336497306824,
      "h_tt_norm": 0.5098457336425781
    },
    "layer_2": {
      "h_norm": 0.4032239615917206,
      "residual_norm": 0.5219017267227173,
      "residual_inf_norm": 0.5219017267227173,
      "h_t_norm": 0.4650021195411682,
      "h_x_norm": 0.4259008467197418,
      "h_xx_norm": 0.4257233142852783,
      "h_tt_norm": 0.6366891264915466
    },
    "layer_3": {
      "h_norm": 0.4052833318710327,
      "residual_norm": 0.3527636229991913,
      "residual_inf_norm": 0.3527636229991913,
      "h_t_norm": 0.45059624314308167,
      "h_x_norm": 0.4242120385169983,
      "h_xx_norm": 0.4590810239315033,
      "h_tt_norm": 0.46951940655708313
    },
    "layer_4": {
      "h_norm": 0.41364720463752747,
      "residual_norm": 0.24379515647888184,
      "residual_inf_norm": 0.24379515647888184,
      "h_t_norm": 0.4385032057762146,
      "h_x_norm": 0.4090920686721802,
      "h_xx_norm": 0.4598335325717926,
      "h_tt_norm": 0.4856582581996918
    },
    "layer_5": {
      "h_norm": 0.40778106451034546,
      "residual_norm": 0.3148753046989441,
      "residual_inf_norm": 0.3148753046989441,
      "h_t_norm": 0.4443591237068176,
      "h_x_norm": 0.41755616664886475,
      "h_xx_norm": 0.5042170882225037,
      "h_tt_norm": 0.5101019144058228
    }
  },
  "eval": {
    "layer_1": {
      "h_norm": 0.40654343366622925,
      "residual_norm": 0.26413694024086,
      "residual_inf_norm": 0.26413694024086,
      "h_t_norm": 0.43401452898979187,
      "h_x_norm": 0.42326411604881287,
      "h_xx_norm": 0.37799447774887085,
      "h_tt_norm": 0.5065171718597412
    },
    "layer_2": {
      "h_norm": 0.40293917059898376,
      "residual_norm": 0.5273606777191162,
      "residual_inf_norm": 0.5273606777191162,
      "h_t_norm": 0.4653369188308716,
      "h_x_norm": 0.42942923307418823,
      "h_xx_norm": 0.42542606592178345,
      "h_tt_norm": 0.6441841125488281
    },
    "layer_3": {
      "h_norm": 0.40334317088127136,
      "residual_norm": 0.3572102189064026,
      "residual_inf_norm": 0.3572102189064026,
      "h_t_norm": 0.45389676094055176,
      "h_x_norm": 0.4274708032608032,
      "h_xx_norm": 0.4567185640335083,
      "h_tt_norm": 0.4687771201133728
    },
    "layer_4": {
      "h_norm": 0.4116411507129669,
      "residual_norm": 0.24603568017482758,
      "residual_inf_norm": 0.24603568017482758,
      "h_t_norm": 0.4419655501842499,
      "h_x_norm": 0.4089328348636627,
      "h_xx_norm": 0.46245214343070984,
      "h_tt_norm": 0.48584887385368347
    },
    "layer_5": {
      "h_norm": 0.4058578610420227,
      "residual_norm": 0.3190983533859253,
      "residual_inf_norm": 0.3190983533859253,
      "h_t_norm": 0.44442304968833923,
      "h_x_norm": 0.4204616844654083,
      "h_xx_norm": 0.5084688067436218,
      "h_tt_norm": 0.5109437108039856
    }
  },
  "layer_norms": {
    "layer_1": {
      "train_residual_l2": 0.26101359724998474,
      "eval_residual_l2": 0.26413694024086,
      "train_residual_linf": 0.26101359724998474,
      "eval_residual_linf": 0.26413694024086
    },
    "layer_2": {
      "train_residual_l2": 0.5219017267227173,
      "eval_residual_l2": 0.5273606777191162,
      "train_residual_linf": 0.5219017267227173,
      "eval_residual_linf": 0.5273606777191162
    },
    "layer_3": {
      "train_residual_l2": 0.3527636229991913,
      "eval_residual_l2": 0.3572102189064026,
      "train_residual_linf": 0.3527636229991913,
      "eval_residual_linf": 0.3572102189064026
    },
    "layer_4": {
      "train_residual_l2": 0.24379515647888184,
      "eval_residual_l2": 0.24603568017482758,
      "train_residual_linf": 0.24379515647888184,
      "eval_residual_linf": 0.24603568017482758
    },
    "layer_5": {
      "train_residual_l2": 0.3148753046989441,
      "eval_residual_l2": 0.3190983533859253,
      "train_residual_linf": 0.3148753046989441,
      "eval_residual_linf": 0.3190983533859253
    }
  },
  "ic": {
    "train": {
      "layer_1": {
        "l2": 0.07846278697252274,
        "linf": 0.07846278697252274
      },
      "layer_2": {
        "l2": 0.21457193791866302,
        "linf": 0.21457193791866302
      },
      "layer_3": {
        "l2": 0.14155451953411102,
        "linf": 0.14155451953411102
      },
      "layer_4": {
        "l2": 0.07619739323854446,
        "linf": 0.07619739323854446
      },
      "layer_5": {
        "l2": 0.10841493308544159,
        "linf": 0.10841493308544159
      }
    },
    "eval": {
      "layer_1": {
        "l2": 0.07061266154050827,
        "linf": 0.07061266154050827
      },
      "layer_2": {
        "l2": 0.21789182722568512,
        "linf": 0.21789182722568512
      },
      "layer_3": {
        "l2": 0.1299550086259842,
        "linf": 0.1299550086259842
      },
      "layer_4": {
        "l2": 0.08449918776750565,
        "linf": 0.08449918776750565
      },
      "layer_5": {
        "l2": 0.09342562407255173,
        "linf": 0.09342562407255173
      }
    }
  },
  "bc_value": {
    "train": {
      "layer_1": {
        "l2": 1.4360148906707764,
        "linf": 1.4360148906707764
      },
      "layer_2": {
        "l2": 1.5057897567749023,
        "linf": 1.5057897567749023
      },
      "layer_3": {
        "l2": 1.2663551568984985,
        "linf": 1.2663551568984985
      },
      "layer_4": {
        "l2": 1.149408221244812,
        "linf": 1.149408221244812
      },
      "layer_5": {
        "l2": 1.2577548027038574,
        "linf": 1.2577548027038574
      }
    },
    "eval": {
      "layer_1": {
        "l2": 1.303289532661438,
        "linf": 1.303289532661438
      },
      "layer_2": {
        "l2": 1.353724479675293,
        "linf": 1.353724479675293
      },
      "layer_3": {
        "l2": 1.1422778367996216,
        "linf": 1.1422778367996216
      },
      "layer_4": {
        "l2": 1.073416829109192,
        "linf": 1.073416829109192
      },
      "layer_5": {
        "l2": 1.1359792947769165,
        "linf": 1.1359792947769165
      }
    }
  },
  "bc_derivative": {
    "train": {
      "layer_1": {
        "l2": 0.20639526844024658,
        "linf": 0.20639526844024658
      },
      "layer_2": {
        "l2": 0.5283300876617432,
        "linf": 0.5283300876617432
      },
      "layer_3": {
        "l2": 0.6820574402809143,
        "linf": 0.6820574402809143
      },
      "layer_4": {
        "l2": 0.3714107275009155,
        "linf": 0.3714107275009155
      },
      "layer_5": {
        "l2": 0.598866879940033,
        "linf": 0.598866879940033
      }
    },
    "eval": {
      "layer_1": {
        "l2": 0.2022804170846939,
        "linf": 0.2022804170846939
      },
      "layer_2": {
        "l2": 0.5901889204978943,
        "linf": 0.5901889204978943
      },
      "layer_3": {
        "l2": 0.5709114670753479,
        "linf": 0.5709114670753479
      },
      "layer_4": {
        "l2": 0.41164159774780273,
        "linf": 0.41164159774780273
      },
      "layer_5": {
        "l2": 0.5404432415962219,
        "linf": 0.5404432415962219
      }
    }
  },
  "final_layer_train_residual": 0.3148753046989441,
  "final_layer_eval_residual": 0.3190983533859253,
  "final_layer_train_residual_inf": 0.3148753046989441,
  "final_layer_eval_residual_inf": 0.3190983533859253,
  "final_layer_train_ic": {
    "l2": 0.10841493308544159,
    "linf": 0.10841493308544159
  },
  "final_layer_eval_ic": {
    "l2": 0.09342562407255173,
    "linf": 0.09342562407255173
  },
  "final_layer_train_bc_value": {
    "l2": 1.2577548027038574,
    "linf": 1.2577548027038574
  },
  "final_layer_eval_bc_value": {
    "l2": 1.1359792947769165,