{
  "bins": 5,
  "num_classes": 18,
  "num_samples": 4432,
  "layers_analyzed": [
    "layer_1",
    "layer_2",
    "layer_3"
  ],
  "layer_accuracies": {
    "layer_1": 0.35243682310469315,
    "layer_2": 0.45825812274368233,
    "layer_3": 0.5252707581227437
  },
  "layer_compactness": {
    "layer_1": {
      "intra_class": 0.12950340086725415,
      "intra_class_std": 0.1641379832517704,
      "inter_class_mean": 0.08605123311281204,
      "inter_class_std": 0.06394492089748383
    },
    "layer_2": {
      "intra_class": 0.21419490099954708,
      "intra_class_std": 0.17722956557719932,
      "inter_class_mean": 0.22623498737812042,
      "inter_class_std": 0.11202089488506317
    },
    "layer_3": {
      "intra_class": 0.27473395820209995,
      "intra_class_std": 0.1990043944119206,
      "inter_class_mean": 0.3936084806919098,
      "inter_class_std": 0.17809399962425232
    }
  },
  "layer_margins": {
    "layer_1": {
      "mean_margin": -0.010205949656665325,
      "std_margin": 0.02591274492442608,
      "fraction_positive": 0.35243682310469315
    },
    "layer_2": {
      "mean_margin": -0.008948909118771553,
      "std_margin": 0.042643237859010696,
      "fraction_positive": 0.45825812274368233
    },
    "layer_3": {
      "mean_margin": -0.006766029167920351,
      "std_margin": 0.06467241793870926,
      "fraction_positive": 0.5252707581227437
    }
  }
}