{
  "layers_analyzed": [
    "layer_1",
    "layer_2",
    "layer_3",
    "layer_4",
    "layer_5",
    "layer_6",
    "layer_7"
  ],
  "num_layers": 7,
  "train": {
    "rel_l2": [
      0.39377978444099426,
      0.3142507076263428,
      0.1970740705728531,
      0.09834176301956177,
      0.053330499678850174,
      0.018202712759375572,
      0.010963840410113335
    ],
    "inf_norm": [
      0.9571665525436401,
      0.9108442068099976,
      0.862051784992218,
      0.5903427004814148,
      0.29172027111053467,
      0.1484854817390442,
      0.07472877204418182
    ]
  },
  "eval": {
    "rel_l2": [
      0.39862561225891113,
      0.313730925321579,
      0.2014281302690506,
      0.1006251648068428,
      0.05372383072972298,
      0.018610257655382156,
      0.010888682678341866
    ],
    "inf_norm": [
      0.9541416764259338,
      0.8760857582092285,
      0.8531946539878845,
      0.5903417468070984,
      0.28759467601776123,
      0.148485004901886,
      0.07407636195421219
    ]
  },
  "layer_dimensions": {
    "layer_1": 70,
    "layer_2": 70,
    "layer_3": 70,
    "layer_4": 70,
    "layer_5": 70,
    "layer_6": 70,
    "layer_7": 70
  }
}