{
  "layers_analyzed": [
    "layer_1",
    "layer_2",
    "layer_3",
    "layer_4",
    "layer_5"
  ],
  "num_layers": 5,
  "train": {
    "rel_l2": [
      0.1404837816953659,
      0.1090160384774208,
      0.0721563771367073,
      0.03603575378656387,
      0.0003793774521909654
    ],
    "inf_norm": [
      0.4077150821685791,
      0.460160493850708,
      0.3732895851135254,
      0.12621235847473145,
      0.0029867887496948242
    ]
  },
  "eval": {
    "rel_l2": [
      0.14074689149856567,
      0.10874606668949127,
      0.07233988493680954,
      0.03612140938639641,
      0.00037791969953104854
    ],
    "inf_norm": [
      0.3632975220680237,
      0.4600411057472229,
      0.3435443043708801,
      0.10185754299163818,
      0.0026033520698547363
    ]
  },
  "layer_dimensions": {
    "layer_1": 50,
    "layer_2": 50,
    "layer_3": 50,
    "layer_4": 50,
    "layer_5": 50
  }
}