{
  "layers_analyzed": [
    "layer_1",
    "layer_2",
    "layer_3",
    "layer_4",
    "layer_5"
  ],
  "num_layers": 5,
  "train": {
    "layer_1": {
      "h_norm": 0.4139074981212616,
      "residual_norm": 0.6425054669380188,
      "residual_inf_norm": 0.6425054669380188,
      "h_t_norm": 0.48619160056114197,
      "h_x_norm": 0.43334564566612244,
      "h_xx_norm": 0.514923632144928,
      "h_tt_norm": 0.7279171943664551
    },
    "layer_2": {
      "h_norm": 0.4353654682636261,
      "residual_norm": 2.2602195739746094,
      "residual_inf_norm": 2.2602195739746094,
      "h_t_norm": 0.6457438468933105,
      "h_x_norm": 0.6600396633148193,
      "h_xx_norm": 1.6773021221160889,
      "h_tt_norm": 1.7305004596710205
    },
    "layer_3": {
      "h_norm": 0.4183412790298462,
      "residual_norm": 0.28738901019096375,
      "residual_inf_norm": 0.28738901019096375,
      "h_t_norm": 0.4464847445487976,
      "h_x_norm": 0.39064815640449524,
      "h_xx_norm": 0.41443881392478943,
      "h_tt_norm": 0.4669312536716461
    },
    "layer_4": {
      "h_norm": 0.41998404264450073,
      "residual_norm": 0.10884697735309601,
      "residual_inf_norm": 0.10884697735309601,
      "h_t_norm": 0.4242708086967468,
      "h_x_norm": 0.3852820098400116,
      "h_xx_norm": 0.4079403579235077,
      "h_tt_norm": 0.4152805507183075
    },
    "layer_5": {
      "h_norm": 0.41947728395462036,
      "residual_norm": 0.022780487313866615,
      "residual_inf_norm": 0.022780487313866615,
      "h_t_norm": 0.4193685054779053,
      "h_x_norm": 0.3886075019836426,
      "h_xx_norm": 0.41820576786994934,
      "h_tt_norm": 0.4147202670574188
    }
  },
  "eval": {
    "layer_1": {
      "h_norm": 0.412718802690506,
      "residual_norm": 0.6541789174079895,
      "residual_inf_norm": 0.6541789174079895,
      "h_t_norm": 0.4886958599090576,
      "h_x_norm": 0.43349531292915344,
      "h_xx_norm": 0.5158766508102417,
      "h_tt_norm": 0.7335929870605469
    },
    "layer_2": {
      "h_norm": 0.43700116872787476,
      "residual_norm": 2.293926239013672,
      "residual_inf_norm": 2.293926239013672,
      "h_t_norm": 0.6545558571815491,
      "h_x_norm": 0.6598536968231201,
      "h_xx_norm": 1.7027157545089722,
      "h_tt_norm": 1.756381630897522
    },
    "layer_3": {
      "h_norm": 0.4162258803844452,
      "residual_norm": 0.2917235195636749,
      "residual_inf_norm": 0.2917235195636749,
      "h_t_norm": 0.4472775161266327,
      "h_x_norm": 0.39201247692108154,
      "h_xx_norm": 0.4099430441856384,
      "h_tt_norm": 0.4683115482330322
    },
    "layer_4": {
      "h_norm": 0.4173370599746704,
      "residual_norm": 0.11079604178667068,
      "residual_inf_norm": 0.11079604178667068,
      "h_t_norm": 0.42576780915260315,
      "h_x_norm": 0.38484105467796326,
      "h_xx_norm": 0.4057122468948364,
      "h_tt_norm": 0.415633887052536
    },
    "layer_5": {
      "h_norm": 0.416759729385376,
      "residual_norm": 0.02291932888329029,
      "residual_inf_norm": 0.02291932888329029,
      "h_t_norm": 0.4201260209083557,
      "h_x_norm": 0.3881295323371887,
      "h_xx_norm": 0.4154687523841858,
      "h_tt_norm": 0.41210612654685974
    }
  },
  "layer_norms": {
    "layer_1": {
      "train_residual_l2": 0.6425054669380188,
      "eval_residual_l2": 0.6541789174079895,
      "train_residual_linf": 0.6425054669380188,
      "eval_residual_linf": 0.6541789174079895
    },
    "layer_2": {
      "train_residual_l2": 2.2602195739746094,
      "eval_residual_l2": 2.293926239013672,
      "train_residual_linf": 2.2602195739746094,
      "eval_residual_linf": 2.293926239013672
    },
    "layer_3": {
      "train_residual_l2": 0.28738901019096375,
      "eval_residual_l2": 0.2917235195636749,
      "train_residual_linf": 0.28738901019096375,
      "eval_residual_linf": 0.2917235195636749
    },
    "layer_4": {
      "train_residual_l2": 0.10884697735309601,
      "eval_residual_l2": 0.11079604178667068,
      "train_residual_linf": 0.10884697735309601,
      "eval_residual_linf": 0.11079604178667068
    },
    "layer_5": {
      "train_residual_l2": 0.022780487313866615,
      "eval_residual_l2": 0.02291932888329029,
      "train_residual_linf": 0.022780487313866615,
      "eval_residual_linf": 0.02291932888329029
    }
  },
  "ic": {
    "train": {
      "layer_1": {
        "l2": 0.2270156294107437,
        "linf": 0.2270156294107437
      },
      "layer_2": {
        "l2": 0.40038684010505676,
        "linf": 0.40038684010505676
      },
      "layer_3": {
        "l2": 0.05564997345209122,
        "linf": 0.05564997345209122
      },
      "layer_4": {
        "l2": 0.01842966489493847,
        "linf": 0.01842966489493847
      },
      "layer_5": {
        "l2": 0.004069394897669554,
        "linf": 0.004069394897669554
      }
    },
    "eval": {
      "layer_1": {
        "l2": 0.26087743043899536,
        "linf": 0.26087743043899536
      },
      "layer_2": {
        "l2": 0.3701479732990265,
        "linf": 0.3701479732990265
      },
      "layer_3": {
        "l2": 0.060792770236730576,
        "linf": 0.060792770236730576
      },
      "layer_4": {
        "l2": 0.021101372316479683,
        "linf": 0.021101372316479683
      },
      "layer_5": {
        "l2": 0.004455476067960262,
        "linf": 0.004455476067960262
      }
    }
  },
  "bc_value": {
    "train": {
      "layer_1": {
        "l2": 0.17657123506069183,
        "linf": 0.17657123506069183
      },
      "layer_2": {
        "l2": 0.3327696621417999,
        "linf": 0.3327696621417999
      },
      "layer_3": {
        "l2": 0.046918343752622604,
        "linf": 0.046918343752622604
      },
      "layer_4": {
        "l2": 0.018404187634587288,
        "linf": 0.018404187634587288
      },
      "layer_5": {
        "l2": 0.004542544484138489,
        "linf": 0.004542544484138489
      }
    },
    "eval": {
      "layer_1": {
        "l2": 0.18252231180667877,
        "linf": 0.18252231180667877
      },
      "layer_2": {
        "l2": 0.3557230234146118,
        "linf": 0.3557230234146118
      },
      "layer_3": {
        "l2": 0.039341531693935394,
        "linf": 0.039341531693935394
      },
      "layer_4": {
        "l2": 0.014575609005987644,
        "linf": 0.014575609005987644
      },
      "layer_5": {
        "l2": 0.00318064633756876,
        "linf": 0.00318064633756876
      }
    }
  },
  "bc_derivative": {
    "train": {},
    "eval": {}
  },
  "final_layer_train_residual": 0.022780487313866615,
  "final_layer_eval_residual": 0.02291932888329029,
  "final_layer_train_residual_inf": 0.022780487313866615,
  "final_layer_eval_residual_inf": 0.02291932888329029,
  "final_layer_train_ic": {
    "l2": 0.004069394897669554,
    "linf": 0.004069394897669554
  },
  "final_layer_eval_ic": {
    "l2": 0.004455476067960262,
    "linf": 0.004455476067960262
  },
  "final_layer_train_bc_value": {
    "l2": 0.004542544484138489,
    "linf": 0.004542544484138489
  },
  "final_layer_eval_bc_value": {
    "l2": 0.00318064633756876,
    "linf": 0.00318064633756876
  },
  "final_layer_train_bc_derivative": {},
  "final_layer_eval_bc_derivative": {}
}