{
  "bins": 10,
  "num_classes": 79,
  "num_samples": 4992,
  "layers_analyzed": [
    "layer_1",
    "layer_2",
    "layer_3",
    "layer_4",
    "layer_5"
  ],
  "layer_accuracies": {
    "layer_1": 0.12039262820512821,
    "layer_2": 0.24018429487179488,
    "layer_3": 0.29246794871794873,
    "layer_4": 0.3066907051282051,
    "layer_5": 0.3343349358974359
  },
  "layer_compactness": {
    "layer_1": {
      "intra_class": 1.2791437080663042,
      "inter_class_mean": 0.8891916275024414,
      "inter_class_std": 0.5574417114257812
    },
    "layer_2": {
      "intra_class": 1.956039630510366,
      "inter_class_mean": 2.1834635734558105,
      "inter_class_std": 1.1316100358963013
    },
    "layer_3": {
      "intra_class": 2.386749190748116,
      "inter_class_mean": 3.569242000579834,
      "inter_class_std": 1.6928611993789673
    },
    "layer_4": {
      "intra_class": 3.014432750787798,
      "inter_class_mean": 4.712268352508545,
      "inter_class_std": 2.0636954307556152
    },
    "layer_5": {
      "intra_class": 3.611239993277606,
      "inter_class_mean": 6.061990737915039,
      "inter_class_std": 2.5376131534576416
    }
  },
  "layer_margins": {
    "layer_1": {
      "mean_margin": -0.3910854458808899,
      "std_margin": 0.3781004846096039,
      "fraction_positive": 0.12039262820512821
    },
    "layer_2": {
      "mean_margin": -0.4857567548751831,
      "std_margin": 0.626675546169281,
      "fraction_positive": 0.24018429487179488
    },
    "layer_3": {
      "mean_margin": -0.5071333646774292,
      "std_margin": 0.8125532269477844,
      "fraction_positive": 0.29246794871794873
    },
    "layer_4": {
      "mean_margin": -0.6330798268318176,
      "std_margin": 1.005955696105957,
      "fraction_positive": 0.3066907051282051
    },
    "layer_5": {
      "mean_margin": -0.6714310050010681,
      "std_margin": 1.1803274154663086,
      "fraction_positive": 0.3343349358974359
    }
  }
}