{
  "layers_analyzed": [
    "layer_1",
    "layer_2",
    "layer_3",
    "layer_4",
    "layer_5"
  ],
  "num_layers": 5,
  "train": {
    "layer_1": {
      "h_norm": 0.43809130787849426,
      "residual_norm": 1.2669882774353027,
      "residual_inf_norm": 1.2669882774353027,
      "h_t_norm": 0.5761701464653015,
      "h_x_norm": 0.49457740783691406,
      "h_xx_norm": 0.8006527423858643,
      "h_tt_norm": 1.3058338165283203
    },
    "layer_2": {
      "h_norm": 1.0400311946868896,
      "residual_norm": 14.323087692260742,
      "residual_inf_norm": 14.323087692260742,
      "h_t_norm": 2.932399034500122,
      "h_x_norm": 2.9807989597320557,
      "h_xx_norm": 10.222336769104004,
      "h_tt_norm": 11.192065238952637
    },
    "layer_3": {
      "h_norm": 0.4189199209213257,
      "residual_norm": 0.47266387939453125,
      "residual_inf_norm": 0.47266387939453125,
      "h_t_norm": 0.4507266581058502,
      "h_x_norm": 0.4019003212451935,
      "h_xx_norm": 0.49485790729522705,
      "h_tt_norm": 0.6279159188270569
    },
    "layer_4": {
      "h_norm": 0.41929250955581665,
      "residual_norm": 0.07193893194198608,
      "residual_inf_norm": 0.07193893194198608,
      "h_t_norm": 0.42187198996543884,
      "h_x_norm": 0.3884351849555969,
      "h_xx_norm": 0.41984641551971436,
      "h_tt_norm": 0.4081666171550751
    },
    "layer_5": {
      "h_norm": 0.4196690618991852,
      "residual_norm": 0.0011688945814967155,
      "residual_inf_norm": 0.0011688945814967155,
      "h_t_norm": 0.41759949922561646,
      "h_x_norm": 0.38838645815849304,
      "h_xx_norm": 0.41941753029823303,
      "h_tt_norm": 0.41929933428764343
    }
  },
  "eval": {
    "layer_1": {
      "h_norm": 0.43263399600982666,
      "residual_norm": 1.3095077276229858,
      "residual_inf_norm": 1.3095077276229858,
      "h_t_norm": 0.5847252607345581,
      "h_x_norm": 0.4949272871017456,
      "h_xx_norm": 0.7888069152832031,
      "h_tt_norm": 1.3294909000396729
    },
    "layer_2": {
      "h_norm": 1.043040156364441,
      "residual_norm": 14.252202987670898,
      "residual_inf_norm": 14.252202987670898,
      "h_t_norm": 2.899587631225586,
      "h_x_norm": 2.981475591659546,
      "h_xx_norm": 10.209676742553711,
      "h_tt_norm": 11.118900299072266
    },
    "layer_3": {
      "h_norm": 0.41591304540634155,
      "residual_norm": 0.4883657395839691,
      "residual_inf_norm": 0.4883657395839691,
      "h_t_norm": 0.45318421721458435,
      "h_x_norm": 0.4024111330509186,
      "h_xx_norm": 0.4884304404258728,
      "h_tt_norm": 0.6388411521911621
    },
    "layer_4": {
      "h_norm": 0.41671085357666016,
      "residual_norm": 0.0729730874300003,
      "residual_inf_norm": 0.0729730874300003,
      "h_t_norm": 0.4231199622154236,
      "h_x_norm": 0.3876989185810089,
      "h_xx_norm": 0.4173334836959839,
      "h_tt_norm": 0.4042271375656128
    },
    "layer_5": {
      "h_norm": 0.4168756604194641,
      "residual_norm": 0.0012125794310122728,
      "residual_inf_norm": 0.0012125794310122728,
      "h_t_norm": 0.41816797852516174,
      "h_x_norm": 0.387758731842041,
      "h_xx_norm": 0.416565477848053,
      "h_tt_norm": 0.41643980145454407
    }
  },
  "layer_norms": {
    "layer_1": {
      "train_residual_l2": 1.2669882774353027,
      "eval_residual_l2": 1.3095077276229858,
      "train_residual_linf": 1.2669882774353027,
      "eval_residual_linf": 1.3095077276229858
    },
    "layer_2": {
      "train_residual_l2": 14.323087692260742,
      "eval_residual_l2": 14.252202987670898,
      "train_residual_linf": 14.323087692260742,
      "eval_residual_linf": 14.252202987670898
    },
    "layer_3": {
      "train_residual_l2": 0.47266387939453125,
      "eval_residual_l2": 0.4883657395839691,
      "train_residual_linf": 0.47266387939453125,
      "eval_residual_linf": 0.4883657395839691
    },
    "layer_4": {
      "train_residual_l2": 0.07193893194198608,
      "eval_residual_l2": 0.0729730874300003,
      "train_residual_linf": 0.07193893194198608,
      "eval_residual_linf": 0.0729730874300003
    },
    "layer_5": {
      "train_residual_l2": 0.0011688945814967155,
      "eval_residual_l2": 0.0012125794310122728,
      "train_residual_linf": 0.0011688945814967155,
      "eval_residual_linf": 0.0012125794310122728
    }
  },
  "ic": {
    "train": {
      "layer_1": {
        "l2": 0.32578572630882263,
        "linf": 0.32578572630882263
      },
      "layer_2": {
        "l2": 2.5888853073120117,
        "linf": 2.5888853073120117
      },
      "layer_3": {
        "l2": 0.08282419294118881,
        "linf": 0.08282419294118881
      },
      "layer_4": {
        "l2": 0.010948121547698975,
        "linf": 0.010948121547698975
      },
      "layer_5": {
        "l2": 0.0001967442804016173,
        "linf": 0.0001967442804016173
      }
    },
    "eval": {
      "layer_1": {
        "l2": 0.31864115595817566,
        "linf": 0.31864115595817566
      },
      "layer_2": {
        "l2": 2.0815958976745605,
        "linf": 2.0815958976745605
      },
      "layer_3": {
        "l2": 0.07692690193653107,
        "linf": 0.07692690193653107
      },
      "layer_4": {
        "l2": 0.010605684481561184,
        "linf": 0.010605684481561184
      },
      "layer_5": {
        "l2": 0.00021031797223258764,
        "linf": 0.00021031797223258764
      }
    }
  },
  "bc_value": {
    "train": {
      "layer_1": {
        "l2": 0.23219190537929535,
        "linf": 0.23219190537929535
      },
      "layer_2": {
        "l2": 2.1371419429779053,
        "linf": 2.1371419429779053
      },
      "layer_3": {
        "l2": 0.06139005720615387,
        "linf": 0.06139005720615387
      },
      "layer_4": {
        "l2": 0.009494747966527939,
        "linf": 0.009494747966527939
      },
      "layer_5": {
        "l2": 0.00028132551233284175,
        "linf": 0.00028132551233284175
      }
    },
    "eval": {
      "layer_1": {
        "l2": 0.22593703866004944,
        "linf": 0.22593703866004944
      },
      "layer_2": {
        "l2": 2.142019271850586,
        "linf": 2.142019271850586
      },
      "layer_3": {
        "l2": 0.05102590471506119,
        "linf": 0.05102590471506119
      },
      "layer_4": {
        "l2": 0.007520141080021858,
        "linf": 0.007520141080021858
      },
      "layer_5": {
        "l2": 0.00030084699392318726,
        "linf": 0.00030084699392318726
      }
    }
  },
  "bc_derivative": {
    "train": {},
    "eval": {}
  },
  "final_layer_train_residual": 0.0011688945814967155,
  "final_layer_eval_residual": 0.0012125794310122728,
  "final_layer_train_residual_inf": 0.0011688945814967155,
  "final_layer_eval_residual_inf": 0.0012125794310122728,
  "final_layer_train_ic": {
    "l2": 0.0001967442804016173,
    "linf": 0.0001967442804016173
  },
  "final_layer_eval_ic": {
    "l2": 0.00021031797223258764,
    "linf": 0.00021031797223258764
  },
  "final_layer_train_bc_value": {
    "l2": 0.00028132551233284175,
    "linf": 0.00028132551233284175
  },
  "final_layer_eval_bc_value": {
    "l2": 0.00030084699392318726,
    "linf": 0.00030084699392318726
  },
  "final_layer_train_bc_derivative": {},
  "final_layer_eval_bc_derivative": {}
}