{
  "layers_analyzed": [
    "layer_1",
    "layer_2",
    "layer_3",
    "layer_4",
    "layer_5"
  ],
  "num_layers": 5,
  "train": {
    "rel_l2": [
      0.4383793771266937,
      10.760660171508789,
      0.07813132554292679,
      0.025273002684116364,
      0.003395983250811696
    ],
    "inf_norm": [
      1.0429878234863281,
      37.43743896484375,
      0.5688316822052002,
      0.18257880210876465,
      0.04695191979408264
    ]
  },
  "eval": {
    "rel_l2": [
      0.44126635789871216,
      10.77227783203125,
      0.08054814487695694,
      0.025794455781579018,
      0.0030665663070976734
    ],
    "inf_norm": [
      1.0430030822753906,
      36.68476104736328,
      0.5624574422836304,
      0.1740674376487732,
      0.04478192329406738
    ]
  },
  "layer_dimensions": {
    "layer_1": 50,
    "layer_2": 50,
    "layer_3": 50,
    "layer_4": 50,
    "layer_5": 50
  }
}