{
  "layers_analyzed": [
    "layer_1",
    "layer_2",
    "layer_3",
    "layer_4",
    "layer_5",
    "layer_6",
    "layer_7"
  ],
  "num_layers": 7,
  "train": {
    "rel_l2": [
      0.43918901681900024,
      0.24397538602352142,
      0.17736883461475372,
      0.07104521989822388,
      0.028239108622074127,
      0.007429015357047319,
      0.005400993395596743
    ],
    "inf_norm": [
      1.115613341331482,
      0.8717969655990601,
      0.8540483713150024,
      0.5156822204589844,
      0.265963613986969,
      0.05552450567483902,
      0.04893237352371216
    ]
  },
  "eval": {
    "rel_l2": [
      0.4422548711299896,
      0.24563442170619965,
      0.18224792182445526,
      0.07351997494697571,
      0.028490319848060608,
      0.0075148409232497215,
      0.00537221459671855
    ],
    "inf_norm": [
      1.1049656867980957,
      0.8252220749855042,
      0.8285314440727234,
      0.5097712874412537,
      0.26547902822494507,
      0.048153407871723175,
      0.04323911666870117
    ]
  },
  "layer_dimensions": {
    "layer_1": 70,
    "layer_2": 70,
    "layer_3": 70,
    "layer_4": 70,
    "layer_5": 70,
    "layer_6": 70,
    "layer_7": 70
  }
}