{
  "train_loss_epochs": [
    1,
    2,
    3
  ],
  "train_loss": [
    0.0052880746158734835,
    0.0008804440920357592,
    0.0004099921083252411
  ],
  "epochs": [
    1,
    2,
    3
  ],
  "eval_loss": [
    0.0011894848915593077,
    0.0005287937334893892,
    0.00020633445819839835
  ],
  "train_rel_l2": [
    0.022129817679524422,
    0.02126210001297295,
    0.017837867559865116
  ],
  "eval_rel_l2": [
    0.14335152506828308,
    0.1323427843550841,
    0.12346127567191918
  ]
}