{
  "bins": 10,
  "num_classes": 79,
  "num_samples": 4992,
  "layers_analyzed": [
    "layer_1",
    "layer_2",
    "layer_3",
    "layer_4",
    "layer_5"
  ],
  "layer_accuracies": {
    "layer_1": 0.1063701923076923,
    "layer_2": 0.1362179487179487,
    "layer_3": 0.18850160256410256,
    "layer_4": 0.23397435897435898,
    "layer_5": 0.28064903846153844
  },
  "layer_compactness": {
    "layer_1": {
      "intra_class": 0.5753915367421454,
      "inter_class_mean": 0.3642578423023224,
      "inter_class_std": 0.22286257147789001
    },
    "layer_2": {
      "intra_class": 1.2791728200515393,
      "inter_class_mean": 0.9886907935142517,
      "inter_class_std": 0.587483286857605
    },
    "layer_3": {
      "intra_class": 2.2306474240967664,
      "inter_class_mean": 2.257965326309204,
      "inter_class_std": 1.2174485921859741
    },
    "layer_4": {
      "intra_class": 3.140779114934053,
      "inter_class_mean": 3.7725107669830322,
      "inter_class_std": 1.8138766288757324
    },
    "layer_5": {
      "intra_class": 3.282936482393394,
      "inter_class_mean": 4.677992343902588,
      "inter_class_std": 2.063486337661743
    }
  },
  "layer_margins": {
    "layer_1": {
      "mean_margin": -0.19627566635608673,
      "std_margin": 0.18165673315525055,
      "fraction_positive": 0.1063701923076923
    },
    "layer_2": {
      "mean_margin": -0.380819708108902,
      "std_margin": 0.38966336846351624,
      "fraction_positive": 0.1362179487179487
    },
    "layer_3": {
      "mean_margin": -0.6277174353599548,
      "std_margin": 0.7134373784065247,
      "fraction_positive": 0.18850160256410256
    },
    "layer_4": {
      "mean_margin": -0.8413308262825012,
      "std_margin": 1.0312213897705078,
      "fraction_positive": 0.23397435897435898
    },
    "layer_5": {
      "mean_margin": -0.7332249879837036,
      "std_margin": 1.059279441833496,
      "fraction_positive": 0.28064903846153844
    }
  }
}