{
  "layers_analyzed": [
    "layer_1",
    "layer_2",
    "layer_3",
    "layer_4",
    "layer_5",
    "layer_6",
    "layer_7"
  ],
  "num_layers": 7,
  "train": {
    "rel_l2": [
      1.0857633352279663,
      0.4841626286506653,
      1.1760975122451782,
      0.44746771454811096,
      1.6568716764450073,
      1.643504023551941,
      0.5567697882652283
    ],
    "inf_norm": [
      4.3716654777526855,
      3.0506253242492676,
      3.9462368488311768,
      2.705946207046509,
      10.213846206665039,
      5.693019390106201,
      2.63570237159729
    ]
  },
  "eval": {
    "rel_l2": [
      1.1555589437484741,
      0.488882452249527,
      1.1834611892700195,
      0.44906583428382874,
      1.6960757970809937,
      1.686046838760376,
      0.5637378096580505
    ],
    "inf_norm": [
      4.3717875480651855,
      2.979368209838867,
      3.2195615768432617,
      2.6045475006103516,
      9.313644409179688,
      5.186273574829102,
      2.527498245239258
    ]
  },
  "layer_dimensions": {
    "layer_1": 80,
    "layer_2": 80,
    "layer_3": 80,
    "layer_4": 80,
    "layer_5": 80,
    "layer_6": 80,
    "layer_7": 80
  }
}