{
  "bins": 5,
  "num_classes": 5,
  "num_samples": 4000,
  "layers_analyzed": [
    "layer_1",
    "layer_2",
    "layer_3"
  ],
  "layer_accuracies": {
    "layer_1": 0.236,
    "layer_2": 0.25675,
    "layer_3": 0.26475
  },
  "layer_compactness": {
    "layer_1": {
      "intra_class": 0.4353015422821045,
      "intra_class_std": 0.2189584411381165,
      "inter_class_mean": 0.3266459107398987,
      "inter_class_std": 0.33731651306152344
    },
    "layer_2": {
      "intra_class": 0.35822088122367857,
      "intra_class_std": 0.17967324641030094,
      "inter_class_mean": 0.2511044144630432,
      "inter_class_std": 0.23800531029701233
    },
    "layer_3": {
      "intra_class": 0.3938296377658844,
      "intra_class_std": 0.19756778086904142,
      "inter_class_mean": 0.29812321066856384,
      "inter_class_std": 0.26356008648872375
    }
  },
  "layer_margins": {
    "layer_1": {
      "mean_margin": -0.11753562092781067,
      "std_margin": 0.19157588481903076,
      "fraction_positive": 0.236
    },
    "layer_2": {
      "mean_margin": -0.07108521461486816,
      "std_margin": 0.12699615955352783,
      "fraction_positive": 0.25675
    },
    "layer_3": {
      "mean_margin": -0.0823265090584755,
      "std_margin": 0.14977635443210602,
      "fraction_positive": 0.26475
    }
  }
}