{
  "layers_analyzed": [
    "layer_1",
    "layer_2",
    "layer_3",
    "layer_4",
    "layer_5",
    "layer_6",
    "layer_7"
  ],
  "num_layers": 7,
  "train": {
    "layer_1": {
      "h_norm": 0.4771368205547333,
      "residual_norm": 3.8771913051605225,
      "residual_inf_norm": 3.8771913051605225,
      "h_t_norm": 1.0039724111557007,
      "h_x_norm": 0.5923812985420227,
      "h_xx_norm": 1.0472475290298462,
      "h_tt_norm": 3.8218038082122803
    },
    "layer_2": {
      "h_norm": 0.48983919620513916,
      "residual_norm": 2.893514633178711,
      "residual_inf_norm": 2.893514633178711,
      "h_t_norm": 0.8339991569519043,
      "h_x_norm": 0.8462331891059875,
      "h_xx_norm": 2.058563232421875,
      "h_tt_norm": 2.4911270141601562
    },
    "layer_3": {
      "h_norm": 0.41673749685287476,
      "residual_norm": 0.42964500188827515,
      "residual_inf_norm": 0.42964500188827515,
      "h_t_norm": 0.464498370885849,
      "h_x_norm": 0.40283203125,
      "h_xx_norm": 0.4270270764827728,
      "h_tt_norm": 0.5170642733573914
    },
    "layer_4": {
      "h_norm": 0.4170604348182678,
      "residual_norm": 0.5481944680213928,
      "residual_inf_norm": 0.5481944680213928,
      "h_t_norm": 0.47142085433006287,
      "h_x_norm": 0.408699631690979,
      "h_xx_norm": 0.45039623975753784,
      "h_tt_norm": 0.6503893733024597
    },
    "layer_5": {
      "h_norm": 0.4210224449634552,
      "residual_norm": 0.3103888928890228,
      "residual_inf_norm": 0.3103888928890228,
      "h_t_norm": 0.4477003812789917,
      "h_x_norm": 0.393528014421463,
      "h_xx_norm": 0.4731890857219696,
      "h_tt_norm": 0.5152773261070251
    },
    "layer_6": {
      "h_norm": 0.4196706712245941,
      "residual_norm": 0.1614660769701004,
      "residual_inf_norm": 0.1614660769701004,
      "h_t_norm": 0.42566952109336853,
      "h_x_norm": 0.39422866702079773,
      "h_xx_norm": 0.4185341000556946,
      "h_tt_norm": 0.4177861511707306
    },
    "layer_7": {
      "h_norm": 0.4190121293067932,
      "residual_norm": 0.2443583607673645,
      "residual_inf_norm": 0.2443583607673645,
      "h_t_norm": 0.43234819173812866,
      "h_x_norm": 0.39783602952957153,
      "h_xx_norm": 0.4618922173976898,
      "h_tt_norm": 0.44050636887550354
    }
  },
  "eval": {
    "layer_1": {
      "h_norm": 0.47597983479499817,
      "residual_norm": 3.7949180603027344,
      "residual_inf_norm": 3.7949180603027344,
      "h_t_norm": 0.9918465614318848,
      "h_x_norm": 0.5955665111541748,
      "h_xx_norm": 1.0638883113861084,
      "h_tt_norm": 3.7403202056884766
    },
    "layer_2": {
      "h_norm": 0.48723793029785156,
      "residual_norm": 2.9049010276794434,
      "residual_inf_norm": 2.9049010276794434,
      "h_t_norm": 0.8407261967658997,
      "h_x_norm": 0.8538675904273987,
      "h_xx_norm": 2.090233087539673,
      "h_tt_norm": 2.492129325866699
    },
    "layer_3": {
      "h_norm": 0.41567903757095337,
      "residual_norm": 0.4424646198749542,
      "residual_inf_norm": 0.4424646198749542,
      "h_t_norm": 0.46435895562171936,
      "h_x_norm": 0.40161827206611633,
      "h_xx_norm": 0.4254002273082733,
      "h_tt_norm": 0.5251725912094116
    },
    "layer_4": {
      "h_norm": 0.41395705938339233,
      "residual_norm": 0.541161060333252,
      "residual_inf_norm": 0.541161060333252,
      "h_t_norm": 0.469532310962677,
      "h_x_norm": 0.41172048449516296,
      "h_xx_norm": 0.4364500343799591,
      "h_tt_norm": 0.6381463408470154
    },
    "layer_5": {
      "h_norm": 0.4187568724155426,
      "residual_norm": 0.3111632466316223,
      "residual_inf_norm": 0.3111632466316223,
      "h_t_norm": 0.44942885637283325,
      "h_x_norm": 0.3928373456001282,
      "h_xx_norm": 0.47139716148376465,
      "h_tt_norm": 0.5102414488792419
    },
    "layer_6": {
      "h_norm": 0.41771286725997925,
      "residual_norm": 0.16169406473636627,
      "residual_inf_norm": 0.16169406473636627,
      "h_t_norm": 0.42655834555625916,
      "h_x_norm": 0.3933315575122833,
      "h_xx_norm": 0.4154200553894043,
      "h_tt_norm": 0.4173339903354645
    },
    "layer_7": {
      "h_norm": 0.41638439893722534,
      "residual_norm": 0.2380427122116089,
      "residual_inf_norm": 0.2380427122116089,
      "h_t_norm": 0.4324667751789093,
      "h_x_norm": 0.39684900641441345,
      "h_xx_norm": 0.4539511203765869,
      "h_tt_norm": 0.43732717633247375
    }
  },
  "layer_norms": {
    "layer_1": {
      "train_residual_l2": 3.8771913051605225,
      "eval_residual_l2": 3.7949180603027344,
      "train_residual_linf": 3.8771913051605225,
      "eval_residual_linf": 3.7949180603027344
    },
    "layer_2": {
      "train_residual_l2": 2.893514633178711,
      "eval_residual_l2": 2.9049010276794434,
      "train_residual_linf": 2.893514633178711,
      "eval_residual_linf": 2.9049010276794434
    },
    "layer_3": {
      "train_residual_l2": 0.42964500188827515,
      "eval_residual_l2": 0.4424646198749542,
      "train_residual_linf": 0.42964500188827515,
      "eval_residual_linf": 0.4424646198749542
    },
    "layer_4": {
      "train_residual_l2": 0.5481944680213928,
      "eval_residual_l2": 0.541161060333252,
      "train_residual_linf": 0.5481944680213928,
      "eval_residual_linf": 0.541161060333252
    },
    "layer_5": {
      "train_residual_l2": 0.3103888928890228,
      "eval_residual_l2": 0.3111632466316223,
      "train_residual_linf": 0.3103888928890228,
      "eval_residual_linf": 0.3111632466316223
    },
    "layer_6": {
      "train_residual_l2": 0.1614660769701004,
      "eval_residual_l2": 0.16169406473636627,
      "train_residual_linf": 0.1614660769701004,
      "eval_residual_linf": 0.16169406473636627
    },
    "layer_7": {
      "train_residual_l2": 0.2443583607673645,
      "eval_residual_l2": 0.2380427122116089,
      "train_residual_linf": 0.2443583607673645,
      "eval_residual_linf": 0.2380427122116089
    }
  },
  "ic": {
    "train": {
      "layer_1": {
        "l2": 0.8754268884658813,
        "linf": 0.8754268884658813
      },
      "layer_2": {
        "l2": 0.877678632736206,
        "linf": 0.877678632736206
      },
      "layer_3": {
        "l2": 0.10515590757131577,
        "linf": 0.10515590757131577
      },
      "layer_4": {
        "l2": 0.10790440440177917,
        "linf": 0.10790440440177917
      },
      "layer_5": {
        "l2": 0.09243310242891312,
        "linf": 0.09243310242891312
      },
      "layer_6": {
        "l2": 0.04306779429316521,
        "linf": 0.04306779429316521
      },
      "layer_7": {
        "l2": 0.02989768236875534,
        "linf": 0.02989768236875534
      }
    },
    "eval": {
      "layer_1": {
        "l2": 0.6855694651603699,
        "linf": 0.6855694651603699
      },
      "layer_2": {
        "l2": 0.9095721244812012,
        "linf": 0.9095721244812012
      },
      "layer_3": {
        "l2": 0.11457221955060959,
        "linf": 0.11457221955060959
      },
      "layer_4": {
        "l2": 0.09012041240930557,
        "linf": 0.09012041240930557
      },
      "layer_5": {
        "l2": 0.09147663414478302,
        "linf": 0.09147663414478302
      },
      "layer_6": {
        "l2": 0.046096380800008774,
        "linf": 0.046096380800008774
      },
      "layer_7": {
        "l2": 0.02739010564982891,
        "linf": 0.02739010564982891
      }
    }
  },
  "bc_value": {
    "train": {
      "layer_1": {
        "l2": 1.3988664150238037,
        "linf": 1.3988664150238037
      },
      "layer_2": {
        "l2": 1.3856170177459717,
        "linf": 1.3856170177459717
      },
      "layer_3": {
        "l2": 1.2868287563323975,
        "linf": 1.2868287563323975
      },
      "layer_4": {
        "l2": 1.3172264099121094,
        "linf": 1.3172264099121094
      },
      "layer_5": {
        "l2": 1.1895831823349,
        "linf": 1.1895831823349
      },
      "layer_6": {
        "l2": 1.2203987836837769,
        "linf": 1.2203987836837769
      },