{
  "bins": 5,
  "num_classes": 18,
  "num_samples": 4432,
  "layers_analyzed": [
    "layer_1",
    "layer_2",
    "layer_3",
    "layer_4",
    "layer_5"
  ],
  "layer_accuracies": {
    "layer_1": 0.35446750902527074,
    "layer_2": 0.424413357400722,
    "layer_3": 0.48804151624548736,
    "layer_4": 0.5446750902527075,
    "layer_5": 0.5931859205776173
  },
  "layer_compactness": {
    "layer_1": {
      "intra_class": 0.12384070591431012,
      "intra_class_std": 0.1619178493823565,
      "inter_class_mean": 0.08165618032217026,
      "inter_class_std": 0.06177860498428345
    },
    "layer_2": {
      "intra_class": 0.1897414086045966,
      "intra_class_std": 0.17531990543945378,
      "inter_class_mean": 0.18331769108772278,
      "inter_class_std": 0.10669504106044769
    },
    "layer_3": {
      "intra_class": 0.2290873565973493,
      "intra_class_std": 0.17685107966290728,
      "inter_class_mean": 0.2863965928554535,
      "inter_class_std": 0.13555847108364105
    },
    "layer_4": {
      "intra_class": 0.24398715584009315,
      "intra_class_std": 0.16880074470284465,
      "inter_class_mean": 0.36868587136268616,
      "inter_class_std": 0.1635206788778305
    },
    "layer_5": {
      "intra_class": 0.28317978311404535,
      "intra_class_std": 0.17728142523298762,
      "inter_class_mean": 0.4720611274242401,
      "inter_class_std": 0.19188326597213745
    }
  },
  "layer_margins": {
    "layer_1": {
      "mean_margin": -0.009155688807368279,
      "std_margin": 0.021809345111250877,
      "fraction_positive": 0.35446750902527074
    },
    "layer_2": {
      "mean_margin": -0.00979838240891695,
      "std_margin": 0.038258131593465805,
      "fraction_positive": 0.424413357400722
    },
    "layer_3": {
      "mean_margin": -0.005208409857004881,
      "std_margin": 0.04727296158671379,
      "fraction_positive": 0.48804151624548736
    },
    "layer_4": {
      "mean_margin": 0.0024921083822846413,
      "std_margin": 0.054636478424072266,
      "fraction_positive": 0.5446750902527075
    },
    "layer_5": {
      "mean_margin": 0.014546509832143784,
      "std_margin": 0.062343668192625046,
      "fraction_positive": 0.5931859205776173
    }
  }
}