{
  "bins": 5,
  "num_classes": 5,
  "num_samples": 4000,
  "layers_analyzed": [
    "layer_1",
    "layer_2",
    "layer_3"
  ],
  "layer_accuracies": {
    "layer_1": 0.232,
    "layer_2": 0.2775,
    "layer_3": 0.431
  },
  "layer_compactness": {
    "layer_1": {
      "intra_class": 0.42921015024185183,
      "intra_class_std": 0.21577873824455857,
      "inter_class_mean": 0.32106655836105347,
      "inter_class_std": 0.3325890004634857
    },
    "layer_2": {
      "intra_class": 0.260360187292099,
      "intra_class_std": 0.13063030368884448,
      "inter_class_mean": 0.16708502173423767,
      "inter_class_std": 0.1511981338262558
    },
    "layer_3": {
      "intra_class": 0.20275724530220032,
      "intra_class_std": 0.10149601851299916,
      "inter_class_mean": 0.14231273531913757,
      "inter_class_std": 0.07975410670042038
    }
  },
  "layer_margins": {
    "layer_1": {
      "mean_margin": -0.10298977792263031,
      "std_margin": 0.18074484169483185,
      "fraction_positive": 0.232
    },
    "layer_2": {
      "mean_margin": -0.04160236567258835,
      "std_margin": 0.08230314403772354,
      "fraction_positive": 0.2775
    },
    "layer_3": {
      "mean_margin": -0.01940079778432846,
      "std_margin": 0.04682859778404236,
      "fraction_positive": 0.431
    }
  }
}