{
  "layers_analyzed": [
    "layer_1",
    "layer_2",
    "layer_3",
    "layer_4",
    "layer_5",
    "layer_6",
    "layer_7"
  ],
  "num_layers": 7,
  "train": {
    "rel_l2": [
      0.2273377627134323,
      0.27792689204216003,
      0.23494327068328857,
      0.21184565126895905,
      0.14032934606075287,
      0.06747059524059296,
      0.03904620558023453
    ],
    "inf_norm": [
      0.6965284943580627,
      0.45904624462127686,
      0.45142608880996704,
      0.46289342641830444,
      0.31321460008621216,
      0.19250279664993286,
      0.18373042345046997
    ]
  },
  "eval": {
    "rel_l2": [
      0.22740691900253296,
      0.27933362126350403,
      0.23722317814826965,
      0.2137366533279419,
      0.1411716490983963,
      0.06800118833780289,
      0.039477892220020294
    ],
    "inf_norm": [
      0.6965287327766418,
      0.45904624462127686,
      0.44838947057724,
      0.4538487195968628,
      0.2706068158149719,
      0.19250279664993286,
      0.15392494201660156
    ]
  },
  "layer_dimensions": {
    "layer_1": 28,
    "layer_2": 28,
    "layer_3": 28,
    "layer_4": 28,
    "layer_5": 28,
    "layer_6": 28,
    "layer_7": 28
  }
}