{
  "layers_analyzed": [
    "layer_1",
    "layer_2",
    "layer_3",
    "layer_4",
    "layer_5"
  ],
  "num_layers": 5,
  "train": {
    "rel_l2": [
      0.169420525431633,
      0.46358156204223633,
      0.06970717757940292,
      0.023603850975632668,
      0.009017503820359707
    ],
    "inf_norm": [
      0.507102370262146,
      1.314227819442749,
      0.33876603841781616,
      0.15559524297714233,
      0.09744590520858765
    ]
  },
  "eval": {
    "rel_l2": [
      0.17262114584445953,
      0.4742409884929657,
      0.07099470496177673,
      0.02399563603103161,
      0.0092467050999403
    ],
    "inf_norm": [
      0.49952346086502075,
      1.314227819442749,
      0.28884732723236084,
      0.12651026248931885,
      0.07557809352874756
    ]
  },
  "layer_dimensions": {
    "layer_1": 70,
    "layer_2": 70,
    "layer_3": 70,
    "layer_4": 70,
    "layer_5": 70
  }
}