{
  "layers_analyzed": [
    "layer_1",
    "layer_2",
    "layer_3",
    "layer_4",
    "layer_5",
    "layer_6",
    "layer_7"
  ],
  "num_layers": 7,
  "train": {
    "rel_l2": [
      0.23435157537460327,
      0.29136922955513,
      0.28907766938209534,
      0.28704312443733215,
      0.30486494302749634,
      0.3332642912864685,
      0.3230985105037689
    ],
    "inf_norm": [
      0.6191826462745667,
      0.6324535608291626,
      0.6244256496429443,
      0.5967916250228882,
      0.644056499004364,
      0.7084844708442688,
      0.7125257253646851
    ]
  },
  "eval": {
    "rel_l2": [
      0.23255622386932373,
      0.28959694504737854,
      0.28785985708236694,
      0.2865337133407593,
      0.3048293888568878,
      0.32993271946907043,
      0.3236982822418213
    ],
    "inf_norm": [
      0.4998871088027954,
      0.6263255476951599,
      0.6109334230422974,
      0.5967916250228882,
      0.644056499004364,
      0.7032580375671387,
      0.7125269770622253
    ]
  },
  "layer_dimensions": {
    "layer_1": 28,
    "layer_2": 28,
    "layer_3": 28,
    "layer_4": 28,
    "layer_5": 28,
    "layer_6": 28,
    "layer_7": 28
  }
}