{
  "layers_analyzed": [
    "layer_1",
    "layer_2",
    "layer_3",
    "layer_4",
    "layer_5",
    "layer_6",
    "layer_7"
  ],
  "num_layers": 7,
  "train": {
    "layer_1": {
      "h_norm": 0.6981592178344727,
      "residual_norm": 4.8804731369018555,
      "residual_inf_norm": 4.8804731369018555,
      "h_t_norm": 1.7255651950836182,
      "h_x_norm": 1.23330557346344,
      "h_xx_norm": 2.7380754947662354,
      "h_tt_norm": 5.6930952072143555
    },
    "layer_2": {
      "h_norm": 0.41216930747032166,
      "residual_norm": 0.359862357378006,
      "residual_inf_norm": 0.359862357378006,
      "h_t_norm": 0.4577256739139557,
      "h_x_norm": 0.4033397138118744,
      "h_xx_norm": 0.42333129048347473,
      "h_tt_norm": 0.5109342336654663
    },
    "layer_3": {
      "h_norm": 0.4195729196071625,
      "residual_norm": 0.4428945779800415,
      "residual_inf_norm": 0.4428945779800415,
      "h_t_norm": 0.4561035633087158,
      "h_x_norm": 0.4173111617565155,
      "h_xx_norm": 0.520431637763977,
      "h_tt_norm": 0.5806046724319458
    },
    "layer_4": {
      "h_norm": 0.41636040806770325,
      "residual_norm": 0.40120434761047363,
      "residual_inf_norm": 0.40120434761047363,
      "h_t_norm": 0.456239253282547,
      "h_x_norm": 0.41232219338417053,
      "h_xx_norm": 0.46280741691589355,
      "h_tt_norm": 0.5216054320335388
    },
    "layer_5": {
      "h_norm": 0.41698387265205383,
      "residual_norm": 0.16392379999160767,
      "residual_inf_norm": 0.16392379999160767,
      "h_t_norm": 0.43159401416778564,
      "h_x_norm": 0.3909880518913269,
      "h_xx_norm": 0.4072670638561249,
      "h_tt_norm": 0.40246668457984924
    },
    "layer_6": {
      "h_norm": 0.42051056027412415,
      "residual_norm": 0.06122629716992378,
      "residual_inf_norm": 0.06122629716992378,
      "h_t_norm": 0.4186095893383026,
      "h_x_norm": 0.3873302638530731,
      "h_xx_norm": 0.4181560277938843,
      "h_tt_norm": 0.4244614839553833
    },
    "layer_7": {
      "h_norm": 0.42004525661468506,
      "residual_norm": 0.029202492907643318,
      "residual_inf_norm": 0.029202492907643318,
      "h_t_norm": 0.4172169864177704,
      "h_x_norm": 0.3889302611351013,
      "h_xx_norm": 0.4191688001155853,
      "h_tt_norm": 0.42203471064567566
    }
  },
  "eval": {
    "layer_1": {
      "h_norm": 0.7004734873771667,
      "residual_norm": 4.832785606384277,
      "residual_inf_norm": 4.832785606384277,
      "h_t_norm": 1.7240251302719116,
      "h_x_norm": 1.236289143562317,
      "h_xx_norm": 2.7715771198272705,
      "h_tt_norm": 5.645748138427734
    },
    "layer_2": {
      "h_norm": 0.41031819581985474,
      "residual_norm": 0.3604126274585724,
      "residual_inf_norm": 0.3604126274585724,
      "h_t_norm": 0.45826229453086853,
      "h_x_norm": 0.40572917461395264,
      "h_xx_norm": 0.4172569215297699,
      "h_tt_norm": 0.5072498321533203
    },
    "layer_3": {
      "h_norm": 0.4181668162345886,
      "residual_norm": 0.4419766068458557,
      "residual_inf_norm": 0.4419766068458557,
      "h_t_norm": 0.4601823389530182,
      "h_x_norm": 0.4168919026851654,
      "h_xx_norm": 0.5154710412025452,
      "h_tt_norm": 0.5796565413475037
    },
    "layer_4": {
      "h_norm": 0.4141087234020233,
      "residual_norm": 0.3990846276283264,
      "residual_inf_norm": 0.3990846276283264,
      "h_t_norm": 0.45791393518447876,
      "h_x_norm": 0.4139586091041565,
      "h_xx_norm": 0.45232343673706055,
      "h_tt_norm": 0.5222243070602417
    },
    "layer_5": {
      "h_norm": 0.4145054817199707,
      "residual_norm": 0.1661001592874527,
      "residual_inf_norm": 0.1661001592874527,
      "h_t_norm": 0.4330461919307709,
      "h_x_norm": 0.3907569348812103,
      "h_xx_norm": 0.40394914150238037,
      "h_tt_norm": 0.4017932713031769
    },
    "layer_6": {
      "h_norm": 0.4178570806980133,
      "residual_norm": 0.060675714164972305,
      "residual_inf_norm": 0.060675714164972305,
      "h_t_norm": 0.41945862770080566,
      "h_x_norm": 0.386450856924057,
      "h_xx_norm": 0.4148663580417633,
      "h_tt_norm": 0.4226604998111725
    },
    "layer_7": {
      "h_norm": 0.4173736572265625,
      "residual_norm": 0.030203798785805702,
      "residual_inf_norm": 0.030203798785805702,
      "h_t_norm": 0.41827234625816345,
      "h_x_norm": 0.38859495520591736,
      "h_xx_norm": 0.4169004261493683,
      "h_tt_norm": 0.4194876253604889
    }
  },
  "layer_norms": {
    "layer_1": {
      "train_residual_l2": 4.8804731369018555,
      "eval_residual_l2": 4.832785606384277,
      "train_residual_linf": 4.8804731369018555,
      "eval_residual_linf": 4.832785606384277
    },
    "layer_2": {
      "train_residual_l2": 0.359862357378006,
      "eval_residual_l2": 0.3604126274585724,
      "train_residual_linf": 0.359862357378006,
      "eval_residual_linf": 0.3604126274585724
    },
    "layer_3": {
      "train_residual_l2": 0.4428945779800415,
      "eval_residual_l2": 0.4419766068458557,
      "train_residual_linf": 0.4428945779800415,
      "eval_residual_linf": 0.4419766068458557
    },
    "layer_4": {
      "train_residual_l2": 0.40120434761047363,
      "eval_residual_l2": 0.3990846276283264,
      "train_residual_linf": 0.40120434761047363,
      "eval_residual_linf": 0.3990846276283264
    },
    "layer_5": {
      "train_residual_l2": 0.16392379999160767,
      "eval_residual_l2": 0.1661001592874527,
      "train_residual_linf": 0.16392379999160767,
      "eval_residual_linf": 0.1661001592874527
    },
    "layer_6": {
      "train_residual_l2": 0.06122629716992378,
      "eval_residual_l2": 0.060675714164972305,
      "train_residual_linf": 0.06122629716992378,
      "eval_residual_linf": 0.060675714164972305
    },
    "layer_7": {
      "train_residual_l2": 0.029202492907643318,
      "eval_residual_l2": 0.030203798785805702,
      "train_residual_linf": 0.029202492907643318,
      "eval_residual_linf": 0.030203798785805702
    }
  },
  "ic": {
    "train": {
      "layer_1": {
        "l2": 1.784156084060669,
        "linf": 1.784156084060669
      },
      "layer_2": {
        "l2": 0.08908400684595108,
        "linf": 0.08908400684595108
      },
      "layer_3": {
        "l2": 0.10273358225822449,
        "linf": 0.10273358225822449
      },
      "layer_4": {
        "l2": 0.106010302901268,
        "linf": 0.106010302901268
      },
      "layer_5": {
        "l2": 0.03309549391269684,
        "linf": 0.03309549391269684
      },
      "layer_6": {
        "l2": 0.010240502655506134,
        "linf": 0.010240502655506134
      },
      "layer_7": {
        "l2": 0.008728109300136566,
        "linf": 0.008728109300136566
      }
    },
    "eval": {
      "layer_1": {
        "l2": 1.8065611124038696,
        "linf": 1.8065611124038696
      },
      "layer_2": {
        "l2": 0.08540166914463043,
        "linf": 0.08540166914463043
      },
      "layer_3": {
        "l2": 0.08404476195573807,
        "linf": 0.08404476195573807
      },
      "layer_4": {
        "l2": 0.1284864991903305,
        "linf": 0.1284864991903305
      },
      "layer_5": {
        "l2": 0.034448400139808655,
        "linf": 0.034448400139808655
      },
      "layer_6": {
        "l2": 0.010563875548541546,
        "linf": 0.010563875548541546
      },
      "layer_7": {
        "l2": 0.0075156367383897305,
        "linf": 0.0075156367383897305
      }
    }
  },
  "bc_value": {
    "train": {
      "layer_1": {
        "l2": 1.2038891315460205,
        "linf": 1.2038891315460205
      },
      "layer_2": {
        "l2": 0.06773354858160019,
        "linf": 0.06773354858160019
      },
      "layer_3": {
        "l2": 0.09671811014413834,
        "linf": 0.09671811014413834
      },
      "layer_4": {
        "l2": 0.07111308723688126,
        "linf": 0.07111308723688126
      },
      "layer_5": {
        "l2": 0.02986845001578331,
        "linf": 0.02986845001578331
      },