{
  "bins": 5,
  "num_classes": 5,
  "num_samples": 4000,
  "layers_analyzed": [
    "layer_1",
    "layer_2",
    "layer_3"
  ],
  "layer_accuracies": {
    "layer_1": 0.233,
    "layer_2": 0.205,
    "layer_3": 0.23475
  },
  "layer_compactness": {
    "layer_1": {
      "intra_class": 0.39834898710250854,
      "intra_class_std": 0.20047148049404595,
      "inter_class_mean": 0.3111516535282135,
      "inter_class_std": 0.3269697427749634
    },
    "layer_2": {
      "intra_class": 0.298282665014267,
      "intra_class_std": 0.14982135177201572,
      "inter_class_mean": 0.19930122792720795,
      "inter_class_std": 0.20181094110012054
    },
    "layer_3": {
      "intra_class": 0.2978343069553375,
      "intra_class_std": 0.1500540645802715,
      "inter_class_mean": 0.21491758525371552,
      "inter_class_std": 0.18181432783603668
    }
  },
  "layer_margins": {
    "layer_1": {
      "mean_margin": -0.10198560357093811,
      "std_margin": 0.18036726117134094,
      "fraction_positive": 0.233
    },
    "layer_2": {
      "mean_margin": -0.07102201133966446,
      "std_margin": 0.11723384261131287,
      "fraction_positive": 0.205
    },
    "layer_3": {
      "mean_margin": -0.06069622561335564,
      "std_margin": 0.1072484478354454,
      "fraction_positive": 0.23475
    }
  }
}