{
  "layers_analyzed": [
    "layer_1",
    "layer_2",
    "layer_3",
    "layer_4",
    "layer_5"
  ],
  "num_layers": 5,
  "train": {
    "layer_1": {
      "h_norm": 0.4140164852142334,
      "residual_norm": 0.3408845365047455,
      "residual_inf_norm": 0.3408845365047455,
      "h_t_norm": 0.4471493065357208,
      "h_x_norm": 0.41226232051849365,
      "h_xx_norm": 0.45470842719078064,
      "h_tt_norm": 0.4599016010761261
    },
    "layer_2": {
      "h_norm": 0.4351728856563568,
      "residual_norm": 1.9201991558074951,
      "residual_inf_norm": 1.9201991558074951,
      "h_t_norm": 0.6596477627754211,
      "h_x_norm": 0.617760956287384,
      "h_xx_norm": 1.3770725727081299,
      "h_tt_norm": 1.657539963722229
    },
    "layer_3": {
      "h_norm": 0.4175144135951996,
      "residual_norm": 0.20838847756385803,
      "residual_inf_norm": 0.20838847756385803,
      "h_t_norm": 0.430905818939209,
      "h_x_norm": 0.3950454890727997,
      "h_xx_norm": 0.39818763732910156,
      "h_tt_norm": 0.4343195855617523
    },
    "layer_4": {
      "h_norm": 0.41965559124946594,
      "residual_norm": 0.10471709817647934,
      "residual_inf_norm": 0.10471709817647934,
      "h_t_norm": 0.42325538396835327,
      "h_x_norm": 0.3890063762664795,
      "h_xx_norm": 0.4186283051967621,
      "h_tt_norm": 0.41415631771087646
    },
    "layer_5": {
      "h_norm": 0.41968271136283875,
      "residual_norm": 0.0007274549570865929,
      "residual_inf_norm": 0.0007274549570865929,
      "h_t_norm": 0.41761523485183716,
      "h_x_norm": 0.38832733035087585,
      "h_xx_norm": 0.4193243384361267,
      "h_tt_norm": 0.4191668629646301
    }
  },
  "eval": {
    "layer_1": {
      "h_norm": 0.4129334092140198,
      "residual_norm": 0.3409998416900635,
      "residual_inf_norm": 0.3409998416900635,
      "h_t_norm": 0.44691362977027893,
      "h_x_norm": 0.41095465421676636,
      "h_xx_norm": 0.4585959315299988,
      "h_tt_norm": 0.4640803933143616
    },
    "layer_2": {
      "h_norm": 0.4297097325325012,
      "residual_norm": 1.9184813499450684,
      "residual_inf_norm": 1.9184813499450684,
      "h_t_norm": 0.6583516597747803,
      "h_x_norm": 0.6165167689323425,
      "h_xx_norm": 1.3659172058105469,
      "h_tt_norm": 1.655705213546753
    },
    "layer_3": {
      "h_norm": 0.4154571294784546,
      "residual_norm": 0.2117890864610672,
      "residual_inf_norm": 0.2117890864610672,
      "h_t_norm": 0.43127763271331787,
      "h_x_norm": 0.3953459560871124,
      "h_xx_norm": 0.3944179117679596,
      "h_tt_norm": 0.4336625039577484
    },
    "layer_4": {
      "h_norm": 0.41687673330307007,
      "residual_norm": 0.10598158836364746,
      "residual_inf_norm": 0.10598158836364746,
      "h_t_norm": 0.4240569770336151,
      "h_x_norm": 0.3885113298892975,
      "h_xx_norm": 0.41636690497398376,
      "h_tt_norm": 0.4113576114177704
    },
    "layer_5": {
      "h_norm": 0.4168859124183655,
      "residual_norm": 0.0007437638705596328,
      "residual_inf_norm": 0.0007437638705596328,
      "h_t_norm": 0.418181836605072,
      "h_x_norm": 0.38770610094070435,
      "h_xx_norm": 0.4164316654205322,
      "h_tt_norm": 0.4162701964378357
    }
  },
  "layer_norms": {
    "layer_1": {
      "train_residual_l2": 0.3408845365047455,
      "eval_residual_l2": 0.3409998416900635,
      "train_residual_linf": 0.3408845365047455,
      "eval_residual_linf": 0.3409998416900635
    },
    "layer_2": {
      "train_residual_l2": 1.9201991558074951,
      "eval_residual_l2": 1.9184813499450684,
      "train_residual_linf": 1.9201991558074951,
      "eval_residual_linf": 1.9184813499450684
    },
    "layer_3": {
      "train_residual_l2": 0.20838847756385803,
      "eval_residual_l2": 0.2117890864610672,
      "train_residual_linf": 0.20838847756385803,
      "eval_residual_linf": 0.2117890864610672
    },
    "layer_4": {
      "train_residual_l2": 0.10471709817647934,
      "eval_residual_l2": 0.10598158836364746,
      "train_residual_linf": 0.10471709817647934,
      "eval_residual_linf": 0.10598158836364746
    },
    "layer_5": {
      "train_residual_l2": 0.0007274549570865929,
      "eval_residual_l2": 0.0007437638705596328,
      "train_residual_linf": 0.0007274549570865929,
      "eval_residual_linf": 0.0007437638705596328
    }
  },
  "ic": {
    "train": {
      "layer_1": {
        "l2": 0.08494973182678223,
        "linf": 0.08494973182678223
      },
      "layer_2": {
        "l2": 0.4358152449131012,
        "linf": 0.4358152449131012
      },
      "layer_3": {
        "l2": 0.04578082635998726,
        "linf": 0.04578082635998726
      },
      "layer_4": {
        "l2": 0.015781298279762268,
        "linf": 0.015781298279762268
      },
      "layer_5": {
        "l2": 0.00014340455527417362,
        "linf": 0.00014340455527417362
      }
    },
    "eval": {
      "layer_1": {
        "l2": 0.0814930722117424,
        "linf": 0.0814930722117424
      },
      "layer_2": {
        "l2": 0.36998412013053894,
        "linf": 0.36998412013053894
      },
      "layer_3": {
        "l2": 0.04444461688399315,
        "linf": 0.04444461688399315
      },
      "layer_4": {
        "l2": 0.016357198357582092,
        "linf": 0.016357198357582092
      },
      "layer_5": {
        "l2": 0.00016943157243076712,
        "linf": 0.00016943157243076712
      }
    }
  },
  "bc_value": {
    "train": {
      "layer_1": {
        "l2": 0.12664349377155304,
        "linf": 0.12664349377155304
      },
      "layer_2": {
        "l2": 0.2833811044692993,
        "linf": 0.2833811044692993
      },
      "layer_3": {
        "l2": 0.059002023190259933,
        "linf": 0.059002023190259933
      },
      "layer_4": {
        "l2": 0.01852087303996086,
        "linf": 0.01852087303996086
      },
      "layer_5": {
        "l2": 0.00016294520173687488,
        "linf": 0.00016294520173687488
      }
    },
    "eval": {
      "layer_1": {
        "l2": 0.12388616800308228,
        "linf": 0.12388616800308228
      },
      "layer_2": {
        "l2": 0.27999168634414673,
        "linf": 0.27999168634414673
      },
      "layer_3": {
        "l2": 0.059888970106840134,
        "linf": 0.059888970106840134
      },
      "layer_4": {
        "l2": 0.015551617369055748,
        "linf": 0.015551617369055748
      },
      "layer_5": {
        "l2": 0.0001531368470750749,
        "linf": 0.0001531368470750749
      }
    }
  },
  "bc_derivative": {
    "train": {},
    "eval": {}
  },
  "final_layer_train_residual": 0.0007274549570865929,
  "final_layer_eval_residual": 0.0007437638705596328,
  "final_layer_train_residual_inf": 0.0007274549570865929,
  "final_layer_eval_residual_inf": 0.0007437638705596328,
  "final_layer_train_ic": {
    "l2": 0.00014340455527417362,
    "linf": 0.00014340455527417362
  },
  "final_layer_eval_ic": {
    "l2": 0.00016943157243076712,
    "linf": 0.00016943157243076712
  },
  "final_layer_train_bc_value": {
    "l2": 0.00016294520173687488,
    "linf": 0.00016294520173687488
  },
  "final_layer_eval_bc_value": {
    "l2": 0.0001531368470750749,
    "linf": 0.0001531368470750749
  },
  "final_layer_train_bc_derivative": {},
  "final_layer_eval_bc_derivative": {}
}