{
  "bins": 5,
  "num_classes": 18,
  "num_samples": 4432,
  "layers_analyzed": [
    "layer_1",
    "layer_2",
    "layer_3",
    "layer_4",
    "layer_5"
  ],
  "layer_accuracies": {
    "layer_1": 0.38515342960288806,
    "layer_2": 0.4253158844765343,
    "layer_3": 0.46796028880866425,
    "layer_4": 0.5110559566787004,
    "layer_5": 0.539485559566787
  },
  "layer_compactness": {
    "layer_1": {
      "intra_class": 0.10352544171758025,
      "intra_class_std": 0.1485294930638325,
      "inter_class_mean": 0.07567131519317627,
      "inter_class_std": 0.06381142139434814
    },
    "layer_2": {
      "intra_class": 0.05294041558816392,
      "intra_class_std": 0.07528630558796497,
      "inter_class_mean": 0.048415012657642365,
      "inter_class_std": 0.042146045714616776
    },
    "layer_3": {
      "intra_class": 0.03057886289231994,
      "intra_class_std": 0.044436726778947354,
      "inter_class_mean": 0.036963269114494324,
      "inter_class_std": 0.033955153077840805
    },
    "layer_4": {
      "intra_class": 0.01900234742817666,
      "intra_class_std": 0.028031174008311892,
      "inter_class_mean": 0.02884269878268242,
      "inter_class_std": 0.028118817135691643
    },
    "layer_5": {
      "intra_class": 0.0121474012869065,
      "intra_class_std": 0.018687182377241467,
      "inter_class_mean": 0.023881103843450546,
      "inter_class_std": 0.02448125183582306
    }
  },
  "layer_margins": {
    "layer_1": {
      "mean_margin": -0.006004770286381245,
      "std_margin": 0.01944756507873535,
      "fraction_positive": 0.38515342960288806
    },
    "layer_2": {
      "mean_margin": -0.0023339707404375076,
      "std_margin": 0.012936033308506012,
      "fraction_positive": 0.4253158844765343
    },
    "layer_3": {
      "mean_margin": -0.000769775768276304,
      "std_margin": 0.011630626395344734,
      "fraction_positive": 0.46796028880866425
    },
    "layer_4": {
      "mean_margin": 1.5591815099469386e-05,
      "std_margin": 0.010762454941868782,
      "fraction_positive": 0.5110559566787004
    },
    "layer_5": {
      "mean_margin": 0.0004107787390239537,
      "std_margin": 0.010938680730760098,
      "fraction_positive": 0.539485559566787
    }
  }
}