{
  "layers_analyzed": [
    "layer_1",
    "layer_2",
    "layer_3",
    "layer_4",
    "layer_5",
    "layer_6",
    "layer_7"
  ],
  "num_layers": 7,
  "train": {
    "rel_l2": [
      0.1499682366847992,
      0.14156363904476166,
      0.122152179479599,
      0.13149875402450562,
      0.049697164446115494,
      0.016140716150403023,
      0.0007913062581792474
    ],
    "inf_norm": [
      0.6328020691871643,
      0.5316733717918396,
      0.42911648750305176,
      0.5771656036376953,
      0.2932586669921875,
      0.06445425748825073,
      0.009692013263702393
    ]
  },
  "eval": {
    "rel_l2": [
      0.15080811083316803,
      0.14398549497127533,
      0.12383401393890381,
      0.13434737920761108,
      0.049630001187324524,
      0.016309024766087532,
      0.0007766872877255082
    ],
    "inf_norm": [
      0.6328020691871643,
      0.46249234676361084,
      0.4229002594947815,
      0.5639887452125549,
      0.27419477701187134,
      0.050821900367736816,
      0.008908450603485107
    ]
  },
  "layer_dimensions": {
    "layer_1": 40,
    "layer_2": 40,
    "layer_3": 40,
    "layer_4": 40,
    "layer_5": 40,
    "layer_6": 40,
    "layer_7": 40
  }
}