{
  "layers_analyzed": [
    "layer_1",
    "layer_2",
    "layer_3",
    "layer_4",
    "layer_5"
  ],
  "num_layers": 5,
  "train": {
    "layer_1": {
      "h_norm": 0.6328395009040833,
      "residual_norm": 2.555445909500122,
      "residual_inf_norm": 2.278150796890259,
      "h_t_norm": 2.7021307945251465,
      "h_x_norm": 0.911874532699585,
      "h_xx_norm": 2.2735612392425537,
      "nonlinear_norm": 1.193816065788269
    },
    "layer_2": {
      "h_norm": 0.6026216149330139,
      "residual_norm": 1.4507733583450317,
      "residual_inf_norm": 1.3029074668884277,
      "h_t_norm": 1.9639559984207153,
      "h_x_norm": 0.8083683252334595,
      "h_xx_norm": 3.1771140098571777,
      "nonlinear_norm": 1.5526881217956543
    },
    "layer_3": {
      "h_norm": 0.5909870862960815,
      "residual_norm": 0.31990864872932434,
      "residual_inf_norm": 0.28794145584106445,
      "h_t_norm": 1.5992741584777832,
      "h_x_norm": 0.6834216117858887,
      "h_xx_norm": 1.8494906425476074,
      "nonlinear_norm": 1.6170001029968262
    },
    "layer_4": {
      "h_norm": 0.5908788442611694,
      "residual_norm": 0.154697448015213,
      "residual_inf_norm": 0.13928410410881042,
      "h_t_norm": 1.5947415828704834,
      "h_x_norm": 0.6797581911087036,
      "h_xx_norm": 1.6923158168792725,
      "nonlinear_norm": 1.6199474334716797
    },
    "layer_5": {
      "h_norm": 0.5907817482948303,
      "residual_norm": 0.09412641823291779,
      "residual_inf_norm": 0.08420981466770172,
      "h_t_norm": 1.5936522483825684,
      "h_x_norm": 0.6782650351524353,
      "h_xx_norm": 1.6737951040267944,
      "nonlinear_norm": 1.620381474494934
    }
  },
  "eval": {
    "layer_1": {
      "h_norm": 0.6568387746810913,
      "residual_norm": 2.7344462871551514,
      "residual_inf_norm": 2.4495511054992676,
      "h_t_norm": 2.9051859378814697,
      "h_x_norm": 0.9830736517906189,
      "h_xx_norm": 2.3134212493896484,
      "nonlinear_norm": 1.3690513372421265
    },
    "layer_2": {
      "h_norm": 0.6202711462974548,
      "residual_norm": 1.5503716468811035,
      "residual_inf_norm": 1.3996456861495972,
      "h_t_norm": 2.023887872695923,
      "h_x_norm": 0.8412690162658691,
      "h_xx_norm": 3.2702040672302246,
      "nonlinear_norm": 1.6054186820983887
    },
    "layer_3": {
      "h_norm": 0.6016197800636292,
      "residual_norm": 0.3359512984752655,
      "residual_inf_norm": 0.3026971220970154,
      "h_t_norm": 1.6408175230026245,
      "h_x_norm": 0.707987368106842,
      "h_xx_norm": 1.725887417793274,
      "nonlinear_norm": 1.6235508918762207
    },
    "layer_4": {
      "h_norm": 0.6013728976249695,
      "residual_norm": 0.16042372584342957,
      "residual_inf_norm": 0.1449885219335556,
      "h_t_norm": 1.6348822116851807,
      "h_x_norm": 0.6972510814666748,
      "h_xx_norm": 1.5436497926712036,
      "nonlinear_norm": 1.6111080646514893
    },
    "layer_5": {
      "h_norm": 0.6012977957725525,
      "residual_norm": 0.09824203699827194,
      "residual_inf_norm": 0.08724557608366013,
      "h_t_norm": 1.6310168504714966,
      "h_x_norm": 0.6966450810432434,
      "h_xx_norm": 1.5363984107971191,
      "nonlinear_norm": 1.6157500743865967
    }
  },
  "layer_norms": {
    "layer_1": {
      "train_residual_l2": 2.555445909500122,
      "eval_residual_l2": 2.7344462871551514,
      "train_residual_linf": 2.278150796890259,
      "eval_residual_linf": 2.4495511054992676
    },
    "layer_2": {
      "train_residual_l2": 1.4507733583450317,
      "eval_residual_l2": 1.5503716468811035,
      "train_residual_linf": 1.3029074668884277,
      "eval_residual_linf": 1.3996456861495972
    },
    "layer_3": {
      "train_residual_l2": 0.31990864872932434,
      "eval_residual_l2": 0.3359512984752655,
      "train_residual_linf": 0.28794145584106445,
      "eval_residual_linf": 0.3026971220970154
    },
    "layer_4": {
      "train_residual_l2": 0.154697448015213,
      "eval_residual_l2": 0.16042372584342957,
      "train_residual_linf": 0.13928410410881042,
      "eval_residual_linf": 0.1449885219335556
    },
    "layer_5": {
      "train_residual_l2": 0.09412641823291779,
      "eval_residual_l2": 0.09824203699827194,
      "train_residual_linf": 0.08420981466770172,
      "eval_residual_linf": 0.08724557608366013
    }
  },
  "ic": {
    "train": {
      "layer_1": {
        "l2": 0.6346218585968018,
        "linf": 0.5818307995796204
      },
      "layer_2": {
        "l2": 0.17015089094638824,
        "linf": 0.15541552007198334
      },
      "layer_3": {
        "l2": 0.02785457670688629,
        "linf": 0.025351889431476593
      },
      "layer_4": {
        "l2": 0.009532041847705841,
        "linf": 0.009024692699313164
      },
      "layer_5": {
        "l2": 0.005907872226089239,
        "linf": 0.005220575723797083
      }
    },
    "eval": {
      "layer_1": {
        "l2": 0.6027456521987915,
        "linf": 0.5451831221580505
      },
      "layer_2": {
        "l2": 0.17930112779140472,
        "linf": 0.1624743938446045
      },
      "layer_3": {
        "l2": 0.02651774324476719,
        "linf": 0.024343455210328102
      },
      "layer_4": {
        "l2": 0.009408557787537575,
        "linf": 0.008669723756611347
      },
      "layer_5": {
        "l2": 0.00609686179086566,
        "linf": 0.005410692188888788
      }
    }
  },
  "bc_value": {
    "train": {
      "layer_1": {
        "l2": 0.5485467910766602,
        "linf": 0.48093539476394653
      },
      "layer_2": {
        "l2": 0.2590636909008026,
        "linf": 0.24489429593086243
      },
      "layer_3": {
        "l2": 0.02607000060379505,
        "linf": 0.024711646139621735
      },
      "layer_4": {
        "l2": 0.00434119813144207,
        "linf": 0.004140082746744156
      },
      "layer_5": {
        "l2": 0.006212340667843819,
        "linf": 0.005657817702740431
      }
    },
    "eval": {
      "layer_1": {
        "l2": 0.5301766991615295,
        "linf": 0.46438294649124146
      },
      "layer_2": {
        "l2": 0.17419180274009705,
        "linf": 0.1595199555158615
      },
      "layer_3": {
        "l2": 0.02154463529586792,
        "linf": 0.020025622099637985
      },
      "layer_4": {
        "l2": 0.005048148334026337,
        "linf": 0.004833024926483631
      },
      "layer_5": {
        "l2": 0.0055883764289319515,
        "linf": 0.005130565259605646
      }
    }
  },
  "bc_derivative": {
    "train": {
      "layer_1": {
        "l2": 3.1497724056243896,
        "linf": 2.6765129566192627
      },
      "layer_2": {
        "l2": 0.3235439956188202,
        "linf": 0.2552488148212433
      },
      "layer_3": {
        "l2": 0.09867561608552933,
        "linf": 0.08401454985141754
      },
      "layer_4": {
        "l2": 0.03033914789557457,
        "linf": 0.027667906135320663
      },
      "layer_5": {
        "l2": 0.0275812316685915,
        "linf": 0.02563932165503502
      }
    },
    "eval": {
      "layer_1": {
        "l2": 3.187629222869873,
        "linf": 2.6020379066467285
      },
      "layer_2": {
        "l2": 0.29658374190330505,
        "linf": 0.23858976364135742
      },
      "layer_3": {
        "l2": 0.09892933815717697,
        "linf": 0.08214405924081802
      },
      "layer_4": {
        "l2": 0.03075472079217434,
        "linf": 0.02850647270679474
      },
      "layer_5": {
        "l2": 0.02907983399927616,
        "linf": 0.0266818106174469
      }
    }
  },
  "final_layer_train_residual": 0.09412641823291779,
  "final_layer_eval_residual": 0.09824203699827194,
  "final_layer_train_residual_inf": 0.08420981466770172,
  "final_layer_eval_residual_inf": 0.08724557608366013,
  "final_layer_train_ic": {
    "l2": 0.005907872226089239,
    "linf": 0.005220575723797083
  },
  "final_layer_eval_ic": {
    "l2": 0.00609686179086566,
    "linf": 0.005410692188888788
  },
  "final_layer_train_bc_value": {
    "l2": 0.006212340667843819,
    "linf": 0.005657817702740431
  },