{
  "bins": 5,
  "num_classes": 5,
  "num_samples": 4000,
  "layers_analyzed": [
    "layer_1",
    "layer_2",
    "layer_3"
  ],
  "layer_accuracies": {
    "layer_1": 0.23275,
    "layer_2": 0.2655,
    "layer_3": 0.333
  },
  "layer_compactness": {
    "layer_1": {
      "intra_class": 0.414989972114563,
      "intra_class_std": 0.20888529370196826,
      "inter_class_mean": 0.31281137466430664,
      "inter_class_std": 0.3189854323863983
    },
    "layer_2": {
      "intra_class": 0.2616405725479126,
      "intra_class_std": 0.13120728044699878,
      "inter_class_mean": 0.19005648791790009,
      "inter_class_std": 0.1721624881029129
    },
    "layer_3": {
      "intra_class": 0.24877310991287233,
      "intra_class_std": 0.12486046686153886,
      "inter_class_mean": 0.21469822525978088,
      "inter_class_std": 0.14614754915237427
    }
  },
  "layer_margins": {
    "layer_1": {
      "mean_margin": -0.10184124112129211,
      "std_margin": 0.17066587507724762,
      "fraction_positive": 0.23275
    },
    "layer_2": {
      "mean_margin": -0.04154670611023903,
      "std_margin": 0.08233755081892014,
      "fraction_positive": 0.2655
    },
    "layer_3": {
      "mean_margin": -0.03026190772652626,
      "std_margin": 0.06711161136627197,
      "fraction_positive": 0.333
    }
  }
}