{
  "layers_analyzed": [
    "layer_1",
    "layer_2",
    "layer_3",
    "layer_4",
    "layer_5",
    "layer_6",
    "layer_7"
  ],
  "num_layers": 7,
  "train": {
    "rel_l2": [
      0.28391265869140625,
      0.153728187084198,
      0.1668764054775238,
      0.1006370261311531,
      0.05415038764476776,
      0.02311282604932785,
      0.014572931453585625
    ],
    "inf_norm": [
      0.5951395034790039,
      0.42380040884017944,
      0.34496498107910156,
      0.4260687828063965,
      0.1556343138217926,
      0.14659619331359863,
      0.1083943247795105
    ]
  },
  "eval": {
    "rel_l2": [
      0.2830064594745636,
      0.15384751558303833,
      0.16539034247398376,
      0.1021101325750351,
      0.05449876934289932,
      0.023085294291377068,
      0.014766575768589973
    ],
    "inf_norm": [
      0.5951395034790039,
      0.398379385471344,
      0.32180315256118774,
      0.4203673005104065,
      0.14801278710365295,
      0.14295727014541626,
      0.08748352527618408
    ]
  },
  "layer_dimensions": {
    "layer_1": 40,
    "layer_2": 40,
    "layer_3": 40,
    "layer_4": 40,
    "layer_5": 40,
    "layer_6": 40,
    "layer_7": 40
  }
}