{
  "layers_analyzed": [
    "layer_1",
    "layer_2",
    "layer_3",
    "layer_4",
    "layer_5"
  ],
  "num_layers": 5,
  "train": {
    "rel_l2": [
      0.4226325750350952,
      0.2487201690673828,
      0.08767205476760864,
      0.058433886617422104,
      0.03487246483564377
    ],
    "inf_norm": [
      1.081426978111267,
      0.8760074377059937,
      0.6857508420944214,
      0.44825270771980286,
      0.2621929347515106
    ]
  },
  "eval": {
    "rel_l2": [
      0.42406126856803894,
      0.25159749388694763,
      0.08802615851163864,
      0.059823885560035706,
      0.035004958510398865
    ],
    "inf_norm": [
      1.0801200866699219,
      0.8431527614593506,
      0.6857504844665527,
      0.44147929549217224,
      0.22591270506381989
    ]
  },
  "layer_dimensions": {
    "layer_1": 50,
    "layer_2": 50,
    "layer_3": 50,
    "layer_4": 50,
    "layer_5": 50
  }
}