{
  "layers_analyzed": [
    "layer_1",
    "layer_2",
    "layer_3",
    "layer_4",
    "layer_5",
    "layer_6",
    "layer_7"
  ],
  "num_layers": 7,
  "train": {
    "rel_l2": [
      0.9288560152053833,
      0.2860138714313507,
      114.17478942871094,
      0.13056062161922455,
      0.04976288601756096,
      0.006154248025268316,
      0.001813083654269576
    ],
    "inf_norm": [
      3.8072333335876465,
      1.6795823574066162,
      1153.51611328125,
      0.6107316017150879,
      0.2699020504951477,
      0.037143170833587646,
      0.006550358608365059
    ]
  },
  "eval": {
    "rel_l2": [
      0.9721409678459167,
      0.3028174936771393,
      119.16682434082031,
      0.13742110133171082,
      0.05183735117316246,
      0.006468408741056919,
      0.0018492143135517836
    ],
    "inf_norm": [
      3.6411116123199463,
      1.6279628276824951,
      525.6768188476562,
      0.4890676736831665,
      0.26987916231155396,
      0.030147969722747803,
      0.005365867167711258
    ]
  },
  "layer_dimensions": {
    "layer_1": 80,
    "layer_2": 80,
    "layer_3": 80,
    "layer_4": 80,
    "layer_5": 80,
    "layer_6": 80,
    "layer_7": 80
  }
}