{
  "bins": 5,
  "num_classes": 5,
  "num_samples": 4000,
  "layers_analyzed": [
    "layer_1",
    "layer_2",
    "layer_3"
  ],
  "layer_accuracies": {
    "layer_1": 0.51375,
    "layer_2": 0.55925,
    "layer_3": 0.575
  },
  "layer_compactness": {
    "layer_1": {
      "intra_class": 0.24890168905258178,
      "intra_class_std": 0.20098677066119783,
      "inter_class_mean": 0.4901282489299774,
      "inter_class_std": 0.2083980143070221
    },
    "layer_2": {
      "intra_class": 0.35187279582023623,
      "intra_class_std": 0.2793163418581252,
      "inter_class_mean": 0.8159975409507751,
      "inter_class_std": 0.352050244808197
    },
    "layer_3": {
      "intra_class": 0.22514993846416473,
      "intra_class_std": 0.20327223302945052,
      "inter_class_mean": 0.5985347032546997,
      "inter_class_std": 0.3007540702819824
    }
  },
  "layer_margins": {
    "layer_1": {
      "mean_margin": -0.026949940249323845,
      "std_margin": 0.23536317050457,
      "fraction_positive": 0.51375
    },
    "layer_2": {
      "mean_margin": 0.029132980853319168,
      "std_margin": 0.4198935329914093,
      "fraction_positive": 0.55925
    },
    "layer_3": {
      "mean_margin": 0.01546358224004507,
      "std_margin": 0.29371654987335205,
      "fraction_positive": 0.575
    }
  }
}