{
  "layers_analyzed": [
    "layer_1",
    "layer_2",
    "layer_3",
    "layer_4",
    "layer_5",
    "layer_6",
    "layer_7"
  ],
  "num_layers": 7,
  "train": {
    "layer_1": {
      "h_norm": 0.4156169295310974,
      "residual_norm": 0.16728074848651886,
      "residual_inf_norm": 0.16728074848651886,
      "h_t_norm": 0.44422149658203125,
      "h_x_norm": 0.41388067603111267,
      "h_xx_norm": 0.43366992473602295,
      "h_tt_norm": 0.4464215338230133
    },
    "layer_2": {
      "h_norm": 0.41575169563293457,
      "residual_norm": 0.23409099876880646,
      "residual_inf_norm": 0.23409099876880646,
      "h_t_norm": 0.44969630241394043,
      "h_x_norm": 0.4108564555644989,
      "h_xx_norm": 0.4247514009475708,
      "h_tt_norm": 0.4308055639266968
    },
    "layer_3": {
      "h_norm": 0.4159904420375824,
      "residual_norm": 0.25172072649002075,
      "residual_inf_norm": 0.25172072649002075,
      "h_t_norm": 0.4443361163139343,
      "h_x_norm": 0.40128737688064575,
      "h_xx_norm": 0.3952845633029938,
      "h_tt_norm": 0.46384188532829285
    },
    "layer_4": {
      "h_norm": 0.4147852063179016,
      "residual_norm": 0.31269198656082153,
      "residual_inf_norm": 0.31269198656082153,
      "h_t_norm": 0.4433272182941437,
      "h_x_norm": 0.4039073586463928,
      "h_xx_norm": 0.4112963080406189,
      "h_tt_norm": 0.4683540165424347
    },
    "layer_5": {
      "h_norm": 0.4194701313972473,
      "residual_norm": 0.10827192664146423,
      "residual_inf_norm": 0.10827192664146423,
      "h_t_norm": 0.42561060190200806,
      "h_x_norm": 0.3891039192676544,
      "h_xx_norm": 0.42020758986473083,
      "h_tt_norm": 0.40280842781066895
    },
    "layer_6": {
      "h_norm": 0.41964617371559143,
      "residual_norm": 0.04451277479529381,
      "residual_inf_norm": 0.04451277479529381,
      "h_t_norm": 0.4185318648815155,
      "h_x_norm": 0.38922446966171265,
      "h_xx_norm": 0.4186125099658966,
      "h_tt_norm": 0.4208546280860901
    },
    "layer_7": {
      "h_norm": 0.419657438993454,
      "residual_norm": 0.0009287801804021001,
      "residual_inf_norm": 0.0009287801804021001,
      "h_t_norm": 0.41765183210372925,
      "h_x_norm": 0.38839831948280334,
      "h_xx_norm": 0.41902098059654236,
      "h_tt_norm": 0.41905611753463745
    }
  },
  "eval": {
    "layer_1": {
      "h_norm": 0.4133223295211792,
      "residual_norm": 0.16816391050815582,
      "residual_inf_norm": 0.16816391050815582,
      "h_t_norm": 0.44854500889778137,
      "h_x_norm": 0.4114573895931244,
      "h_xx_norm": 0.4288843870162964,
      "h_tt_norm": 0.44580692052841187
    },
    "layer_2": {
      "h_norm": 0.4134131669998169,
      "residual_norm": 0.23567752540111542,
      "residual_inf_norm": 0.23567752540111542,
      "h_t_norm": 0.45216506719589233,
      "h_x_norm": 0.41094011068344116,
      "h_xx_norm": 0.4198094308376312,
      "h_tt_norm": 0.4301217198371887
    },
    "layer_3": {
      "h_norm": 0.413823664188385,
      "residual_norm": 0.2505180537700653,
      "residual_inf_norm": 0.2505180537700653,
      "h_t_norm": 0.44725313782691956,
      "h_x_norm": 0.40078774094581604,
      "h_xx_norm": 0.39225441217422485,
      "h_tt_norm": 0.46419060230255127
    },
    "layer_4": {
      "h_norm": 0.4132547974586487,
      "residual_norm": 0.31744951009750366,
      "residual_inf_norm": 0.31744951009750366,
      "h_t_norm": 0.448060005903244,
      "h_x_norm": 0.40377315878868103,
      "h_xx_norm": 0.40978220105171204,
      "h_tt_norm": 0.47050249576568604
    },
    "layer_5": {
      "h_norm": 0.4168265163898468,
      "residual_norm": 0.10849300026893616,
      "residual_inf_norm": 0.10849300026893616,
      "h_t_norm": 0.42613163590431213,
      "h_x_norm": 0.38841891288757324,
      "h_xx_norm": 0.4169306755065918,
      "h_tt_norm": 0.40076112747192383
    },
    "layer_6": {
      "h_norm": 0.4167918562889099,
      "residual_norm": 0.04529654234647751,
      "residual_inf_norm": 0.04529654234647751,
      "h_t_norm": 0.41939637064933777,
      "h_x_norm": 0.38837942481040955,
      "h_xx_norm": 0.41562432050704956,
      "h_tt_norm": 0.4181717336177826
    },
    "layer_7": {
      "h_norm": 0.41686105728149414,
      "residual_norm": 0.0009427108452655375,
      "residual_inf_norm": 0.0009427108452655375,
      "h_t_norm": 0.4182153642177582,
      "h_x_norm": 0.38779938220977783,
      "h_xx_norm": 0.4161575734615326,
      "h_tt_norm": 0.4161800444126129
    }
  },
  "layer_norms": {
    "layer_1": {
      "train_residual_l2": 0.16728074848651886,
      "eval_residual_l2": 0.16816391050815582,
      "train_residual_linf": 0.16728074848651886,
      "eval_residual_linf": 0.16816391050815582
    },
    "layer_2": {
      "train_residual_l2": 0.23409099876880646,
      "eval_residual_l2": 0.23567752540111542,
      "train_residual_linf": 0.23409099876880646,
      "eval_residual_linf": 0.23567752540111542
    },
    "layer_3": {
      "train_residual_l2": 0.25172072649002075,
      "eval_residual_l2": 0.2505180537700653,
      "train_residual_linf": 0.25172072649002075,
      "eval_residual_linf": 0.2505180537700653
    },
    "layer_4": {
      "train_residual_l2": 0.31269198656082153,
      "eval_residual_l2": 0.31744951009750366,
      "train_residual_linf": 0.31269198656082153,
      "eval_residual_linf": 0.31744951009750366
    },
    "layer_5": {
      "train_residual_l2": 0.10827192664146423,
      "eval_residual_l2": 0.10849300026893616,
      "train_residual_linf": 0.10827192664146423,
      "eval_residual_linf": 0.10849300026893616
    },
    "layer_6": {
      "train_residual_l2": 0.04451277479529381,
      "eval_residual_l2": 0.04529654234647751,
      "train_residual_linf": 0.04451277479529381,
      "eval_residual_linf": 0.04529654234647751
    },
    "layer_7": {
      "train_residual_l2": 0.0009287801804021001,
      "eval_residual_l2": 0.0009427108452655375,
      "train_residual_linf": 0.0009287801804021001,
      "eval_residual_linf": 0.0009427108452655375
    }
  },
  "ic": {
    "train": {
      "layer_1": {
        "l2": 0.11427801847457886,
        "linf": 0.11427801847457886
      },
      "layer_2": {
        "l2": 0.12001164257526398,
        "linf": 0.12001164257526398
      },
      "layer_3": {
        "l2": 0.10714820772409439,
        "linf": 0.10714820772409439
      },
      "layer_4": {
        "l2": 0.09760386496782303,
        "linf": 0.09760386496782303
      },
      "layer_5": {
        "l2": 0.04438212886452675,
        "linf": 0.04438212886452675
      },
      "layer_6": {
        "l2": 0.01792236603796482,
        "linf": 0.01792236603796482
      },
      "layer_7": {
        "l2": 0.0002240721951238811,
        "linf": 0.0002240721951238811
      }
    },
    "eval": {
      "layer_1": {
        "l2": 0.1293204128742218,
        "linf": 0.1293204128742218
      },
      "layer_2": {
        "l2": 0.11978701502084732,
        "linf": 0.11978701502084732
      },
      "layer_3": {
        "l2": 0.0870048999786377,
        "linf": 0.0870048999786377
      },
      "layer_4": {
        "l2": 0.0896698385477066,
        "linf": 0.0896698385477066
      },
      "layer_5": {
        "l2": 0.03727944195270538,
        "linf": 0.03727944195270538
      },
      "layer_6": {
        "l2": 0.019992180168628693,
        "linf": 0.019992180168628693
      },
      "layer_7": {
        "l2": 0.0002444639685563743,
        "linf": 0.0002444639685563743
      }
    }
  },
  "bc_value": {
    "train": {
      "layer_1": {
        "l2": 1.2737224102020264,
        "linf": 1.2737224102020264
      },
      "layer_2": {
        "l2": 1.248556137084961,
        "linf": 1.248556137084961
      },
      "layer_3": {
        "l2": 1.2349544763565063,
        "linf": 1.2349544763565063
      },
      "layer_4": {
        "l2": 1.2576797008514404,
        "linf": 1.2576797008514404
      },
      "layer_5": {
        "l2": 1.184592843055725,
        "linf": 1.184592843055725
      },