{
  "bins": 5,
  "num_classes": 5,
  "num_samples": 4000,
  "layers_analyzed": [
    "layer_1",
    "layer_2",
    "layer_3",
    "layer_4",
    "layer_5",
    "layer_6",
    "layer_7"
  ],
  "layer_accuracies": {
    "layer_1": 0.213,
    "layer_2": 0.24475,
    "layer_3": 0.23525,
    "layer_4": 0.26525,
    "layer_5": 0.36825,
    "layer_6": 0.39825,
    "layer_7": 0.37625
  },
  "layer_compactness": {
    "layer_1": {
      "intra_class": 0.40404747128486634,
      "intra_class_std": 0.20368906027353478,
      "inter_class_mean": 0.3110731542110443,
      "inter_class_std": 0.3228304088115692
    },
    "layer_2": {
      "intra_class": 0.21323704719543457,
      "intra_class_std": 0.10735806427012799,
      "inter_class_mean": 0.15836003422737122,
      "inter_class_std": 0.15636159479618073
    },
    "layer_3": {
      "intra_class": 0.16530711352825164,
      "intra_class_std": 0.08311358283334133,
      "inter_class_mean": 0.11929915100336075,
      "inter_class_std": 0.10612130910158157
    },
    "layer_4": {
      "intra_class": 0.19333757758140563,
      "intra_class_std": 0.09704481639920881,
      "inter_class_mean": 0.15066765248775482,
      "inter_class_std": 0.12416218221187592
    },
    "layer_5": {
      "intra_class": 0.2196879804134369,
      "intra_class_std": 0.11044035933536149,
      "inter_class_mean": 0.19019189476966858,
      "inter_class_std": 0.1421602964401245
    },
    "layer_6": {
      "intra_class": 0.2521088123321533,
      "intra_class_std": 0.1268707332306039,
      "inter_class_mean": 0.2084890455007553,
      "inter_class_std": 0.1347232460975647
    },
    "layer_7": {
      "intra_class": 0.2663331925868988,
      "intra_class_std": 0.13599877361348037,
      "inter_class_mean": 0.22708211839199066,
      "inter_class_std": 0.11619021743535995
    }
  },
  "layer_margins": {
    "layer_1": {
      "mean_margin": -0.10576489567756653,
      "std_margin": 0.1796674281358719,
      "fraction_positive": 0.213
    },
    "layer_2": {
      "mean_margin": -0.051037151366472244,
      "std_margin": 0.0873246043920517,
      "fraction_positive": 0.24475
    },
    "layer_3": {
      "mean_margin": -0.0328187569975853,
      "std_margin": 0.060789626091718674,
      "fraction_positive": 0.23525
    },
    "layer_4": {
      "mean_margin": -0.03657285496592522,
      "std_margin": 0.0727996677160263,
      "fraction_positive": 0.26525
    },
    "layer_5": {
      "mean_margin": -0.03940081596374512,
      "std_margin": 0.08473355323076248,
      "fraction_positive": 0.36825
    },
    "layer_6": {
      "mean_margin": -0.02921779453754425,
      "std_margin": 0.07402586936950684,
      "fraction_positive": 0.39825
    },
    "layer_7": {
      "mean_margin": -0.023067476227879524,
      "std_margin": 0.06395900994539261,
      "fraction_positive": 0.37625
    }
  }
}