{
  "bins": 5,
  "num_classes": 18,
  "num_samples": 4432,
  "layers_analyzed": [
    "layer_1",
    "layer_2",
    "layer_3"
  ],
  "layer_accuracies": {
    "layer_1": 0.35153429602888087,
    "layer_2": 0.33867328519855594,
    "layer_3": 0.37883574007220217
  },
  "layer_compactness": {
    "layer_1": {
      "intra_class": 0.10662339137123726,
      "intra_class_std": 0.14932197436442052,
      "inter_class_mean": 0.0759044736623764,
      "inter_class_std": 0.06049434095621109
    },
    "layer_2": {
      "intra_class": 0.05690092640682239,
      "intra_class_std": 0.07647136553631394,
      "inter_class_mean": 0.047316137701272964,
      "inter_class_std": 0.04152105003595352
    },
    "layer_3": {
      "intra_class": 0.03297492356190817,
      "intra_class_std": 0.044566849089785254,
      "inter_class_mean": 0.029487475752830505,
      "inter_class_std": 0.0269112940877676
    }
  },
  "layer_margins": {
    "layer_1": {
      "mean_margin": -0.008054398000240326,
      "std_margin": 0.022967888042330742,
      "fraction_positive": 0.35153429602888087
    },
    "layer_2": {
      "mean_margin": -0.005142843816429377,
      "std_margin": 0.016585862264037132,
      "fraction_positive": 0.33867328519855594
    },
    "layer_3": {
      "mean_margin": -0.0024388234596699476,
      "std_margin": 0.009678175672888756,
      "fraction_positive": 0.37883574007220217
    }
  }
}