{
  "layers_analyzed": [
    "layer_1",
    "layer_2",
    "layer_3",
    "layer_4",
    "layer_5"
  ],
  "num_layers": 5,
  "train": {
    "rel_l2": [
      0.18548384308815002,
      0.25529012084007263,
      0.1427050232887268,
      0.06466600298881531,
      0.013129631988704205
    ],
    "inf_norm": [
      0.5864457488059998,
      0.5035948753356934,
      0.414497971534729,
      0.4004228115081787,
      0.08369827270507812
    ]
  },
  "eval": {
    "rel_l2": [
      0.18655066192150116,
      0.25396835803985596,
      0.14428316056728363,
      0.06420508027076721,
      0.012904897332191467
    ],
    "inf_norm": [
      0.5764017701148987,
      0.49053090810775757,
      0.4126162528991699,
      0.37450987100601196,
      0.08281522989273071
    ]
  },
  "layer_dimensions": {
    "layer_1": 36,
    "layer_2": 36,
    "layer_3": 36,
    "layer_4": 36,
    "layer_5": 36
  }
}