{
  "train_loss_epochs": [
    1,
    2,
    3,
    4,
    5,
    6,
    7,
    8,
    9,
    10
  ],
  "train_loss": [
    0.5017091060155507,
    0.29141475487776913,
    0.19520368403173052,
    0.12803358202800155,
    0.18567626241128893,
    0.12935544615611433,
    0.10674114857101813,
    0.11951519150752574,
    0.10110027536284179,
    0.10737187112681568
  ],
  "epochs": [
    1,
    5,
    10
  ],
  "eval_loss": [
    0.32154942269941483,
    0.11335643505056699,
    0.07875252608209848
  ],
  "train_rel_l2": [
    0.9470910489559173,
    0.8667398914694786,
    0.871737451851368
  ],
  "eval_rel_l2": [
    1.0324546297391255,
    2.395038584868113,
    1.8132560849189758
  ]
}