{
  "bins": 6,
  "num_classes": 36,
  "num_samples": 1040,
  "layers_analyzed": [
    "layer_1",
    "layer_2",
    "layer_3",
    "layer_4",
    "layer_5"
  ],
  "layer_accuracies": {
    "layer_1": 0.027884615384615386,
    "layer_2": 0.038461538461538464,
    "layer_3": 0.4269230769230769,
    "layer_4": 0.6096153846153847,
    "layer_5": 0.6740384615384616
  },
  "layer_compactness": {
    "layer_1": {
      "intra_class": 0.749049346555363,
      "inter_class_mean": 1.766540288925171,
      "inter_class_std": 1.2616963386535645
    },
    "layer_2": {
      "intra_class": 0.5688543892042204,
      "inter_class_mean": 1.6010490655899048,
      "inter_class_std": 1.189794898033142
    },
    "layer_3": {
      "intra_class": 0.31868951818482444,
      "inter_class_mean": 1.3174924850463867,
      "inter_class_std": 1.0442883968353271
    },
    "layer_4": {
      "intra_class": 0.21028844876722855,
      "inter_class_mean": 1.2849448919296265,
      "inter_class_std": 1.0737831592559814
    },
    "layer_5": {
      "intra_class": 0.10984900178895755,
      "inter_class_mean": 0.9137077927589417,
      "inter_class_std": 0.7753622531890869
    }
  },
  "layer_margins": {
    "layer_1": {
      "mean_margin": -0.5088627338409424,
      "std_margin": 0.371171772480011,
      "fraction_positive": 0.027884615384615386
    },
    "layer_2": {
      "mean_margin": -0.32073739171028137,
      "std_margin": 0.23706220090389252,
      "fraction_positive": 0.038461538461538464
    },
    "layer_3": {
      "mean_margin": -0.06477678567171097,
      "std_margin": 0.21277184784412384,
      "fraction_positive": 0.4269230769230769
    },
    "layer_4": {
      "mean_margin": 0.052197813987731934,
      "std_margin": 0.2236347496509552,
      "fraction_positive": 0.6096153846153847
    },
    "layer_5": {
      "mean_margin": 0.07403422892093658,
      "std_margin": 0.18886105716228485,
      "fraction_positive": 0.6740384615384616
    }
  }
}