{
  "epochs": [
    1,
    2,
    3,
    4,
    5,
    6,
    7,
    8,
    9,
    10
  ],
  "train_loss": [
    0.700107404589653,
    0.3376725256443024,
    0.265763471275568,
    0.21141431704163552,
    0.1855173170566559,
    0.1596998989582062,
    NaN,
    0.12289228588342667,
    0.11773267053067685,
    0.11516366451978684
  ],
  "eval_loss": [
    0.15491996705532074,
    0.10415749065577984,
    0.09134090815981229,
    0.08412905596196651,
    0.07373006269335747,
    0.06664079427719116,
    0.07783809304237366,
    0.07152655969063441,
    0.07391667117675145,
    0.06994958470265071
  ],
  "train_rel_l2": [
    0.8894748747348785,
    0.8826214969158173,
    0.8453412413597107,
    0.8467734754085541,
    0.8114607274532318,
    0.8020573675632476,
    0.8203884780406951,
    0.833832061290741,
    0.8192419648170471,
    0.7940308213233948
  ],
  "eval_rel_l2": [
    0.86936883131663,
    0.8275101582209269,
    0.8167734146118164,
    0.794662078221639,
    0.767219086488088,
    0.7509410977363586,
    0.7476255098978678,
    0.7581544717152914,
    0.7397875785827637,
    0.735225776831309
  ]
}