{
  "bins": 6,
  "num_classes": 10,
  "num_samples": 360,
  "layers_analyzed": [
    "layer_1",
    "layer_2",
    "layer_3"
  ],
  "layer_accuracies": {
    "layer_1": 0.15,
    "layer_2": 0.22777777777777777,
    "layer_3": 0.44722222222222224
  },
  "layer_compactness": {
    "layer_1": {
      "intra_class": 1.5173828959465028,
      "inter_class_mean": 1.3084502220153809,
      "inter_class_std": 0.6819357872009277
    },
    "layer_2": {
      "intra_class": 1.2507474422454834,
      "inter_class_mean": 1.2042959928512573,
      "inter_class_std": 0.6386623382568359
    },
    "layer_3": {
      "intra_class": 0.6166349291801453,
      "inter_class_mean": 0.7933263778686523,
      "inter_class_std": 0.45933616161346436
    }
  },
  "layer_margins": {
    "layer_1": {
      "mean_margin": -0.4161198139190674,
      "std_margin": 0.3848857283592224,
      "fraction_positive": 0.15
    },
    "layer_2": {
      "mean_margin": -0.3350798189640045,
      "std_margin": 0.37276914715766907,
      "fraction_positive": 0.22777777777777777
    },
    "layer_3": {
      "mean_margin": -0.0867515504360199,
      "std_margin": 0.21645954251289368,
      "fraction_positive": 0.44722222222222224
    }
  }
}