{
  "bins": 5,
  "num_classes": 18,
  "num_samples": 4432,
  "layers_analyzed": [
    "layer_1",
    "layer_2",
    "layer_3",
    "layer_4",
    "layer_5",
    "layer_6",
    "layer_7"
  ],
  "layer_accuracies": {
    "layer_1": 0.33574007220216606,
    "layer_2": 0.3689079422382672,
    "layer_3": 0.41335740072202165,
    "layer_4": 0.4550992779783393,
    "layer_5": 0.4821750902527076,
    "layer_6": 0.5746841155234657,
    "layer_7": 0.7109657039711191
  },
  "layer_compactness": {
    "layer_1": {
      "intra_class": 1.1062885512914538,
      "intra_class_std": 1.4700975937443264,
      "inter_class_mean": 0.7347564697265625,
      "inter_class_std": 0.6123958230018616
    },
    "layer_2": {
      "intra_class": 1.5669227298440722,
      "intra_class_std": 1.3955189907327255,
      "inter_class_mean": 1.254111409187317,
      "inter_class_std": 0.7434269785881042
    },
    "layer_3": {
      "intra_class": 1.5896580433892906,
      "intra_class_std": 1.1637984396594974,
      "inter_class_mean": 1.5239908695220947,
      "inter_class_std": 0.7099340558052063
    },
    "layer_4": {
      "intra_class": 1.5475508218147018,
      "intra_class_std": 1.0048040158195053,
      "inter_class_mean": 1.9322434663772583,
      "inter_class_std": 0.9057513475418091
    },
    "layer_5": {
      "intra_class": 1.7474552457863899,
      "intra_class_std": 1.0381763529699877,
      "inter_class_mean": 2.4912047386169434,
      "inter_class_std": 1.114391803741455
    },
    "layer_6": {
      "intra_class": 1.786277789219707,
      "intra_class_std": 1.019028584745377,
      "inter_class_mean": 3.253284454345703,
      "inter_class_std": 1.4223473072052002
    },
    "layer_7": {
      "intra_class": 1.486952516442803,
      "intra_class_std": 0.8632470993983529,
      "inter_class_mean": 4.341456890106201,
      "inter_class_std": 1.8837308883666992
    }
  },
  "layer_margins": {
    "layer_1": {
      "mean_margin": -0.08471347391605377,
      "std_margin": 0.23186442255973816,
      "fraction_positive": 0.33574007220216606
    },
    "layer_2": {
      "mean_margin": -0.11649738252162933,
      "std_margin": 0.28960397839546204,
      "fraction_positive": 0.3689079422382672
    },
    "layer_3": {
      "mean_margin": -0.10536789894104004,
      "std_margin": 0.3065743148326874,
      "fraction_positive": 0.41335740072202165
    },
    "layer_4": {
      "mean_margin": -0.07437949627637863,
      "std_margin": 0.3493191599845886,
      "fraction_positive": 0.4550992779783393
    },
    "layer_5": {
      "mean_margin": -0.057659827172756195,
      "std_margin": 0.41221722960472107,
      "fraction_positive": 0.4821750902527076
    },
    "layer_6": {
      "mean_margin": 0.06108267605304718,
      "std_margin": 0.47097986936569214,
      "fraction_positive": 0.5746841155234657
    },
    "layer_7": {
      "mean_margin": 0.26509934663772583,
      "std_margin": 0.599275529384613,
      "fraction_positive": 0.7109657039711191
    }
  }
}