{
  "layers_analyzed": [
    "layer_1",
    "layer_2",
    "layer_3",
    "layer_4",
    "layer_5"
  ],
  "num_layers": 5,
  "train": {
    "layer_1": {
      "h_norm": 0.41519689559936523,
      "residual_norm": 0.2947596311569214,
      "residual_inf_norm": 0.2947596311569214,
      "h_t_norm": 0.43308278918266296,
      "h_x_norm": 0.4281974136829376,
      "h_xx_norm": 0.47301584482192993,
      "h_tt_norm": 0.4336273968219757
    },
    "layer_2": {
      "h_norm": 0.4118664860725403,
      "residual_norm": 0.23508881032466888,
      "residual_inf_norm": 0.23508881032466888,
      "h_t_norm": 0.44350165128707886,
      "h_x_norm": 0.4032660126686096,
      "h_xx_norm": 0.4104061424732208,
      "h_tt_norm": 0.4189694821834564
    },
    "layer_3": {
      "h_norm": 0.413617342710495,
      "residual_norm": 0.2899385392665863,
      "residual_inf_norm": 0.2899385392665863,
      "h_t_norm": 0.43713852763175964,
      "h_x_norm": 0.41278183460235596,
      "h_xx_norm": 0.4178999364376068,
      "h_tt_norm": 0.4192568361759186
    },
    "layer_4": {
      "h_norm": 0.4167526960372925,
      "residual_norm": 0.10737268626689911,
      "residual_inf_norm": 0.10737268626689911,
      "h_t_norm": 0.42194604873657227,
      "h_x_norm": 0.3929748237133026,
      "h_xx_norm": 0.3934570252895355,
      "h_tt_norm": 0.4081500470638275
    },
    "layer_5": {
      "h_norm": 0.4196442663669586,
      "residual_norm": 0.0013430584222078323,
      "residual_inf_norm": 0.0013430584222078323,
      "h_t_norm": 0.4177630841732025,
      "h_x_norm": 0.388568639755249,
      "h_xx_norm": 0.41885730624198914,
      "h_tt_norm": 0.4188796579837799
    }
  },
  "eval": {
    "layer_1": {
      "h_norm": 0.4133141338825226,
      "residual_norm": 0.29938751459121704,
      "residual_inf_norm": 0.29938751459121704,
      "h_t_norm": 0.43623673915863037,
      "h_x_norm": 0.4316939413547516,
      "h_xx_norm": 0.47484761476516724,
      "h_tt_norm": 0.4329864978790283
    },
    "layer_2": {
      "h_norm": 0.41070857644081116,
      "residual_norm": 0.23553627729415894,
      "residual_inf_norm": 0.23553627729415894,
      "h_t_norm": 0.4446537494659424,
      "h_x_norm": 0.4045984148979187,
      "h_xx_norm": 0.4108354449272156,
      "h_tt_norm": 0.4169316589832306
    },
    "layer_3": {
      "h_norm": 0.4113022983074188,
      "residual_norm": 0.2892683446407318,
      "residual_inf_norm": 0.2892683446407318,
      "h_t_norm": 0.4392036497592926,
      "h_x_norm": 0.4139712154865265,
      "h_xx_norm": 0.4133965075016022,
      "h_tt_norm": 0.416769415140152
    },
    "layer_4": {
      "h_norm": 0.4147513508796692,
      "residual_norm": 0.10742447525262833,
      "residual_inf_norm": 0.10742447525262833,
      "h_t_norm": 0.42352181673049927,
      "h_x_norm": 0.3919227719306946,
      "h_xx_norm": 0.3930186927318573,
      "h_tt_norm": 0.40876221656799316
    },
    "layer_5": {
      "h_norm": 0.41684773564338684,
      "residual_norm": 0.001357812900096178,
      "residual_inf_norm": 0.001357812900096178,
      "h_t_norm": 0.41833099722862244,
      "h_x_norm": 0.387984961271286,
      "h_xx_norm": 0.4159959554672241,
      "h_tt_norm": 0.41600584983825684
    }
  },
  "layer_norms": {
    "layer_1": {
      "train_residual_l2": 0.2947596311569214,
      "eval_residual_l2": 0.29938751459121704,
      "train_residual_linf": 0.2947596311569214,
      "eval_residual_linf": 0.29938751459121704
    },
    "layer_2": {
      "train_residual_l2": 0.23508881032466888,
      "eval_residual_l2": 0.23553627729415894,
      "train_residual_linf": 0.23508881032466888,
      "eval_residual_linf": 0.23553627729415894
    },
    "layer_3": {
      "train_residual_l2": 0.2899385392665863,
      "eval_residual_l2": 0.2892683446407318,
      "train_residual_linf": 0.2899385392665863,
      "eval_residual_linf": 0.2892683446407318
    },
    "layer_4": {
      "train_residual_l2": 0.10737268626689911,
      "eval_residual_l2": 0.10742447525262833,
      "train_residual_linf": 0.10737268626689911,
      "eval_residual_linf": 0.10742447525262833
    },
    "layer_5": {
      "train_residual_l2": 0.0013430584222078323,
      "eval_residual_l2": 0.001357812900096178,
      "train_residual_linf": 0.0013430584222078323,
      "eval_residual_linf": 0.001357812900096178
    }
  },
  "ic": {
    "train": {
      "layer_1": {
        "l2": 0.09829626977443695,
        "linf": 0.09829626977443695
      },
      "layer_2": {
        "l2": 0.061404213309288025,
        "linf": 0.061404213309288025
      },
      "layer_3": {
        "l2": 0.11243586242198944,
        "linf": 0.11243586242198944
      },
      "layer_4": {
        "l2": 0.03231757506728172,
        "linf": 0.03231757506728172
      },
      "layer_5": {
        "l2": 0.0004930602153763175,
        "linf": 0.0004930602153763175
      }
    },
    "eval": {
      "layer_1": {
        "l2": 0.07846271246671677,
        "linf": 0.07846271246671677
      },
      "layer_2": {
        "l2": 0.064381904900074,
        "linf": 0.064381904900074
      },
      "layer_3": {
        "l2": 0.11232122778892517,
        "linf": 0.11232122778892517
      },
      "layer_4": {
        "l2": 0.029385840520262718,
        "linf": 0.029385840520262718
      },
      "layer_5": {
        "l2": 0.00045706541277468204,
        "linf": 0.00045706541277468204
      }
    }
  },
  "bc_value": {
    "train": {
      "layer_1": {
        "l2": 0.18174108862876892,
        "linf": 0.18174108862876892
      },
      "layer_2": {
        "l2": 0.12037287652492523,
        "linf": 0.12037287652492523
      },
      "layer_3": {
        "l2": 0.11644438654184341,
        "linf": 0.11644438654184341
      },
      "layer_4": {
        "l2": 0.055547233670949936,
        "linf": 0.055547233670949936
      },
      "layer_5": {
        "l2": 0.000794142484664917,
        "linf": 0.000794142484664917
      }
    },
    "eval": {
      "layer_1": {
        "l2": 0.20214378833770752,
        "linf": 0.20214378833770752
      },
      "layer_2": {
        "l2": 0.12957172095775604,
        "linf": 0.12957172095775604
      },
      "layer_3": {
        "l2": 0.13048240542411804,
        "linf": 0.13048240542411804
      },
      "layer_4": {
        "l2": 0.04980991408228874,
        "linf": 0.04980991408228874
      },
      "layer_5": {
        "l2": 0.000720093259587884,
        "linf": 0.000720093259587884
      }
    }
  },
  "bc_derivative": {
    "train": {},
    "eval": {}
  },
  "final_layer_train_residual": 0.0013430584222078323,
  "final_layer_eval_residual": 0.001357812900096178,
  "final_layer_train_residual_inf": 0.0013430584222078323,
  "final_layer_eval_residual_inf": 0.001357812900096178,
  "final_layer_train_ic": {
    "l2": 0.0004930602153763175,
    "linf": 0.0004930602153763175
  },
  "final_layer_eval_ic": {
    "l2": 0.00045706541277468204,
    "linf": 0.00045706541277468204
  },
  "final_layer_train_bc_value": {
    "l2": 0.000794142484664917,
    "linf": 0.000794142484664917
  },
  "final_layer_eval_bc_value": {
    "l2": 0.000720093259587884,
    "linf": 0.000720093259587884
  },
  "final_layer_train_bc_derivative": {},
  "final_layer_eval_bc_derivative": {}
}