{
  "bins": 5,
  "num_classes": 18,
  "num_samples": 4432,
  "layers_analyzed": [
    "layer_1",
    "layer_2",
    "layer_3",
    "layer_4",
    "layer_5",
    "layer_6",
    "layer_7"
  ],
  "layer_accuracies": {
    "layer_1": 0.3316787003610108,
    "layer_2": 0.36755415162454874,
    "layer_3": 0.41132671480144406,
    "layer_4": 0.46796028880866425,
    "layer_5": 0.5424187725631769,
    "layer_6": 0.5907039711191335,
    "layer_7": 0.6193592057761733
  },
  "layer_compactness": {
    "layer_1": {
      "intra_class": 0.10674172543790109,
      "intra_class_std": 0.14809893968051935,
      "inter_class_mean": 0.07306819409132004,
      "inter_class_std": 0.059827517718076706
    },
    "layer_2": {
      "intra_class": 0.064995967989463,
      "intra_class_std": 0.08730131822148017,
      "inter_class_mean": 0.05095693841576576,
      "inter_class_std": 0.04493269696831703
    },
    "layer_3": {
      "intra_class": 0.04307746821867569,
      "intra_class_std": 0.05882017870756768,
      "inter_class_mean": 0.04043072462081909,
      "inter_class_std": 0.0386640764772892
    },
    "layer_4": {
      "intra_class": 0.029452609176145464,
      "intra_class_std": 0.04122235368376928,
      "inter_class_mean": 0.03502989187836647,
      "inter_class_std": 0.03530551865696907
    },
    "layer_5": {
      "intra_class": 0.018131224493571137,
      "intra_class_std": 0.026486502257439072,
      "inter_class_mean": 0.031861450523138046,
      "inter_class_std": 0.03398776426911354
    },
    "layer_6": {
      "intra_class": 0.013048521673388139,
      "intra_class_std": 0.020290961209729754,
      "inter_class_mean": 0.029568545520305634,
      "inter_class_std": 0.03270033374428749
    },
    "layer_7": {
      "intra_class": 0.009375374652192589,
      "intra_class_std": 0.015524304531684642,
      "inter_class_mean": 0.025372644886374474,
      "inter_class_std": 0.028913842514157295
    }
  },
  "layer_margins": {
    "layer_1": {
      "mean_margin": -0.008558817207813263,
      "std_margin": 0.022114872932434082,
      "fraction_positive": 0.3316787003610108
    },
    "layer_2": {
      "mean_margin": -0.004656494595110416,
      "std_margin": 0.01487827766686678,
      "fraction_positive": 0.36755415162454874
    },
    "layer_3": {
      "mean_margin": -0.002160589210689068,
      "std_margin": 0.012136459350585938,
      "fraction_positive": 0.41132671480144406
    },
    "layer_4": {
      "mean_margin": -0.0006760043324902654,
      "std_margin": 0.011903011240065098,
      "fraction_positive": 0.46796028880866425
    },
    "layer_5": {
      "mean_margin": 0.0006510700332000852,
      "std_margin": 0.013842763379216194,
      "fraction_positive": 0.5424187725631769
    },
    "layer_6": {
      "mean_margin": 0.0012928086798638105,
      "std_margin": 0.015270422212779522,
      "fraction_positive": 0.5907039711191335
    },
    "layer_7": {
      "mean_margin": 0.0013144077965989709,
      "std_margin": 0.014931054785847664,
      "fraction_positive": 0.6193592057761733
    }
  }
}