{
  "bins": 5,
  "num_classes": 5,
  "num_samples": 4000,
  "layers_analyzed": [
    "layer_1",
    "layer_2",
    "layer_3",
    "layer_4",
    "layer_5"
  ],
  "layer_accuracies": {
    "layer_1": 0.22725,
    "layer_2": 0.25725,
    "layer_3": 0.261,
    "layer_4": 0.33575,
    "layer_5": 0.3245
  },
  "layer_compactness": {
    "layer_1": {
      "intra_class": 0.4057094812393188,
      "intra_class_std": 0.2041055674871728,
      "inter_class_mean": 0.29796507954597473,
      "inter_class_std": 0.3070158064365387
    },
    "layer_2": {
      "intra_class": 0.2320048987865448,
      "intra_class_std": 0.11662782103921927,
      "inter_class_mean": 0.17517054080963135,
      "inter_class_std": 0.16529728472232819
    },
    "layer_3": {
      "intra_class": 0.23597766757011412,
      "intra_class_std": 0.11839972138498571,
      "inter_class_mean": 0.17308516800403595,
      "inter_class_std": 0.14329609274864197
    },
    "layer_4": {
      "intra_class": 0.291223931312561,
      "intra_class_std": 0.14615770081992666,
      "inter_class_mean": 0.2287500649690628,
      "inter_class_std": 0.17217901349067688
    },
    "layer_5": {
      "intra_class": 0.31350052952766416,
      "intra_class_std": 0.15756740082400125,
      "inter_class_mean": 0.2625384032726288,
      "inter_class_std": 0.17558418214321136
    }
  },
  "layer_margins": {
    "layer_1": {
      "mean_margin": -0.11143555492162704,
      "std_margin": 0.18028007447719574,
      "fraction_positive": 0.22725
    },
    "layer_2": {
      "mean_margin": -0.05102207139134407,
      "std_margin": 0.08978867530822754,
      "fraction_positive": 0.25725
    },
    "layer_3": {
      "mean_margin": -0.03540055453777313,
      "std_margin": 0.06996899843215942,
      "fraction_positive": 0.261
    },
    "layer_4": {
      "mean_margin": -0.04038029909133911,
      "std_margin": 0.08493129909038544,
      "fraction_positive": 0.33575
    },
    "layer_5": {
      "mean_margin": -0.0510752908885479,
      "std_margin": 0.0893949568271637,
      "fraction_positive": 0.3245
    }
  }
}