{
  "bins": 5,
  "num_classes": 5,
  "num_samples": 4000,
  "layers_analyzed": [
    "layer_1",
    "layer_2",
    "layer_3",
    "layer_4",
    "layer_5",
    "layer_6",
    "layer_7"
  ],
  "layer_accuracies": {
    "layer_1": 0.5195,
    "layer_2": 0.60125,
    "layer_3": 0.57025,
    "layer_4": 0.578,
    "layer_5": 0.60025,
    "layer_6": 0.594,
    "layer_7": 0.68975
  },
  "layer_compactness": {
    "layer_1": {
      "intra_class": 0.15503863096237183,
      "intra_class_std": 0.12609167825634457,
      "inter_class_mean": 0.26668402552604675,
      "inter_class_std": 0.11035174876451492
    },
    "layer_2": {
      "intra_class": 0.26876615881919863,
      "intra_class_std": 0.22386719167631883,
      "inter_class_mean": 0.5229910016059875,
      "inter_class_std": 0.22332444787025452
    },
    "layer_3": {
      "intra_class": 0.28004029393196106,
      "intra_class_std": 0.24772681394128512,
      "inter_class_mean": 0.6429576277732849,
      "inter_class_std": 0.34039971232414246
    },
    "layer_4": {
      "intra_class": 0.24869414269924164,
      "intra_class_std": 0.22548280706526308,
      "inter_class_mean": 0.6104641556739807,
      "inter_class_std": 0.32856887578964233
    },
    "layer_5": {
      "intra_class": 0.25577729642391206,
      "intra_class_std": 0.21989520634189716,
      "inter_class_mean": 0.6466414332389832,
      "inter_class_std": 0.3236420452594757
    },
    "layer_6": {
      "intra_class": 0.24092071056365966,
      "intra_class_std": 0.2008195737203069,
      "inter_class_mean": 0.6643430590629578,
      "inter_class_std": 0.29830971360206604
    },
    "layer_7": {
      "intra_class": 0.15393270403146744,
      "intra_class_std": 0.1141760900269701,
      "inter_class_mean": 0.4894216060638428,
      "inter_class_std": 0.22654995322227478
    }
  },
  "layer_margins": {
    "layer_1": {
      "mean_margin": -0.015070614404976368,
      "std_margin": 0.13035278022289276,
      "fraction_positive": 0.5195
    },
    "layer_2": {
      "mean_margin": 0.009799158200621605,
      "std_margin": 0.27126339077949524,
      "fraction_positive": 0.60125
    },
    "layer_3": {
      "mean_margin": 0.007907592691481113,
      "std_margin": 0.348532110452652,
      "fraction_positive": 0.57025
    },
    "layer_4": {
      "mean_margin": 0.015133860521018505,
      "std_margin": 0.3279566764831543,
      "fraction_positive": 0.578
    },
    "layer_5": {
      "mean_margin": 0.04218605160713196,
      "std_margin": 0.3277307152748108,
      "fraction_positive": 0.60025
    },
    "layer_6": {
      "mean_margin": 0.06858502328395844,
      "std_margin": 0.3034566044807434,
      "fraction_positive": 0.594
    },
    "layer_7": {
      "mean_margin": 0.09676257520914078,
      "std_margin": 0.16076138615608215,
      "fraction_positive": 0.68975
    }
  }
}