{
  "bins": 5,
  "num_classes": 18,
  "num_samples": 4432,
  "layers_analyzed": [
    "layer_1",
    "layer_2",
    "layer_3",
    "layer_4",
    "layer_5"
  ],
  "layer_accuracies": {
    "layer_1": 0.3368682310469314,
    "layer_2": 0.38334837545126355,
    "layer_3": 0.43772563176895307,
    "layer_4": 0.4453971119133574,
    "layer_5": 0.5006768953068592
  },
  "layer_compactness": {
    "layer_1": {
      "intra_class": 0.10755632731987062,
      "intra_class_std": 0.150723873003953,
      "inter_class_mean": 0.07519812136888504,
      "inter_class_std": 0.05987066030502319
    },
    "layer_2": {
      "intra_class": 0.05998493814471958,
      "intra_class_std": 0.08270375691066531,
      "inter_class_mean": 0.04614875093102455,
      "inter_class_std": 0.037517134100198746
    },
    "layer_3": {
      "intra_class": 0.03454921655499622,
      "intra_class_std": 0.0481410401411116,
      "inter_class_mean": 0.03428751602768898,
      "inter_class_std": 0.03125545382499695
    },
    "layer_4": {
      "intra_class": 0.023007916649626797,
      "intra_class_std": 0.03264262367074585,
      "inter_class_mean": 0.028064467012882233,
      "inter_class_std": 0.027704322710633278
    },
    "layer_5": {
      "intra_class": 0.01449429831255659,
      "intra_class_std": 0.021317125888120052,
      "inter_class_mean": 0.022062093019485474,
      "inter_class_std": 0.023160474374890327
    }
  },
  "layer_margins": {
    "layer_1": {
      "mean_margin": -0.008558650501072407,
      "std_margin": 0.024254335090517998,
      "fraction_positive": 0.3368682310469314
    },
    "layer_2": {
      "mean_margin": -0.0036706954706460238,
      "std_margin": 0.012465118430554867,
      "fraction_positive": 0.38334837545126355
    },
    "layer_3": {
      "mean_margin": -0.0014814625028520823,
      "std_margin": 0.010106174275279045,
      "fraction_positive": 0.43772563176895307
    },
    "layer_4": {
      "mean_margin": -0.0008511228370480239,
      "std_margin": 0.01005565095692873,
      "fraction_positive": 0.4453971119133574
    },
    "layer_5": {
      "mean_margin": -6.6338543547317386e-06,
      "std_margin": 0.009433240629732609,
      "fraction_positive": 0.5006768953068592
    }
  }
}