{
  "train_loss_epochs": [
    1,
    2,
    3,
    4,
    5,
    6,
    7,
    8,
    9,
    10
  ],
  "train_loss": [
    0.3814960743038682,
    0.1824454246496316,
    0.10425169973168522,
    0.13261025126557796,
    0.09086420752573758,
    0.09463941603899002,
    0.07540249562589452,
    0.06203663856722415,
    0.06738403788767755,
    0.08995147440582514
  ],
  "epochs": [
    1,
    2,
    3,
    4,
    5,
    6,
    7,
    8,
    9,
    10
  ],
  "eval_loss": [
    0.11555621967030068,
    0.07096470178415377,
    0.06658621691167355,
    0.05704699642956257,
    0.050212440391381584,
    0.04550451785326004,
    0.043888259679079056,
    0.053640744648873806,
    0.04195131982366244,
    0.04036767687648535
  ],
  "train_rel_l2": [
    0.9292131423950195,
    0.8725687995553016,
    0.8702941298484802,
    0.873835688829422,
    0.8705442547798157,
    0.8792319282889366,
    0.8765040874481201,
    0.8768272146582603,
    0.8763417586684227,
    0.8856192126870155
  ],
  "eval_rel_l2": [
    1.1088229020436604,
    2.1370834906895957,
    2.1416145165761313,
    2.1322023471196494,
    1.761974612871806,
    1.654284377892812,
    1.5640144149462383,
    1.5460606416066487,
    1.241734464963277,
    1.194851557413737
  ],
  "train_inf_norm": [
    3.8117713749408724,
    4.191691833734512,
    4.23866982460022,
    4.267318230867386,
    4.287142837047577,
    4.342461466789246,
    4.344864392280579,
    4.338232344388961,
    4.432205218076706,
    4.337137174606323
  ],
  "eval_inf_norm": [
    2.6661850810050964,
    2.967728907863299,
    3.029939442873001,
    3.0517058422168097,
    3.03906903664271,
    3.0566795468330383,
    3.071654289960861,
    3.083854248126348,
    3.0768652707338333,
    3.039674130578836
  ]
}