{
  "layers_analyzed": [
    "layer_1",
    "layer_2",
    "layer_3",
    "layer_4",
    "layer_5"
  ],
  "num_layers": 5,
  "train": {
    "layer_1": {
      "h_norm": 0.42222514748573303,
      "residual_norm": 0.4684177339076996,
      "residual_inf_norm": 0.4684177339076996,
      "h_t_norm": 0.44931137561798096,
      "h_x_norm": 0.4163770377635956,
      "h_xx_norm": 0.4865424931049347,
      "h_tt_norm": 0.5704108476638794
    },
    "layer_2": {
      "h_norm": 0.4130469560623169,
      "residual_norm": 0.9628838300704956,
      "residual_inf_norm": 0.9628838300704956,
      "h_t_norm": 0.5104413032531738,
      "h_x_norm": 0.4416753351688385,
      "h_xx_norm": 0.6029881834983826,
      "h_tt_norm": 1.068251609802246
    },
    "layer_3": {
      "h_norm": 0.4176209568977356,
      "residual_norm": 0.3522637188434601,
      "residual_inf_norm": 0.3522637188434601,
      "h_t_norm": 0.4463840126991272,
      "h_x_norm": 0.39760175347328186,
      "h_xx_norm": 0.44826218485832214,
      "h_tt_norm": 0.5283117294311523
    },
    "layer_4": {
      "h_norm": 0.4191068708896637,
      "residual_norm": 0.07821538299322128,
      "residual_inf_norm": 0.07821538299322128,
      "h_t_norm": 0.41988852620124817,
      "h_x_norm": 0.3890640437602997,
      "h_xx_norm": 0.41693562269210815,
      "h_tt_norm": 0.43218183517456055
    },
    "layer_5": {
      "h_norm": 0.4194779694080353,
      "residual_norm": 0.01012834906578064,
      "residual_inf_norm": 0.01012834906578064,
      "h_t_norm": 0.418698251247406,
      "h_x_norm": 0.3886580765247345,
      "h_xx_norm": 0.41756686568260193,
      "h_tt_norm": 0.41621074080467224
    }
  },
  "eval": {
    "layer_1": {
      "h_norm": 0.42065197229385376,
      "residual_norm": 0.46557292342185974,
      "residual_inf_norm": 0.46557292342185974,
      "h_t_norm": 0.4514921009540558,
      "h_x_norm": 0.4174475371837616,
      "h_xx_norm": 0.49171218276023865,
      "h_tt_norm": 0.5614272356033325
    },
    "layer_2": {
      "h_norm": 0.4119800329208374,
      "residual_norm": 0.9867508411407471,
      "residual_inf_norm": 0.9867508411407471,
      "h_t_norm": 0.5157061219215393,
      "h_x_norm": 0.4390977919101715,
      "h_xx_norm": 0.6086462736129761,
      "h_tt_norm": 1.0917928218841553
    },
    "layer_3": {
      "h_norm": 0.4148723781108856,
      "residual_norm": 0.3634015619754791,
      "residual_inf_norm": 0.3634015619754791,
      "h_t_norm": 0.4492054879665375,
      "h_x_norm": 0.3976883590221405,
      "h_xx_norm": 0.44667860865592957,
      "h_tt_norm": 0.5430424809455872
    },
    "layer_4": {
      "h_norm": 0.416286826133728,
      "residual_norm": 0.07727295905351639,
      "residual_inf_norm": 0.07727295905351639,
      "h_t_norm": 0.421265572309494,
      "h_x_norm": 0.3883231580257416,
      "h_xx_norm": 0.4143460988998413,
      "h_tt_norm": 0.4275086522102356
    },
    "layer_5": {
      "h_norm": 0.416719526052475,
      "residual_norm": 0.010241739451885223,
      "residual_inf_norm": 0.010241739451885223,
      "h_t_norm": 0.41929498314857483,
      "h_x_norm": 0.38816308975219727,
      "h_xx_norm": 0.41479501128196716,
      "h_tt_norm": 0.4135854244232178
    }
  },
  "layer_norms": {
    "layer_1": {
      "train_residual_l2": 0.4684177339076996,
      "eval_residual_l2": 0.46557292342185974,
      "train_residual_linf": 0.4684177339076996,
      "eval_residual_linf": 0.46557292342185974
    },
    "layer_2": {
      "train_residual_l2": 0.9628838300704956,
      "eval_residual_l2": 0.9867508411407471,
      "train_residual_linf": 0.9628838300704956,
      "eval_residual_linf": 0.9867508411407471
    },
    "layer_3": {
      "train_residual_l2": 0.3522637188434601,
      "eval_residual_l2": 0.3634015619754791,
      "train_residual_linf": 0.3522637188434601,
      "eval_residual_linf": 0.3634015619754791
    },
    "layer_4": {
      "train_residual_l2": 0.07821538299322128,
      "eval_residual_l2": 0.07727295905351639,
      "train_residual_linf": 0.07821538299322128,
      "eval_residual_linf": 0.07727295905351639
    },
    "layer_5": {
      "train_residual_l2": 0.01012834906578064,
      "eval_residual_l2": 0.010241739451885223,
      "train_residual_linf": 0.01012834906578064,
      "eval_residual_linf": 0.010241739451885223
    }
  },
  "ic": {
    "train": {
      "layer_1": {
        "l2": 0.1158268004655838,
        "linf": 0.1158268004655838
      },
      "layer_2": {
        "l2": 0.24041078984737396,
        "linf": 0.24041078984737396
      },
      "layer_3": {
        "l2": 0.07550683617591858,
        "linf": 0.07550683617591858
      },
      "layer_4": {
        "l2": 0.017478426918387413,
        "linf": 0.017478426918387413
      },
      "layer_5": {
        "l2": 0.003081986214965582,
        "linf": 0.003081986214965582
      }
    },
    "eval": {
      "layer_1": {
        "l2": 0.08833114802837372,
        "linf": 0.08833114802837372
      },
      "layer_2": {
        "l2": 0.20863975584506989,
        "linf": 0.20863975584506989
      },
      "layer_3": {
        "l2": 0.08202215284109116,
        "linf": 0.08202215284109116
      },
      "layer_4": {
        "l2": 0.016353502869606018,
        "linf": 0.016353502869606018
      },
      "layer_5": {
        "l2": 0.0029698244761675596,
        "linf": 0.0029698244761675596
      }
    }
  },
  "bc_value": {
    "train": {
      "layer_1": {
        "l2": 1.132623553276062,
        "linf": 1.132623553276062
      },
      "layer_2": {
        "l2": 1.222388505935669,
        "linf": 1.222388505935669
      },
      "layer_3": {
        "l2": 1.261310338973999,
        "linf": 1.261310338973999
      },
      "layer_4": {
        "l2": 1.1845489740371704,
        "linf": 1.1845489740371704
      },
      "layer_5": {
        "l2": 1.1820552349090576,
        "linf": 1.1820552349090576
      }
    },
    "eval": {
      "layer_1": {
        "l2": 1.0081156492233276,
        "linf": 1.0081156492233276
      },
      "layer_2": {
        "l2": 1.108904480934143,
        "linf": 1.108904480934143
      },
      "layer_3": {
        "l2": 1.1450895071029663,
        "linf": 1.1450895071029663
      },
      "layer_4": {
        "l2": 1.0646122694015503,
        "linf": 1.0646122694015503
      },
      "layer_5": {
        "l2": 1.059598684310913,
        "linf": 1.059598684310913
      }
    }
  },
  "bc_derivative": {
    "train": {
      "layer_1": {
        "l2": 0.4654584527015686,
        "linf": 0.4654584527015686
      },
      "layer_2": {
        "l2": 0.48721396923065186,
        "linf": 0.48721396923065186
      },
      "layer_3": {
        "l2": 0.2563064694404602,
        "linf": 0.2563064694404602
      },
      "layer_4": {
        "l2": 0.11618028581142426,
        "linf": 0.11618028581142426
      },
      "layer_5": {
        "l2": 0.026741208508610725,
        "linf": 0.026741208508610725
      }
    },
    "eval": {
      "layer_1": {
        "l2": 0.35569700598716736,
        "linf": 0.35569700598716736
      },
      "layer_2": {
        "l2": 0.2845875322818756,
        "linf": 0.2845875322818756
      },
      "layer_3": {
        "l2": 0.23439574241638184,
        "linf": 0.23439574241638184
      },
      "layer_4": {
        "l2": 0.12791959941387177,
        "linf": 0.12791959941387177
      },
      "layer_5": {
        "l2": 0.0261746346950531,
        "linf": 0.0261746346950531
      }
    }
  },
  "final_layer_train_residual": 0.01012834906578064,
  "final_layer_eval_residual": 0.010241739451885223,
  "final_layer_train_residual_inf": 0.01012834906578064,
  "final_layer_eval_residual_inf": 0.010241739451885223,
  "final_layer_train_ic": {
    "l2": 0.003081986214965582,
    "linf": 0.003081986214965582
  },
  "final_layer_eval_ic": {
    "l2": 0.0029698244761675596,
    "linf": 0.0029698244761675596
  },
  "final_layer_train_bc_value": {
    "l2": 1.1820552349090576,
    "linf": 1.1820552349090576
  },