{
  "layers_analyzed": [
    "layer_1",
    "layer_2",
    "layer_3",
    "layer_4",
    "layer_5",
    "layer_6",
    "layer_7"
  ],
  "num_layers": 7,
  "train": {
    "layer_1": {
      "h_norm": 2.4014813899993896,
      "residual_norm": 53.10442352294922,
      "residual_inf_norm": 50.869659423828125,
      "h_t_norm": 14.544708251953125,
      "h_x_norm": 6.214885234832764,
      "h_xx_norm": 18.04649543762207,
      "nonlinear_norm": 48.972572326660156
    },
    "layer_2": {
      "h_norm": 0.9148352146148682,
      "residual_norm": 7.071961402893066,
      "residual_inf_norm": 6.303956031799316,
      "h_t_norm": 5.473361968994141,
      "h_x_norm": 2.1100780963897705,
      "h_xx_norm": 9.392813682556152,
      "nonlinear_norm": 3.2748970985412598
    },
    "layer_3": {
      "h_norm": 0.5926516056060791,
      "residual_norm": 0.5863704085350037,
      "residual_inf_norm": 0.5263864994049072,
      "h_t_norm": 1.6724451780319214,
      "h_x_norm": 0.7057141065597534,
      "h_xx_norm": 1.9853647947311401,
      "nonlinear_norm": 1.572560429573059
    },
    "layer_4": {
      "h_norm": 0.5914322733879089,
      "residual_norm": 0.32568180561065674,
      "residual_inf_norm": 0.2931687831878662,
      "h_t_norm": 1.6422724723815918,
      "h_x_norm": 0.6814107894897461,
      "h_xx_norm": 1.7760910987854004,
      "nonlinear_norm": 1.6086658239364624
    },
    "layer_5": {
      "h_norm": 0.591175377368927,
      "residual_norm": 0.19597411155700684,
      "residual_inf_norm": 0.17715021967887878,
      "h_t_norm": 1.5992093086242676,
      "h_x_norm": 0.6813492774963379,
      "h_xx_norm": 1.7290221452713013,
      "nonlinear_norm": 1.6181663274765015
    },
    "layer_6": {
      "h_norm": 0.5908113121986389,
      "residual_norm": 0.09728522598743439,
      "residual_inf_norm": 0.08729314804077148,
      "h_t_norm": 1.5935301780700684,
      "h_x_norm": 0.6779378652572632,
      "h_xx_norm": 1.683797001838684,
      "nonlinear_norm": 1.6203672885894775
    },
    "layer_7": {
      "h_norm": 0.5907924175262451,
      "residual_norm": 0.006021551787853241,
      "residual_inf_norm": 0.005469071678817272,
      "h_t_norm": 1.5901325941085815,
      "h_x_norm": 0.6774867177009583,
      "h_xx_norm": 1.672037124633789,
      "nonlinear_norm": 1.620641827583313
    }
  },
  "eval": {
    "layer_1": {
      "h_norm": 2.585286855697632,
      "residual_norm": 76.86516571044922,
      "residual_inf_norm": 74.42406463623047,
      "h_t_norm": 15.75047492980957,
      "h_x_norm": 6.6015625,
      "h_xx_norm": 19.465444564819336,
      "nonlinear_norm": 72.24252319335938
    },
    "layer_2": {
      "h_norm": 0.9552341103553772,
      "residual_norm": 7.442903995513916,
      "residual_inf_norm": 6.671878337860107,
      "h_t_norm": 5.766627788543701,
      "h_x_norm": 2.1465351581573486,
      "h_xx_norm": 9.683680534362793,
      "nonlinear_norm": 3.4361648559570312
    },
    "layer_3": {
      "h_norm": 0.6047298312187195,
      "residual_norm": 0.6036278605461121,
      "residual_inf_norm": 0.5377615094184875,
      "h_t_norm": 1.7117997407913208,
      "h_x_norm": 0.7299607992172241,
      "h_xx_norm": 1.8562952280044556,
      "nonlinear_norm": 1.5856109857559204
    },
    "layer_4": {
      "h_norm": 0.602139949798584,
      "residual_norm": 0.36504292488098145,
      "residual_inf_norm": 0.3305911719799042,
      "h_t_norm": 1.6956983804702759,
      "h_x_norm": 0.7007852792739868,
      "h_xx_norm": 1.6900583505630493,
      "nonlinear_norm": 1.6106802225112915
    },
    "layer_5": {
      "h_norm": 0.6023556590080261,
      "residual_norm": 0.2069271057844162,
      "residual_inf_norm": 0.18777208030223846,
      "h_t_norm": 1.641435146331787,
      "h_x_norm": 0.6985366940498352,
      "h_xx_norm": 1.5641876459121704,
      "nonlinear_norm": 1.6120907068252563
    },
    "layer_6": {
      "h_norm": 0.6013419032096863,
      "residual_norm": 0.10054122656583786,
      "residual_inf_norm": 0.09012950956821442,
      "h_t_norm": 1.6330785751342773,
      "h_x_norm": 0.6956623792648315,
      "h_xx_norm": 1.523891568183899,
      "nonlinear_norm": 1.6123988628387451
    },
    "layer_7": {
      "h_norm": 0.6013275384902954,
      "residual_norm": 0.00623621279373765,
      "residual_inf_norm": 0.005694376304745674,
      "h_t_norm": 1.6299020051956177,
      "h_x_norm": 0.6953142881393433,
      "h_xx_norm": 1.5259157419204712,
      "nonlinear_norm": 1.6137726306915283
    }
  },
  "layer_norms": {
    "layer_1": {
      "train_residual_l2": 53.10442352294922,
      "eval_residual_l2": 76.86516571044922,
      "train_residual_linf": 50.869659423828125,
      "eval_residual_linf": 74.42406463623047
    },
    "layer_2": {
      "train_residual_l2": 7.071961402893066,
      "eval_residual_l2": 7.442903995513916,
      "train_residual_linf": 6.303956031799316,
      "eval_residual_linf": 6.671878337860107
    },
    "layer_3": {
      "train_residual_l2": 0.5863704085350037,
      "eval_residual_l2": 0.6036278605461121,
      "train_residual_linf": 0.5263864994049072,
      "eval_residual_linf": 0.5377615094184875
    },
    "layer_4": {
      "train_residual_l2": 0.32568180561065674,
      "eval_residual_l2": 0.36504292488098145,
      "train_residual_linf": 0.2931687831878662,
      "eval_residual_linf": 0.3305911719799042
    },
    "layer_5": {
      "train_residual_l2": 0.19597411155700684,
      "eval_residual_l2": 0.2069271057844162,
      "train_residual_linf": 0.17715021967887878,
      "eval_residual_linf": 0.18777208030223846
    },
    "layer_6": {
      "train_residual_l2": 0.09728522598743439,
      "eval_residual_l2": 0.10054122656583786,
      "train_residual_linf": 0.08729314804077148,
      "eval_residual_linf": 0.09012950956821442
    },
    "layer_7": {
      "train_residual_l2": 0.006021551787853241,
      "eval_residual_l2": 0.00623621279373765,
      "train_residual_linf": 0.005469071678817272,
      "eval_residual_linf": 0.005694376304745674
    }
  },
  "ic": {
    "train": {
      "layer_1": {
        "l2": 4.225963592529297,
        "linf": 4.173185348510742
      },
      "layer_2": {
        "l2": 0.999824047088623,
        "linf": 0.8406100273132324
      },
      "layer_3": {
        "l2": 0.07948329299688339,
        "linf": 0.07563823461532593
      },
      "layer_4": {
        "l2": 0.04486648738384247,
        "linf": 0.041491590440273285
      },
      "layer_5": {
        "l2": 0.024673940613865852,
        "linf": 0.02226356416940689
      },
      "layer_6": {
        "l2": 0.008545812219381332,
        "linf": 0.007617320865392685
      },
      "layer_7": {
        "l2": 0.0012292532483115792,
        "linf": 0.0011498891981318593
      }
    },
    "eval": {
      "layer_1": {
        "l2": 3.921098232269287,
        "linf": 3.866640567779541
      },
      "layer_2": {
        "l2": 0.838556170463562,
        "linf": 0.7256525754928589
      },
      "layer_3": {
        "l2": 0.08058253675699234,
        "linf": 0.07699868828058243
      },
      "layer_4": {
        "l2": 0.04508066922426224,
        "linf": 0.04093374311923981
      },
      "layer_5": {
        "l2": 0.023248765617609024,
        "linf": 0.020998230203986168
      },
      "layer_6": {
        "l2": 0.009444484487175941,
        "linf": 0.008025458082556725
      },
      "layer_7": {
        "l2": 0.001401938614435494,
        "linf": 0.0013135385233908892
      }
    }
  },
  "bc_value": {
    "train": {
      "layer_1": {
        "l2": 4.721827983856201,
        "linf": 4.673780918121338
      },
      "layer_2": {
        "l2": 1.2298533916473389,
        "linf": 1.011472225189209
      },
      "layer_3": {
        "l2": 0.07730928063392639,
        "linf": 0.07348500937223434
      },
      "layer_4": {
        "l2": 0.03437843173742294,
        "linf": 0.028824646025896072
      },
      "layer_5": {
        "l2": 0.018878092989325523,
        "linf": 0.01762876845896244
      },