{
  "layers_analyzed": [
    "layer_1",
    "layer_2",
    "layer_3",
    "layer_4",
    "layer_5"
  ],
  "num_layers": 5,
  "train": {
    "layer_1": {
      "h_norm": 0.4640243947505951,
      "residual_norm": 1.7530306577682495,
      "residual_inf_norm": 1.7530306577682495,
      "h_t_norm": 0.6511476039886475,
      "h_x_norm": 0.6412711143493652,
      "h_xx_norm": 1.375419020652771,
      "h_tt_norm": 1.4413321018218994
    },
    "layer_2": {
      "h_norm": 0.4183862507343292,
      "residual_norm": 0.7763485908508301,
      "residual_inf_norm": 0.7763485908508301,
      "h_t_norm": 0.4864491820335388,
      "h_x_norm": 0.42928361892700195,
      "h_xx_norm": 0.6301292181015015,
      "h_tt_norm": 0.7892350554466248
    },
    "layer_3": {
      "h_norm": 0.4197937548160553,
      "residual_norm": 0.211953267455101,
      "residual_inf_norm": 0.211953267455101,
      "h_t_norm": 0.42888981103897095,
      "h_x_norm": 0.3898366093635559,
      "h_xx_norm": 0.43025821447372437,
      "h_tt_norm": 0.43021753430366516
    },
    "layer_4": {
      "h_norm": 0.41989943385124207,
      "residual_norm": 0.0901104211807251,
      "residual_inf_norm": 0.0901104211807251,
      "h_t_norm": 0.4225401282310486,
      "h_x_norm": 0.3865883946418762,
      "h_xx_norm": 0.4181958734989166,
      "h_tt_norm": 0.4070535898208618
    },
    "layer_5": {
      "h_norm": 0.4195540249347687,
      "residual_norm": 0.008810439147055149,
      "residual_inf_norm": 0.008810439147055149,
      "h_t_norm": 0.41804298758506775,
      "h_x_norm": 0.3885374665260315,
      "h_xx_norm": 0.4181003272533417,
      "h_tt_norm": 0.41843584179878235
    }
  },
  "eval": {
    "layer_1": {
      "h_norm": 0.46160441637039185,
      "residual_norm": 1.7629629373550415,
      "residual_inf_norm": 1.7629629373550415,
      "h_t_norm": 0.6563338041305542,
      "h_x_norm": 0.6521866917610168,
      "h_xx_norm": 1.3761664628982544,
      "h_tt_norm": 1.4640004634857178
    },
    "layer_2": {
      "h_norm": 0.4154084622859955,
      "residual_norm": 0.7908529043197632,
      "residual_inf_norm": 0.7908529043197632,
      "h_t_norm": 0.4903755486011505,
      "h_x_norm": 0.43476369976997375,
      "h_xx_norm": 0.6357752084732056,
      "h_tt_norm": 0.7913873195648193
    },
    "layer_3": {
      "h_norm": 0.4173769950866699,
      "residual_norm": 0.21235398948192596,
      "residual_inf_norm": 0.21235398948192596,
      "h_t_norm": 0.4300861358642578,
      "h_x_norm": 0.38991090655326843,
      "h_xx_norm": 0.4270746111869812,
      "h_tt_norm": 0.42823129892349243
    },
    "layer_4": {
      "h_norm": 0.4173755943775177,
      "residual_norm": 0.09142747521400452,
      "residual_inf_norm": 0.09142747521400452,
      "h_t_norm": 0.4235696792602539,
      "h_x_norm": 0.38593849539756775,
      "h_xx_norm": 0.415951132774353,
      "h_tt_norm": 0.4059757888317108
    },
    "layer_5": {
      "h_norm": 0.4167603552341461,
      "residual_norm": 0.008910044096410275,
      "residual_inf_norm": 0.008910044096410275,
      "h_t_norm": 0.41869163513183594,
      "h_x_norm": 0.3879990875720978,
      "h_xx_norm": 0.4150197207927704,
      "h_tt_norm": 0.415346622467041
    }
  },
  "layer_norms": {
    "layer_1": {
      "train_residual_l2": 1.7530306577682495,
      "eval_residual_l2": 1.7629629373550415,
      "train_residual_linf": 1.7530306577682495,
      "eval_residual_linf": 1.7629629373550415
    },
    "layer_2": {
      "train_residual_l2": 0.7763485908508301,
      "eval_residual_l2": 0.7908529043197632,
      "train_residual_linf": 0.7763485908508301,
      "eval_residual_linf": 0.7908529043197632
    },
    "layer_3": {
      "train_residual_l2": 0.211953267455101,
      "eval_residual_l2": 0.21235398948192596,
      "train_residual_linf": 0.211953267455101,
      "eval_residual_linf": 0.21235398948192596
    },
    "layer_4": {
      "train_residual_l2": 0.0901104211807251,
      "eval_residual_l2": 0.09142747521400452,
      "train_residual_linf": 0.0901104211807251,
      "eval_residual_linf": 0.09142747521400452
    },
    "layer_5": {
      "train_residual_l2": 0.008810439147055149,
      "eval_residual_l2": 0.008910044096410275,
      "train_residual_linf": 0.008810439147055149,
      "eval_residual_linf": 0.008910044096410275
    }
  },
  "ic": {
    "train": {
      "layer_1": {
        "l2": 0.4439794421195984,
        "linf": 0.4439794421195984
      },
      "layer_2": {
        "l2": 0.126296266913414,
        "linf": 0.126296266913414
      },
      "layer_3": {
        "l2": 0.032833438366651535,
        "linf": 0.032833438366651535
      },
      "layer_4": {
        "l2": 0.014634694904088974,
        "linf": 0.014634694904088974
      },
      "layer_5": {
        "l2": 0.0018905889010056853,
        "linf": 0.0018905889010056853
      }
    },
    "eval": {
      "layer_1": {
        "l2": 0.3826276659965515,
        "linf": 0.3826276659965515
      },
      "layer_2": {
        "l2": 0.14580710232257843,
        "linf": 0.14580710232257843
      },
      "layer_3": {
        "l2": 0.033561721444129944,
        "linf": 0.033561721444129944
      },
      "layer_4": {
        "l2": 0.014313608407974243,
        "linf": 0.014313608407974243
      },
      "layer_5": {
        "l2": 0.0018665429670363665,
        "linf": 0.0018665429670363665
      }
    }
  },
  "bc_value": {
    "train": {
      "layer_1": {
        "l2": 1.2976855039596558,
        "linf": 1.2976855039596558
      },
      "layer_2": {
        "l2": 1.204129695892334,
        "linf": 1.204129695892334
      },
      "layer_3": {
        "l2": 1.2131646871566772,
        "linf": 1.2131646871566772
      },
      "layer_4": {
        "l2": 1.1952496767044067,
        "linf": 1.1952496767044067
      },
      "layer_5": {
        "l2": 1.18024480342865,
        "linf": 1.18024480342865
      }
    },
    "eval": {
      "layer_1": {
        "l2": 1.3873571157455444,
        "linf": 1.3873571157455444
      },
      "layer_2": {
        "l2": 1.1100668907165527,
        "linf": 1.1100668907165527
      },
      "layer_3": {
        "l2": 1.0929776430130005,
        "linf": 1.0929776430130005
      },
      "layer_4": {
        "l2": 1.0612093210220337,
        "linf": 1.0612093210220337
      },
      "layer_5": {
        "l2": 1.058428406715393,
        "linf": 1.058428406715393
      }
    }
  },
  "bc_derivative": {
    "train": {
      "layer_1": {
        "l2": 2.3353772163391113,
        "linf": 2.3353772163391113
      },
      "layer_2": {
        "l2": 0.8216102123260498,
        "linf": 0.8216102123260498
      },
      "layer_3": {
        "l2": 0.13625401258468628,
        "linf": 0.13625401258468628
      },
      "layer_4": {
        "l2": 0.10225526988506317,
        "linf": 0.10225526988506317
      },
      "layer_5": {
        "l2": 0.011389183811843395,
        "linf": 0.011389183811843395
      }
    },
    "eval": {
      "layer_1": {
        "l2": 2.696864128112793,
        "linf": 2.696864128112793
      },
      "layer_2": {
        "l2": 0.924795389175415,
        "linf": 0.924795389175415
      },
      "layer_3": {
        "l2": 0.12149383872747421,
        "linf": 0.12149383872747421
      },
      "layer_4": {
        "l2": 0.10663499683141708,
        "linf": 0.10663499683141708
      },
      "layer_5": {
        "l2": 0.012875559739768505,
        "linf": 0.012875559739768505
      }
    }
  },
  "final_layer_train_residual": 0.008810439147055149,
  "final_layer_eval_residual": 0.008910044096410275,
  "final_layer_train_residual_inf": 0.008810439147055149,
  "final_layer_eval_residual_inf": 0.008910044096410275,
  "final_layer_train_ic": {
    "l2": 0.0018905889010056853,
    "linf": 0.0018905889010056853
  },
  "final_layer_eval_ic": {
    "l2": 0.0018665429670363665,
    "linf": 0.0018665429670363665
  },
  "final_layer_train_bc_value": {
    "l2": 1.18024480342865,
    "linf": 1.18024480342865
  },