{
  "bins": 5,
  "num_classes": 5,
  "num_samples": 4000,
  "layers_analyzed": [
    "layer_1",
    "layer_2",
    "layer_3",
    "layer_4",
    "layer_5",
    "layer_6",
    "layer_7"
  ],
  "layer_accuracies": {
    "layer_1": 0.2325,
    "layer_2": 0.314,
    "layer_3": 0.348,
    "layer_4": 0.34675,
    "layer_5": 0.377,
    "layer_6": 0.43225,
    "layer_7": 0.38875
  },
  "layer_compactness": {
    "layer_1": {
      "intra_class": 0.40010192394256594,
      "intra_class_std": 0.2012267475649321,
      "inter_class_mean": 0.29470083117485046,
      "inter_class_std": 0.3056468367576599
    },
    "layer_2": {
      "intra_class": 0.17585893869400024,
      "intra_class_std": 0.08823626951986521,
      "inter_class_mean": 0.11413343995809555,
      "inter_class_std": 0.0916033387184143
    },
    "layer_3": {
      "intra_class": 0.15645526945590973,
      "intra_class_std": 0.07849636672569327,
      "inter_class_mean": 0.11661584675312042,
      "inter_class_std": 0.07059484720230103
    },
    "layer_4": {
      "intra_class": 0.2067359507083893,
      "intra_class_std": 0.10356966052931633,
      "inter_class_mean": 0.17743085324764252,
      "inter_class_std": 0.11157982796430588
    },
    "layer_5": {
      "intra_class": 0.25559629797935485,
      "intra_class_std": 0.12830050552717023,
      "inter_class_mean": 0.23233561217784882,
      "inter_class_std": 0.13871605694293976
    },
    "layer_6": {
      "intra_class": 0.26828988194465636,
      "intra_class_std": 0.1348147776309134,
      "inter_class_mean": 0.25614121556282043,
      "inter_class_std": 0.12595811486244202
    },
    "layer_7": {
      "intra_class": 0.23791016340255738,
      "intra_class_std": 0.1198511188851548,
      "inter_class_mean": 0.2569306790828705,
      "inter_class_std": 0.1349731832742691
    }
  },
  "layer_margins": {
    "layer_1": {
      "mean_margin": -0.10419894754886627,
      "std_margin": 0.17443141341209412,
      "fraction_positive": 0.2325
    },
    "layer_2": {
      "mean_margin": -0.02560620754957199,
      "std_margin": 0.049414265900850296,
      "fraction_positive": 0.314
    },
    "layer_3": {
      "mean_margin": -0.017932027578353882,
      "std_margin": 0.0395202562212944,
      "fraction_positive": 0.348
    },
    "layer_4": {
      "mean_margin": -0.034954484552145004,
      "std_margin": 0.06989023834466934,
      "fraction_positive": 0.34675
    },
    "layer_5": {
      "mean_margin": -0.040928710252046585,
      "std_margin": 0.08847340196371078,
      "fraction_positive": 0.377
    },
    "layer_6": {
      "mean_margin": -0.029880035668611526,
      "std_margin": 0.08054035156965256,
      "fraction_positive": 0.43225
    },
    "layer_7": {
      "mean_margin": -0.03161340206861496,
      "std_margin": 0.08412736654281616,
      "fraction_positive": 0.38875
    }
  }
}