{
  "bins": 5,
  "num_classes": 18,
  "num_samples": 4432,
  "layers_analyzed": [
    "layer_1",
    "layer_2",
    "layer_3",
    "layer_4",
    "layer_5",
    "layer_6",
    "layer_7"
  ],
  "layer_accuracies": {
    "layer_1": 0.3291967509025271,
    "layer_2": 0.41493682310469315,
    "layer_3": 0.46886281588447654,
    "layer_4": 0.5135379061371841,
    "layer_5": 0.546028880866426,
    "layer_6": 0.5588898916967509,
    "layer_7": 0.6268050541516246
  },
  "layer_compactness": {
    "layer_1": {
      "intra_class": 0.8917175449594781,
      "intra_class_std": 1.1616887610550628,
      "inter_class_mean": 0.569990873336792,
      "inter_class_std": 0.4377170205116272
    },
    "layer_2": {
      "intra_class": 1.1075851552757245,
      "intra_class_std": 1.129354473253263,
      "inter_class_mean": 0.9211357831954956,
      "inter_class_std": 0.5933380722999573
    },
    "layer_3": {
      "intra_class": 1.5641554927399315,
      "intra_class_std": 1.3821053685504037,
      "inter_class_mean": 1.6875698566436768,
      "inter_class_std": 0.9597757458686829
    },
    "layer_4": {
      "intra_class": 2.118155768477275,
      "intra_class_std": 1.656032012526464,
      "inter_class_mean": 2.821699619293213,
      "inter_class_std": 1.393181324005127
    },
    "layer_5": {
      "intra_class": 2.4730796163901534,
      "intra_class_std": 1.746645239419942,
      "inter_class_mean": 3.7394042015075684,
      "inter_class_std": 1.6664869785308838
    },
    "layer_6": {
      "intra_class": 2.7433131848954795,
      "intra_class_std": 1.7325706248128172,
      "inter_class_mean": 4.1436448097229,
      "inter_class_std": 1.7361294031143188
    },
    "layer_7": {
      "intra_class": 2.225351250520183,
      "intra_class_std": 1.3630019493692944,
      "inter_class_mean": 3.816580295562744,
      "inter_class_std": 1.5662219524383545
    }
  },
  "layer_margins": {
    "layer_1": {
      "mean_margin": -0.07489348202943802,
      "std_margin": 0.17253002524375916,
      "fraction_positive": 0.3291967509025271
    },
    "layer_2": {
      "mean_margin": -0.06274508684873581,
      "std_margin": 0.19729745388031006,
      "fraction_positive": 0.41493682310469315
    },
    "layer_3": {
      "mean_margin": -0.052229851484298706,
      "std_margin": 0.34248802065849304,
      "fraction_positive": 0.46886281588447654
    },
    "layer_4": {
      "mean_margin": -0.02996332384645939,
      "std_margin": 0.511261522769928,
      "fraction_positive": 0.5135379061371841
    },
    "layer_5": {
      "mean_margin": 0.020037265494465828,
      "std_margin": 0.5911941528320312,
      "fraction_positive": 0.546028880866426
    },
    "layer_6": {
      "mean_margin": 0.03771180659532547,
      "std_margin": 0.6179579496383667,
      "fraction_positive": 0.5588898916967509
    },
    "layer_7": {
      "mean_margin": 0.15515977144241333,
      "std_margin": 0.48033395409584045,
      "fraction_positive": 0.6268050541516246
    }
  }
}