{
  "layers_analyzed": [
    "layer_1",
    "layer_2",
    "layer_3",
    "layer_4",
    "layer_5"
  ],
  "num_layers": 5,
  "train": {
    "layer_1": {
      "h_norm": 0.5009458065032959,
      "residual_norm": 2.5166847705841064,
      "residual_inf_norm": 2.5166847705841064,
      "h_t_norm": 2.358181953430176,
      "h_x_norm": 1.8789724111557007,
      "h_xx_norm": 8.673824310302734,
      "convection_norm": 0.8562240600585938
    },
    "layer_2": {
      "h_norm": 0.5576875805854797,
      "residual_norm": 3.431394100189209,
      "residual_inf_norm": 3.431394100189209,
      "h_t_norm": 2.7859437465667725,
      "h_x_norm": 3.163440227508545,
      "h_xx_norm": 33.677303314208984,
      "convection_norm": 1.7857844829559326
    },
    "layer_3": {
      "h_norm": 0.5373339653015137,
      "residual_norm": 0.4178803563117981,
      "residual_inf_norm": 0.4178803563117981,
      "h_t_norm": 0.6310547590255737,
      "h_x_norm": 1.9414077997207642,
      "h_xx_norm": 44.11480712890625,
      "convection_norm": 0.9272326231002808
    },
    "layer_4": {
      "h_norm": 0.5382350087165833,
      "residual_norm": 0.3166238069534302,
      "residual_inf_norm": 0.3166238069534302,
      "h_t_norm": 0.6211633086204529,
      "h_x_norm": 1.9603121280670166,
      "h_xx_norm": 90.78160858154297,
      "convection_norm": 0.9610283970832825
    },
    "layer_5": {
      "h_norm": 0.5382989645004272,
      "residual_norm": 0.22048485279083252,
      "residual_inf_norm": 0.22048485279083252,
      "h_t_norm": 0.6148321628570557,
      "h_x_norm": 1.9168412685394287,
      "h_xx_norm": 84.44136047363281,
      "convection_norm": 0.9223726391792297
    }
  },
  "eval": {
    "layer_1": {
      "h_norm": 0.49816858768463135,
      "residual_norm": 2.510955333709717,
      "residual_inf_norm": 2.510955333709717,
      "h_t_norm": 2.349271297454834,
      "h_x_norm": 1.8915705680847168,
      "h_xx_norm": 8.642875671386719,
      "convection_norm": 0.8604224920272827
    },
    "layer_2": {
      "h_norm": 0.55643630027771,
      "residual_norm": 3.46256685256958,
      "residual_inf_norm": 3.46256685256958,
      "h_t_norm": 2.8150246143341064,
      "h_x_norm": 3.1635212898254395,
      "h_xx_norm": 33.52291488647461,
      "convection_norm": 1.7586787939071655
    },
    "layer_3": {
      "h_norm": 0.537983238697052,
      "residual_norm": 0.43007755279541016,
      "residual_inf_norm": 0.43007755279541016,
      "h_t_norm": 0.628746509552002,
      "h_x_norm": 1.9591506719589233,
      "h_xx_norm": 46.79072952270508,
      "convection_norm": 0.9415236115455627
    },
    "layer_4": {
      "h_norm": 0.5390673279762268,
      "residual_norm": 0.32066723704338074,
      "residual_inf_norm": 0.32066723704338074,
      "h_t_norm": 0.621757984161377,
      "h_x_norm": 1.943493127822876,
      "h_xx_norm": 97.71856689453125,
      "convection_norm": 0.9767836928367615
    },
    "layer_5": {
      "h_norm": 0.5390610694885254,
      "residual_norm": 0.22171609103679657,
      "residual_inf_norm": 0.22171609103679657,
      "h_t_norm": 0.6169490218162537,
      "h_x_norm": 1.898471474647522,
      "h_xx_norm": 89.48956298828125,
      "convection_norm": 0.9366128444671631
    }
  },
  "layer_norms": {
    "layer_1": {
      "train_residual_l2": 2.5166847705841064,
      "eval_residual_l2": 2.510955333709717,
      "train_residual_linf": 2.5166847705841064,
      "eval_residual_linf": 2.510955333709717
    },
    "layer_2": {
      "train_residual_l2": 3.431394100189209,
      "eval_residual_l2": 3.46256685256958,
      "train_residual_linf": 3.431394100189209,
      "eval_residual_linf": 3.46256685256958
    },
    "layer_3": {
      "train_residual_l2": 0.4178803563117981,
      "eval_residual_l2": 0.43007755279541016,
      "train_residual_linf": 0.4178803563117981,
      "eval_residual_linf": 0.43007755279541016
    },
    "layer_4": {
      "train_residual_l2": 0.3166238069534302,
      "eval_residual_l2": 0.32066723704338074,
      "train_residual_linf": 0.3166238069534302,
      "eval_residual_linf": 0.32066723704338074
    },
    "layer_5": {
      "train_residual_l2": 0.22048485279083252,
      "eval_residual_l2": 0.22171609103679657,
      "train_residual_linf": 0.22048485279083252,
      "eval_residual_linf": 0.22171609103679657
    }
  },
  "ic": {
    "train": {
      "layer_1": {
        "l2": 0.39851000905036926,
        "linf": 0.39851000905036926
      },
      "layer_2": {
        "l2": 0.6172961592674255,
        "linf": 0.6172961592674255
      },
      "layer_3": {
        "l2": 0.034224845468997955,
        "linf": 0.034224845468997955
      },
      "layer_4": {
        "l2": 0.015252101235091686,
        "linf": 0.015252101235091686
      },
      "layer_5": {
        "l2": 0.0160482469946146,
        "linf": 0.0160482469946146
      }
    },
    "eval": {
      "layer_1": {
        "l2": 0.41441553831100464,
        "linf": 0.41441553831100464
      },
      "layer_2": {
        "l2": 0.6632179021835327,
        "linf": 0.6632179021835327
      },
      "layer_3": {
        "l2": 0.0319063775241375,
        "linf": 0.0319063775241375
      },
      "layer_4": {
        "l2": 0.014646999537944794,
        "linf": 0.014646999537944794
      },
      "layer_5": {
        "l2": 0.01154277566820383,
        "linf": 0.01154277566820383
      }
    }
  },
  "bc_value": {
    "train": {
      "layer_1": {
        "l2": 0.27814942598342896,
        "linf": 0.27814942598342896
      },
      "layer_2": {
        "l2": 0.8519183397293091,
        "linf": 0.8519183397293091
      },
      "layer_3": {
        "l2": 0.016569651663303375,
        "linf": 0.016569651663303375
      },
      "layer_4": {
        "l2": 0.017893357202410698,
        "linf": 0.017893357202410698
      },
      "layer_5": {
        "l2": 0.007486983668059111,
        "linf": 0.007486983668059111
      }
    },
    "eval": {
      "layer_1": {
        "l2": 0.28783416748046875,
        "linf": 0.28783416748046875
      },
      "layer_2": {
        "l2": 1.0013097524642944,
        "linf": 1.0013097524642944
      },
      "layer_3": {
        "l2": 0.017175426706671715,
        "linf": 0.017175426706671715
      },
      "layer_4": {
        "l2": 0.01830446720123291,
        "linf": 0.01830446720123291
      },
      "layer_5": {
        "l2": 0.00572320306673646,
        "linf": 0.00572320306673646
      }
    }
  },
  "bc_derivative": {
    "train": {
      "layer_1": {
        "l2": 3.540403366088867,
        "linf": 3.540403366088867
      },
      "layer_2": {
        "l2": 8.786940574645996,
        "linf": 8.786940574645996
      },
      "layer_3": {
        "l2": 0.11311938613653183,
        "linf": 0.11311938613653183
      },
      "layer_4": {
        "l2": 0.10431449860334396,
        "linf": 0.10431449860334396
      },
      "layer_5": {
        "l2": 0.19872687757015228,
        "linf": 0.19872687757015228
      }
    },
    "eval": {
      "layer_1": {
        "l2": 3.4820444583892822,
        "linf": 3.4820444583892822
      },
      "layer_2": {
        "l2": 9.770323753356934,
        "linf": 9.770323753356934
      },
      "layer_3": {
        "l2": 0.1385829746723175,
        "linf": 0.1385829746723175
      },
      "layer_4": {
        "l2": 0.12748336791992188,
        "linf": 0.12748336791992188
      },
      "layer_5": {
        "l2": 0.23530668020248413,
        "linf": 0.23530668020248413
      }
    }
  },
  "final_layer_train_residual": 0.22048485279083252,
  "final_layer_eval_residual": 0.22171609103679657,
  "final_layer_train_residual_inf": 0.22048485279083252,
  "final_layer_eval_residual_inf": 0.22171609103679657,
  "final_layer_train_ic": {
    "l2": 0.0160482469946146,
    "linf": 0.0160482469946146
  },
  "final_layer_eval_ic": {
    "l2": 0.01154277566820383,
    "linf": 0.01154277566820383
  },
  "final_layer_train_bc_value": {
    "l2": 0.007486983668059111,
    "linf": 0.007486983668059111
  },