{
  "layers_analyzed": [
    "layer_1",
    "layer_2",
    "layer_3",
    "layer_4",
    "layer_5",
    "layer_6",
    "layer_7"
  ],
  "num_layers": 7,
  "train": {
    "rel_l2": [
      0.13281404972076416,
      0.09329961240291595,
      0.06428322941064835,
      0.03836940601468086,
      0.04306081309914589,
      0.020299255847930908,
      0.0029197558760643005
    ],
    "inf_norm": [
      0.7893863320350647,
      0.39336878061294556,
      0.2349182367324829,
      0.14625293016433716,
      0.1062701940536499,
      0.06346553564071655,
      0.031134605407714844
    ]
  },
  "eval": {
    "rel_l2": [
      0.13420294225215912,
      0.09422972798347473,
      0.06486675143241882,
      0.0385911762714386,
      0.042951591312885284,
      0.01997622475028038,
      0.0028949216939508915
    ],
    "inf_norm": [
      0.7833432555198669,
      0.32652002573013306,
      0.22006458044052124,
      0.11585956811904907,
      0.10575586557388306,
      0.057240426540374756,
      0.019667446613311768
    ]
  },
  "layer_dimensions": {
    "layer_1": 70,
    "layer_2": 70,
    "layer_3": 70,
    "layer_4": 70,
    "layer_5": 70,
    "layer_6": 70,
    "layer_7": 70
  }
}