{
  "bins": 5,
  "num_classes": 5,
  "num_samples": 4000,
  "layers_analyzed": [
    "layer_1",
    "layer_2",
    "layer_3"
  ],
  "layer_accuracies": {
    "layer_1": 0.51225,
    "layer_2": 0.55975,
    "layer_3": 0.5815
  },
  "layer_compactness": {
    "layer_1": {
      "intra_class": 0.2402053564786911,
      "intra_class_std": 0.19311229518741868,
      "inter_class_mean": 0.46111389994621277,
      "inter_class_std": 0.19281364977359772
    },
    "layer_2": {
      "intra_class": 0.35965861678123473,
      "intra_class_std": 0.2825819182959079,
      "inter_class_mean": 0.7990729212760925,
      "inter_class_std": 0.33383098244667053
    },
    "layer_3": {
      "intra_class": 0.22653282284736634,
      "intra_class_std": 0.18643854025876835,
      "inter_class_mean": 0.5456656217575073,
      "inter_class_std": 0.240377277135849
    }
  },
  "layer_margins": {
    "layer_1": {
      "mean_margin": -0.025834934785962105,
      "std_margin": 0.22103023529052734,
      "fraction_positive": 0.51225
    },
    "layer_2": {
      "mean_margin": 0.0420650839805603,
      "std_margin": 0.43009066581726074,
      "fraction_positive": 0.55975
    },
    "layer_3": {
      "mean_margin": 0.036515478044748306,
      "std_margin": 0.27244749665260315,
      "fraction_positive": 0.5815
    }
  }
}