{
  "bins": 5,
  "num_classes": 18,
  "num_samples": 4432,
  "layers_analyzed": [
    "layer_1",
    "layer_2",
    "layer_3",
    "layer_4",
    "layer_5",
    "layer_6",
    "layer_7",
    "layer_8"
  ],
  "layer_accuracies": {
    "layer_1": 0.33055054151624547,
    "layer_2": 0.36304151624548736,
    "layer_3": 0.41403429602888087,
    "layer_4": 0.44923285198555957,
    "layer_5": 0.483528880866426,
    "layer_6": 0.5214350180505415,
    "layer_7": 0.5649819494584838,
    "layer_8": 0.7222472924187726
  },
  "layer_compactness": {
    "layer_1": {
      "intra_class": 0.7647763346130587,
      "intra_class_std": 0.9862854406990984,
      "inter_class_mean": 0.48102879524230957,
      "inter_class_std": 0.3884875178337097
    },
    "layer_2": {
      "intra_class": 1.0983782940034041,
      "intra_class_std": 1.0808373904638666,
      "inter_class_mean": 0.7822586894035339,
      "inter_class_std": 0.49231868982315063
    },
    "layer_3": {
      "intra_class": 1.4585241677244751,
      "intra_class_std": 1.192873924485191,
      "inter_class_mean": 1.3463555574417114,
      "inter_class_std": 0.718838095664978
    },
    "layer_4": {
      "intra_class": 1.8146017301741908,
      "intra_class_std": 1.331498529639153,
      "inter_class_mean": 2.0499961376190186,
      "inter_class_std": 1.074636697769165
    },
    "layer_5": {
      "intra_class": 2.074415213014096,
      "intra_class_std": 1.394765171864877,
      "inter_class_mean": 2.699802875518799,
      "inter_class_std": 1.30732262134552
    },
    "layer_6": {
      "intra_class": 2.096685220648521,
      "intra_class_std": 1.2983218495981868,
      "inter_class_mean": 3.1104955673217773,
      "inter_class_std": 1.4329805374145508
    },
    "layer_7": {
      "intra_class": 2.051997498332838,
      "intra_class_std": 1.202351718001285,
      "inter_class_mean": 3.6782326698303223,
      "inter_class_std": 1.5859922170639038
    },
    "layer_8": {
      "intra_class": 1.241256902376239,
      "intra_class_std": 0.715139034575011,
      "inter_class_mean": 3.5147361755371094,
      "inter_class_std": 1.4694441556930542
    }
  },
  "layer_margins": {
    "layer_1": {
      "mean_margin": -0.05594632774591446,
      "std_margin": 0.13554838299751282,
      "fraction_positive": 0.33055054151624547
    },
    "layer_2": {
      "mean_margin": -0.07979486882686615,
      "std_margin": 0.18119113147258759,
      "fraction_positive": 0.36304151624548736
    },
    "layer_3": {
      "mean_margin": -0.09753812849521637,
      "std_margin": 0.2778949439525604,
      "fraction_positive": 0.41403429602888087
    },
    "layer_4": {
      "mean_margin": -0.0920681580901146,
      "std_margin": 0.39269256591796875,
      "fraction_positive": 0.44923285198555957
    },
    "layer_5": {
      "mean_margin": -0.0784900113940239,
      "std_margin": 0.5034813284873962,
      "fraction_positive": 0.483528880866426
    },
    "layer_6": {
      "mean_margin": -0.010855128988623619,
      "std_margin": 0.5344719886779785,
      "fraction_positive": 0.5214350180505415
    },
    "layer_7": {
      "mean_margin": 0.08123626559972763,
      "std_margin": 0.5778276920318604,
      "fraction_positive": 0.5649819494584838
    },
    "layer_8": {
      "mean_margin": 0.2523147165775299,
      "std_margin": 0.4768299460411072,
      "fraction_positive": 0.7222472924187726
    }
  }
}