{
  "bins": 5,
  "num_classes": 5,
  "num_samples": 4000,
  "layers_analyzed": [
    "layer_1",
    "layer_2",
    "layer_3",
    "layer_4",
    "layer_5",
    "layer_6",
    "layer_7"
  ],
  "layer_accuracies": {
    "layer_1": 0.2355,
    "layer_2": 0.25825,
    "layer_3": 0.2585,
    "layer_4": 0.2465,
    "layer_5": 0.2865,
    "layer_6": 0.3075,
    "layer_7": 0.43025
  },
  "layer_compactness": {
    "layer_1": {
      "intra_class": 0.4262229800224304,
      "intra_class_std": 0.21430267025455665,
      "inter_class_mean": 0.32452625036239624,
      "inter_class_std": 0.3399948179721832
    },
    "layer_2": {
      "intra_class": 0.21647090315818787,
      "intra_class_std": 0.10860063384397622,
      "inter_class_mean": 0.15969246625900269,
      "inter_class_std": 0.15261806547641754
    },
    "layer_3": {
      "intra_class": 0.18279336988925934,
      "intra_class_std": 0.09179069933263986,
      "inter_class_mean": 0.11856362968683243,
      "inter_class_std": 0.09371703863143921
    },
    "layer_4": {
      "intra_class": 0.1956689774990082,
      "intra_class_std": 0.09842703387679089,
      "inter_class_mean": 0.13841751217842102,
      "inter_class_std": 0.09602315723896027
    },
    "layer_5": {
      "intra_class": 0.2528735280036926,
      "intra_class_std": 0.1277711309707904,
      "inter_class_mean": 0.1968146115541458,
      "inter_class_std": 0.13281261920928955
    },
    "layer_6": {
      "intra_class": 0.30145237445831297,
      "intra_class_std": 0.15235434182289456,
      "inter_class_mean": 0.2517140209674835,
      "inter_class_std": 0.17521658539772034
    },
    "layer_7": {
      "intra_class": 0.2861884951591492,
      "intra_class_std": 0.14638511691851522,
      "inter_class_mean": 0.2665831744670868,
      "inter_class_std": 0.16728800535202026
    }
  },
  "layer_margins": {
    "layer_1": {
      "mean_margin": -0.11638208478689194,
      "std_margin": 0.19481998682022095,
      "fraction_positive": 0.2355
    },
    "layer_2": {
      "mean_margin": -0.04270258545875549,
      "std_margin": 0.07859288156032562,
      "fraction_positive": 0.25825
    },
    "layer_3": {
      "mean_margin": -0.026591787114739418,
      "std_margin": 0.0494958721101284,
      "fraction_positive": 0.2585
    },
    "layer_4": {
      "mean_margin": -0.031839869916439056,
      "std_margin": 0.055900830775499344,
      "fraction_positive": 0.2465
    },
    "layer_5": {
      "mean_margin": -0.03965618833899498,
      "std_margin": 0.07412727177143097,
      "fraction_positive": 0.2865
    },
    "layer_6": {
      "mean_margin": -0.046670474112033844,
      "std_margin": 0.09229274839162827,
      "fraction_positive": 0.3075
    },
    "layer_7": {
      "mean_margin": -0.021940911188721657,
      "std_margin": 0.07519915699958801,
      "fraction_positive": 0.43025
    }
  }
}