{
  "layers_analyzed": [
    "layer_1",
    "layer_2",
    "layer_3",
    "layer_4",
    "layer_5"
  ],
  "num_layers": 5,
  "train": {
    "layer_1": {
      "h_norm": 0.40894076228141785,
      "residual_norm": 0.29165059328079224,
      "residual_inf_norm": 0.29165059328079224,
      "h_t_norm": 0.4404790997505188,
      "h_x_norm": 0.4175594449043274,
      "h_xx_norm": 0.42139744758605957,
      "h_tt_norm": 0.4847542941570282
    },
    "layer_2": {
      "h_norm": 0.41044795513153076,
      "residual_norm": 0.3450847864151001,
      "residual_inf_norm": 0.3450847864151001,
      "h_t_norm": 0.45006728172302246,
      "h_x_norm": 0.4109805226325989,
      "h_xx_norm": 0.40168797969818115,
      "h_tt_norm": 0.4946693778038025
    },
    "layer_3": {
      "h_norm": 0.41110292077064514,
      "residual_norm": 0.2859252691268921,
      "residual_inf_norm": 0.2859252691268921,
      "h_t_norm": 0.44687703251838684,
      "h_x_norm": 0.41529572010040283,
      "h_xx_norm": 0.41702747344970703,
      "h_tt_norm": 0.44139453768730164
    },
    "layer_4": {
      "h_norm": 0.41704505681991577,
      "residual_norm": 0.06923412531614304,
      "residual_inf_norm": 0.06923412531614304,
      "h_t_norm": 0.4236512780189514,
      "h_x_norm": 0.39068523049354553,
      "h_xx_norm": 0.4041038751602173,
      "h_tt_norm": 0.39574098587036133
    },
    "layer_5": {
      "h_norm": 0.41944625973701477,
      "residual_norm": 0.014753834344446659,
      "residual_inf_norm": 0.014753834344446659,
      "h_t_norm": 0.4194577634334564,
      "h_x_norm": 0.3882906138896942,
      "h_xx_norm": 0.415144145488739,
      "h_tt_norm": 0.41390731930732727
    }
  },
  "eval": {
    "layer_1": {
      "h_norm": 0.4078672230243683,
      "residual_norm": 0.29544350504875183,
      "residual_inf_norm": 0.29544350504875183,
      "h_t_norm": 0.44473376870155334,
      "h_x_norm": 0.41901859641075134,
      "h_xx_norm": 0.420646071434021,
      "h_tt_norm": 0.4852222800254822
    },
    "layer_2": {
      "h_norm": 0.40973520278930664,
      "residual_norm": 0.3463593125343323,
      "residual_inf_norm": 0.3463593125343323,
      "h_t_norm": 0.45308592915534973,
      "h_x_norm": 0.41224709153175354,
      "h_xx_norm": 0.39989396929740906,
      "h_tt_norm": 0.4949710965156555
    },
    "layer_3": {
      "h_norm": 0.4104980528354645,
      "residual_norm": 0.2889694273471832,
      "residual_inf_norm": 0.2889694273471832,
      "h_t_norm": 0.44962453842163086,
      "h_x_norm": 0.41761910915374756,
      "h_xx_norm": 0.4139414429664612,
      "h_tt_norm": 0.43907931447029114
    },
    "layer_4": {
      "h_norm": 0.4146248400211334,
      "residual_norm": 0.06949979811906815,
      "residual_inf_norm": 0.06949979811906815,
      "h_t_norm": 0.42421483993530273,
      "h_x_norm": 0.38979849219322205,
      "h_xx_norm": 0.40242746472358704,
      "h_tt_norm": 0.3931169807910919
    },
    "layer_5": {
      "h_norm": 0.416681170463562,
      "residual_norm": 0.014827371574938297,
      "residual_inf_norm": 0.014827371574938297,
      "h_t_norm": 0.4206204414367676,
      "h_x_norm": 0.38761791586875916,
      "h_xx_norm": 0.41208335757255554,
      "h_tt_norm": 0.41047513484954834
    }
  },
  "layer_norms": {
    "layer_1": {
      "train_residual_l2": 0.29165059328079224,
      "eval_residual_l2": 0.29544350504875183,
      "train_residual_linf": 0.29165059328079224,
      "eval_residual_linf": 0.29544350504875183
    },
    "layer_2": {
      "train_residual_l2": 0.3450847864151001,
      "eval_residual_l2": 0.3463593125343323,
      "train_residual_linf": 0.3450847864151001,
      "eval_residual_linf": 0.3463593125343323
    },
    "layer_3": {
      "train_residual_l2": 0.2859252691268921,
      "eval_residual_l2": 0.2889694273471832,
      "train_residual_linf": 0.2859252691268921,
      "eval_residual_linf": 0.2889694273471832
    },
    "layer_4": {
      "train_residual_l2": 0.06923412531614304,
      "eval_residual_l2": 0.06949979811906815,
      "train_residual_linf": 0.06923412531614304,
      "eval_residual_linf": 0.06949979811906815
    },
    "layer_5": {
      "train_residual_l2": 0.014753834344446659,
      "eval_residual_l2": 0.014827371574938297,
      "train_residual_linf": 0.014753834344446659,
      "eval_residual_linf": 0.014827371574938297
    }
  },
  "ic": {
    "train": {
      "layer_1": {
        "l2": 0.10019122809171677,
        "linf": 0.10019122809171677
      },
      "layer_2": {
        "l2": 0.09249105304479599,
        "linf": 0.09249105304479599
      },
      "layer_3": {
        "l2": 0.18626020848751068,
        "linf": 0.18626020848751068
      },
      "layer_4": {
        "l2": 0.030032379552721977,
        "linf": 0.030032379552721977
      },
      "layer_5": {
        "l2": 0.004628279246389866,
        "linf": 0.004628279246389866
      }
    },
    "eval": {
      "layer_1": {
        "l2": 0.08761418610811234,
        "linf": 0.08761418610811234
      },
      "layer_2": {
        "l2": 0.08039097487926483,
        "linf": 0.08039097487926483
      },
      "layer_3": {
        "l2": 0.18588882684707642,
        "linf": 0.18588882684707642
      },
      "layer_4": {
        "l2": 0.02913064695894718,
        "linf": 0.02913064695894718
      },
      "layer_5": {
        "l2": 0.003817287040874362,
        "linf": 0.003817287040874362
      }
    }
  },
  "bc_value": {
    "train": {
      "layer_1": {
        "l2": 0.145237535238266,
        "linf": 0.145237535238266
      },
      "layer_2": {
        "l2": 0.13317914307117462,
        "linf": 0.13317914307117462
      },
      "layer_3": {
        "l2": 0.17957256734371185,
        "linf": 0.17957256734371185
      },
      "layer_4": {
        "l2": 0.034394241869449615,
        "linf": 0.034394241869449615
      },
      "layer_5": {
        "l2": 0.006535515654832125,
        "linf": 0.006535515654832125
      }
    },
    "eval": {
      "layer_1": {
        "l2": 0.1456054449081421,
        "linf": 0.1456054449081421
      },
      "layer_2": {
        "l2": 0.12626972794532776,
        "linf": 0.12626972794532776
      },
      "layer_3": {
        "l2": 0.1841641664505005,
        "linf": 0.1841641664505005
      },
      "layer_4": {
        "l2": 0.03296322003006935,
        "linf": 0.03296322003006935
      },
      "layer_5": {
        "l2": 0.004259699489921331,
        "linf": 0.004259699489921331
      }
    }
  },
  "bc_derivative": {
    "train": {},
    "eval": {}
  },
  "final_layer_train_residual": 0.014753834344446659,
  "final_layer_eval_residual": 0.014827371574938297,
  "final_layer_train_residual_inf": 0.014753834344446659,
  "final_layer_eval_residual_inf": 0.014827371574938297,
  "final_layer_train_ic": {
    "l2": 0.004628279246389866,
    "linf": 0.004628279246389866
  },
  "final_layer_eval_ic": {
    "l2": 0.003817287040874362,
    "linf": 0.003817287040874362
  },
  "final_layer_train_bc_value": {
    "l2": 0.006535515654832125,
    "linf": 0.006535515654832125
  },
  "final_layer_eval_bc_value": {
    "l2": 0.004259699489921331,
    "linf": 0.004259699489921331
  },
  "final_layer_train_bc_derivative": {},
  "final_layer_eval_bc_derivative": {}
}