{
  "train_loss_epochs": [
    1,
    2,
    3,
    4,
    5,
    6,
    7,
    8,
    9,
    10,
    11,
    12,
    13,
    14,
    15,
    16,
    17,
    18,
    19,
    20,
    21,
    22,
    23,
    24,
    25,
    26,
    27,
    28,
    29,
    30,
    31,
    32,
    33,
    34,
    35,
    36,
    37,
    38,
    39,
    40,
    41,
    42,
    43,
    44,
    45,
    46,
    47,
    48,
    49,
    50,
    51,
    52,
    53,
    54,
    55,
    56,
    57,
    58,
    59,
    60,
    61,
    62,
    63,
    64,
    65,
    66,
    67,
    68,
    69,
    70,
    71,
    72,
    73,
    74,
    75,
    76,
    77,
    78,
    79,
    80,
    81,
    82,
    83,
    84,
    85,
    86,
    87,
    88,
    89,
    90,
    91,
    92,
    93,
    94,
    95,
    96,
    97,
    98,
    99,
    100
  ],
  "train_loss": [
    0.34892578133144525,
    0.22581017289194277,
    0.1893268024083227,
    0.1320762044400908,
    0.18697876351652667,
    0.11188250698614866,
    0.10347642886918038,
    0.10943290600553154,
    0.09303834538441151,
    0.09716948037967085,
    0.09246033178642392,
    0.08385778702795506,
    0.0862276398576796,
    0.07725994535721839,
    0.07737400555051863,
    0.08653125723358243,
    0.07755488543771208,
    0.06681283253710717,
    0.059478952060453595,
    0.06984783618245274,
    0.05200352678075433,
    0.0567808507476002,
    0.060014219116419555,
    0.0764830199535936,
    0.07813782999292015,
    0.059418231481686234,
    0.06034574932418764,
    0.07249787258915603,
    0.07040617486927658,
    0.0569091571494937,
    0.06417703435290605,
    0.07468842128291726,
    0.06998683204874397,
    0.048006161605007945,
    0.06131844890769571,
    0.047616835706867276,
    0.05506548401899636,
    0.07415369455702603,
    0.06687505871523172,
    0.05058576725423336,
    0.05602718335576355,
    0.041055613104254006,
    0.0409163611009717,
    0.06253041443414986,
    0.05676542643923312,
    0.06105913752689958,
    0.0456819427665323,
    0.06191790602169931,
    0.06622955417260527,
    0.056762577360495926,
    0.04710647761821747,
    0.050247414596378805,
    0.05962317609228194,
    0.05030759728979319,
    0.045079869125038384,
    0.05212616501376033,
    0.046769698965363204,
    0.041184659022837876,
    0.06132251131348312,
    0.04432519865222275,
    0.04368719898629934,
    0.052130236220546064,
    0.04892864318098873,
    0.04530017669312656,
    0.055215205135755244,
    0.04177497322671116,
    0.04407197781838477,
    0.0447574817109853,
    0.04216284777503461,
    0.05176010101567954,
    0.0564808493712917,
    0.041108212014660236,
    0.047001317935064436,
    0.0405769050354138,
    0.05207740857731551,
    0.03777281607035547,
    0.03759700027294457,
    0.04147133242804557,
    0.040562116028741005,
    0.04639442923944444,
    0.05290418283548206,
    0.05496058408170938,
    0.05039723394438624,
    0.0545150508871302,
    0.04682410000823438,
    0.04053957674186677,
    0.044495814363472164,
    0.0490710768615827,
    0.03635249140206724,
    0.03841920392587781,
    0.04123855037614703,
    0.042143255239352584,
    0.03292043940164149,
    0.03775281559210271,
    0.048777977214194836,
    0.03837708490900695,
    0.04147178828716278,
    0.04646757356822491,
    0.04099905223120004,
    0.04292328094597906
  ],
  "epochs": [
    1,
    10,
    20,
    30,
    40,
    50,
    60,
    70,
    80,
    90,
    100
  ],
  "eval_loss": [
    0.2286079847253859,
    0.0778057345499595,
    0.05699057007829348,
    0.0664267602066199,
    0.04704596086715659,
    0.04143340311323603,
    0.04231429658830166,
    0.03592282719910145,
    0.037130390449116625,
    0.035824742866680026,
    0.03627260851984223
  ],
  "train_rel_l2": [
    0.9012808695435524,
    0.8706208407878876,
    0.8816406175494194,
    0.9017371088266373,
    0.9135205775499344,
    0.9249978095293045,
    0.9434763744473458,
    0.9556365445256233,
    0.9532340943813324,
    0.9583462357521058,
    0.9613534927368164
  ],
  "eval_rel_l2": [
    2.3369603355725608,
    1.583652178446452,
    0.8348735570907593,
    1.4814070264498393,
    0.7801057696342468,
    0.984417180220286,
    0.8545299371083578,
    0.9049938718477885,
    0.9442827900250753,
    0.8975362181663513,
    1.081875205039978
  ]
}