{
  "train_loss_epochs": [
    1,
    2,
    3,
    4,
    5,
    6,
    7,
    8,
    9,
    10
  ],
  "train_loss": [
    0.39661773443531273,
    0.2274574101989856,
    0.15337577544851227,
    0.13403212066623382,
    0.1414137096493505,
    0.10360094846691936,
    0.11243383053224534,
    0.09051943602971732,
    0.08016121836844832,
    0.08366649441886694
  ],
  "epochs": [
    1,
    2,
    3,
    4,
    5,
    6,
    7,
    8,
    9,
    10
  ],
  "eval_loss": [
    0.2512445465157119,
    0.15666354812371233,
    0.12602377915754914,
    0.10970119495565693,
    0.0962606289734443,
    0.10312150015185277,
    0.08470799742887418,
    0.07643039431422949,
    0.07390046104167898,
    0.06861417631929119
  ],
  "train_rel_l2": [
    0.9117867171764373,
    0.8840352416038513,
    0.8733512163162231,
    0.8734075129032135,
    0.873230767250061,
    0.8744277060031891,
    0.8596021726727485,
    0.8724985897541047,
    0.8749932318925857,
    0.8711362510919571
  ],
  "eval_rel_l2": [
    1.7349783976872761,
    2.8434524536132812,
    2.8129231135050454,
    2.7462921142578125,
    2.337380528450012,
    2.1091248989105225,
    1.7815730174382527,
    1.7161256472269695,
    1.4841968417167664,
    1.24711807568868
  ]
}