{
  "train_loss_epochs": [
    1,
    2,
    3,
    4,
    5,
    6,
    7,
    8,
    9,
    10
  ],
  "train_loss": [
    0.4333271449670065,
    0.2581765283590357,
    0.16905983871547506,
    0.15081379945622758,
    0.1621869422146119,
    0.11892693107947708,
    0.1323952275328338,
    0.10339623421896249,
    0.09147200877778232,
    0.09528761126566679
  ],
  "epochs": [
    1,
    2,
    3,
    4,
    5,
    6,
    7,
    8,
    9,
    10
  ],
  "eval_loss": [
    0.2830594337719958,
    0.17754468868952245,
    0.14063877953837314,
    0.12386642070487142,
    0.10982205610101421,
    0.11703298365076382,
    0.09787478732566039,
    0.08630679361522198,
    0.08320738871892293,
    0.07580659445375204
  ],
  "train_rel_l2": [
    0.9137035280466079,
    0.8840089067816734,
    0.8783753976225853,
    0.8734491467475891,
    0.8721707388758659,
    0.8725087389349937,
    0.8557022422552109,
    0.8680783927440643,
    0.8677971482276916,
    0.8657331928610802
  ],
  "eval_rel_l2": [
    1.4971845348676045,
    2.643171807130178,
    2.919730842113495,
    2.8263482252756753,
    2.471556822458903,
    2.21090175708135,
    1.834860920906067,
    1.7794371445973713,
    1.4696320295333862,
    1.2767865856488545
  ]
}