{
  "bins": 10,
  "num_classes": 100,
  "num_samples": 5409,
  "layers_analyzed": [
    "layer_1",
    "layer_2",
    "layer_3",
    "layer_4",
    "layer_5"
  ],
  "layer_accuracies": {
    "layer_1": 0.051580698835274545,
    "layer_2": 0.2493991495655389,
    "layer_3": 0.19060824551673136,
    "layer_4": 0.057681641708264,
    "layer_5": 0.06452209280828249
  },
  "layer_compactness": {
    "layer_1": {
      "intra_class": 1.2839358973475106,
      "inter_class_mean": 2.0593159198760986,
      "inter_class_std": 1.671565055847168
    },
    "layer_2": {
      "intra_class": 2.029711240891749,
      "inter_class_mean": 3.173126459121704,
      "inter_class_std": 1.7811223268508911
    },
    "layer_3": {
      "intra_class": 2.323267547359043,
      "inter_class_mean": 4.133611679077148,
      "inter_class_std": 1.850913405418396
    },
    "layer_4": {
      "intra_class": 2.774375274867798,
      "inter_class_mean": 4.63725471496582,
      "inter_class_std": 1.9207966327667236
    },
    "layer_5": {
      "intra_class": 3.1785917177325667,
      "inter_class_mean": 5.547461032867432,
      "inter_class_std": 2.304987907409668
    }
  },
  "layer_margins": {
    "layer_1": {
      "mean_margin": -0.6805374622344971,
      "std_margin": 0.39898011088371277,
      "fraction_positive": 0.027546681456831208
    },
    "layer_2": {
      "mean_margin": -0.6547768712043762,
      "std_margin": 0.7534841299057007,
      "fraction_positive": 0.22795341098169716
    },
    "layer_3": {
      "mean_margin": -0.6485180258750916,
      "std_margin": 0.9102365970611572,
      "fraction_positive": 0.18783508966537252
    },
    "layer_4": {
      "mean_margin": -1.0345560312271118,
      "std_margin": 0.7979902029037476,
      "fraction_positive": 0.057681641708264
    },
    "layer_5": {
      "mean_margin": -1.5720155239105225,
      "std_margin": 0.7660014629364014,
      "fraction_positive": 0.06452209280828249
    }
  }
}