{
  "bins": 10,
  "num_classes": 79,
  "num_samples": 4992,
  "layers_analyzed": [
    "layer_1",
    "layer_2",
    "layer_3",
    "layer_4",
    "layer_5"
  ],
  "layer_accuracies": {
    "layer_1": 0.13361378205128205,
    "layer_2": 0.14723557692307693,
    "layer_3": 0.17728365384615385,
    "layer_4": 0.22115384615384615,
    "layer_5": 0.2858573717948718
  },
  "layer_compactness": {
    "layer_1": {
      "intra_class": 1.0557669637223122,
      "inter_class_mean": 0.8570817708969116,
      "inter_class_std": 0.5832346677780151
    },
    "layer_2": {
      "intra_class": 0.5918888399341717,
      "inter_class_mean": 0.5171279311180115,
      "inter_class_std": 0.37507539987564087
    },
    "layer_3": {
      "intra_class": 0.37535284974428773,
      "inter_class_mean": 0.3956397473812103,
      "inter_class_std": 0.31091058254241943
    },
    "layer_4": {
      "intra_class": 0.2428013065133424,
      "inter_class_mean": 0.3206787407398224,
      "inter_class_std": 0.2697583734989166
    },
    "layer_5": {
      "intra_class": 0.15954872021049069,
      "inter_class_mean": 0.27106839418411255,
      "inter_class_std": 0.2459360808134079
    }
  },
  "layer_margins": {
    "layer_1": {
      "mean_margin": -0.3089350759983063,
      "std_margin": 0.33206236362457275,
      "fraction_positive": 0.13361378205128205
    },
    "layer_2": {
      "mean_margin": -0.16472233831882477,
      "std_margin": 0.18813763558864594,
      "fraction_positive": 0.14723557692307693
    },
    "layer_3": {
      "mean_margin": -0.09401974827051163,
      "std_margin": 0.12931425869464874,
      "fraction_positive": 0.17728365384615385
    },
    "layer_4": {
      "mean_margin": -0.05406876280903816,
      "std_margin": 0.09875119477510452,
      "fraction_positive": 0.22115384615384615
    },
    "layer_5": {
      "mean_margin": -0.03074970655143261,
      "std_margin": 0.08530379831790924,
      "fraction_positive": 0.2858573717948718
    }
  }
}