{
  "layers_analyzed": [
    "layer_1",
    "layer_2",
    "layer_3",
    "layer_4",
    "layer_5"
  ],
  "num_layers": 5,
  "train": {
    "layer_1": {
      "h_norm": 0.40201476216316223,
      "residual_norm": 0.3833390772342682,
      "residual_inf_norm": 0.3833390772342682,
      "h_t_norm": 0.44388410449028015,
      "h_x_norm": 0.4314378499984741,
      "h_xx_norm": 0.37460172176361084,
      "h_tt_norm": 0.5223323106765747
    },
    "layer_2": {
      "h_norm": 0.40516993403434753,
      "residual_norm": 0.3745017647743225,
      "residual_inf_norm": 0.3745017647743225,
      "h_t_norm": 0.4584426283836365,
      "h_x_norm": 0.4166085124015808,
      "h_xx_norm": 0.3991740643978119,
      "h_tt_norm": 0.5064379572868347
    },
    "layer_3": {
      "h_norm": 0.41367438435554504,
      "residual_norm": 0.21736620366573334,
      "residual_inf_norm": 0.21736620366573334,
      "h_t_norm": 0.4427659809589386,
      "h_x_norm": 0.4014999270439148,
      "h_xx_norm": 0.41659876704216003,
      "h_tt_norm": 0.4351702034473419
    },
    "layer_4": {
      "h_norm": 0.4167340099811554,
      "residual_norm": 0.12114273011684418,
      "residual_inf_norm": 0.12114273011684418,
      "h_t_norm": 0.42604461312294006,
      "h_x_norm": 0.39333823323249817,
      "h_xx_norm": 0.40058013796806335,
      "h_tt_norm": 0.3884901702404022
    },
    "layer_5": {
      "h_norm": 0.4196650981903076,
      "residual_norm": 0.0007334333495236933,
      "residual_inf_norm": 0.0007334333495236933,
      "h_t_norm": 0.41765227913856506,
      "h_x_norm": 0.38843289017677307,
      "h_xx_norm": 0.419323593378067,
      "h_tt_norm": 0.41934430599212646
    }
  },
  "eval": {
    "layer_1": {
      "h_norm": 0.40216949582099915,
      "residual_norm": 0.38538581132888794,
      "residual_inf_norm": 0.38538581132888794,
      "h_t_norm": 0.4416102468967438,
      "h_x_norm": 0.4330432415008545,
      "h_xx_norm": 0.37482109665870667,
      "h_tt_norm": 0.5220696330070496
    },
    "layer_2": {
      "h_norm": 0.4032159447669983,
      "residual_norm": 0.3730887174606323,
      "residual_inf_norm": 0.3730887174606323,
      "h_t_norm": 0.45588257908821106,
      "h_x_norm": 0.41960984468460083,
      "h_xx_norm": 0.3975047767162323,
      "h_tt_norm": 0.5073566436767578
    },
    "layer_3": {
      "h_norm": 0.41176486015319824,
      "residual_norm": 0.22200138866901398,
      "residual_inf_norm": 0.22200138866901398,
      "h_t_norm": 0.4449346363544464,
      "h_x_norm": 0.40033549070358276,
      "h_xx_norm": 0.4166358709335327,
      "h_tt_norm": 0.4366665184497833
    },
    "layer_4": {
      "h_norm": 0.4143127202987671,
      "residual_norm": 0.12199194729328156,
      "residual_inf_norm": 0.12199194729328156,
      "h_t_norm": 0.42631179094314575,
      "h_x_norm": 0.3919017016887665,
      "h_xx_norm": 0.4025300443172455,
      "h_tt_norm": 0.386555016040802
    },
    "layer_5": {
      "h_norm": 0.41686972975730896,
      "residual_norm": 0.0007302536978386343,
      "residual_inf_norm": 0.0007302536978386343,
      "h_t_norm": 0.41822192072868347,
      "h_x_norm": 0.38781970739364624,
      "h_xx_norm": 0.4164872169494629,
      "h_tt_norm": 0.416494220495224
    }
  },
  "layer_norms": {
    "layer_1": {
      "train_residual_l2": 0.3833390772342682,
      "eval_residual_l2": 0.38538581132888794,
      "train_residual_linf": 0.3833390772342682,
      "eval_residual_linf": 0.38538581132888794
    },
    "layer_2": {
      "train_residual_l2": 0.3745017647743225,
      "eval_residual_l2": 0.3730887174606323,
      "train_residual_linf": 0.3745017647743225,
      "eval_residual_linf": 0.3730887174606323
    },
    "layer_3": {
      "train_residual_l2": 0.21736620366573334,
      "eval_residual_l2": 0.22200138866901398,
      "train_residual_linf": 0.21736620366573334,
      "eval_residual_linf": 0.22200138866901398
    },
    "layer_4": {
      "train_residual_l2": 0.12114273011684418,
      "eval_residual_l2": 0.12199194729328156,
      "train_residual_linf": 0.12114273011684418,
      "eval_residual_linf": 0.12199194729328156
    },
    "layer_5": {
      "train_residual_l2": 0.0007334333495236933,
      "eval_residual_l2": 0.0007302536978386343,
      "train_residual_linf": 0.0007334333495236933,
      "eval_residual_linf": 0.0007302536978386343
    }
  },
  "ic": {
    "train": {
      "layer_1": {
        "l2": 0.1432354599237442,
        "linf": 0.1432354599237442
      },
      "layer_2": {
        "l2": 0.197136789560318,
        "linf": 0.197136789560318
      },
      "layer_3": {
        "l2": 0.11098650842905045,
        "linf": 0.11098650842905045
      },
      "layer_4": {
        "l2": 0.03648452088236809,
        "linf": 0.03648452088236809
      },
      "layer_5": {
        "l2": 0.00018599677423480898,
        "linf": 0.00018599677423480898
      }
    },
    "eval": {
      "layer_1": {
        "l2": 0.11897489428520203,
        "linf": 0.11897489428520203
      },
      "layer_2": {
        "l2": 0.1744115650653839,
        "linf": 0.1744115650653839
      },
      "layer_3": {
        "l2": 0.09274227917194366,
        "linf": 0.09274227917194366
      },
      "layer_4": {
        "l2": 0.03611449524760246,
        "linf": 0.03611449524760246
      },
      "layer_5": {
        "l2": 0.00023029952717479318,
        "linf": 0.00023029952717479318
      }
    }
  },
  "bc_value": {
    "train": {
      "layer_1": {
        "l2": 1.593208909034729,
        "linf": 1.593208909034729
      },
      "layer_2": {
        "l2": 1.3538926839828491,
        "linf": 1.3538926839828491
      },
      "layer_3": {
        "l2": 1.2461612224578857,
        "linf": 1.2461612224578857
      },
      "layer_4": {
        "l2": 1.2470057010650635,
        "linf": 1.2470057010650635
      },
      "layer_5": {
        "l2": 1.1813677549362183,
        "linf": 1.1813677549362183
      }
    },
    "eval": {
      "layer_1": {
        "l2": 1.5085147619247437,
        "linf": 1.5085147619247437
      },
      "layer_2": {
        "l2": 1.262596607208252,
        "linf": 1.262596607208252
      },
      "layer_3": {
        "l2": 1.1452163457870483,
        "linf": 1.1452163457870483
      },
      "layer_4": {
        "l2": 1.1291142702102661,
        "linf": 1.1291142702102661
      },
      "layer_5": {
        "l2": 1.0595732927322388,
        "linf": 1.0595732927322388
      }
    }
  },
  "bc_derivative": {
    "train": {
      "layer_1": {
        "l2": 0.2537470757961273,
        "linf": 0.2537470757961273
      },
      "layer_2": {
        "l2": 0.39953193068504333,
        "linf": 0.39953193068504333
      },
      "layer_3": {
        "l2": 0.27522963285446167,
        "linf": 0.27522963285446167
      },
      "layer_4": {
        "l2": 0.2157406061887741,
        "linf": 0.2157406061887741
      },
      "layer_5": {
        "l2": 0.0018624290823936462,
        "linf": 0.0018624290823936462
      }
    },
    "eval": {
      "layer_1": {
        "l2": 0.25140368938446045,
        "linf": 0.25140368938446045
      },
      "layer_2": {
        "l2": 0.36280736327171326,
        "linf": 0.36280736327171326
      },
      "layer_3": {
        "l2": 0.27785658836364746,
        "linf": 0.27785658836364746
      },
      "layer_4": {
        "l2": 0.23045557737350464,
        "linf": 0.23045557737350464
      },
      "layer_5": {
        "l2": 0.0018369769677519798,
        "linf": 0.0018369769677519798
      }
    }
  },
  "final_layer_train_residual": 0.0007334333495236933,
  "final_layer_eval_residual": 0.0007302536978386343,
  "final_layer_train_residual_inf": 0.0007334333495236933,
  "final_layer_eval_residual_inf": 0.0007302536978386343,
  "final_layer_train_ic": {
    "l2": 0.00018599677423480898,
    "linf": 0.00018599677423480898
  },
  "final_layer_eval_ic": {
    "l2": 0.00023029952717479318,
    "linf": 0.00023029952717479318
  },
  "final_layer_train_bc_value": {
    "l2": 1.1813677549362183,