{
  "layers_analyzed": [
    "layer_1",
    "layer_2",
    "layer_3",
    "layer_4",
    "layer_5"
  ],
  "num_layers": 5,
  "train": {
    "layer_1": {
      "h_norm": 0.455334335565567,
      "residual_norm": 2.0072903633117676,
      "residual_inf_norm": 2.0072903633117676,
      "h_t_norm": 0.8103508949279785,
      "h_x_norm": 0.5945934057235718,
      "h_xx_norm": 1.0975853204727173,
      "h_tt_norm": 1.8972735404968262
    },
    "layer_2": {
      "h_norm": 0.41513046622276306,
      "residual_norm": 0.5742440819740295,
      "residual_inf_norm": 0.5742440819740295,
      "h_t_norm": 0.47068363428115845,
      "h_x_norm": 0.4192160367965698,
      "h_xx_norm": 0.49791789054870605,
      "h_tt_norm": 0.6332083344459534
    },
    "layer_3": {
      "h_norm": 0.417258083820343,
      "residual_norm": 0.4629424512386322,
      "residual_inf_norm": 0.4629424512386322,
      "h_t_norm": 0.4541284441947937,
      "h_x_norm": 0.4120051860809326,
      "h_xx_norm": 0.48551496863365173,
      "h_tt_norm": 0.5360904932022095
    },
    "layer_4": {
      "h_norm": 0.41846054792404175,
      "residual_norm": 0.08521778136491776,
      "residual_inf_norm": 0.08521778136491776,
      "h_t_norm": 0.42030349373817444,
      "h_x_norm": 0.3908301293849945,
      "h_xx_norm": 0.41443243622779846,
      "h_tt_norm": 0.4134458005428314
    },
    "layer_5": {
      "h_norm": 0.4195454716682434,
      "residual_norm": 0.024751726537942886,
      "residual_inf_norm": 0.024751726537942886,
      "h_t_norm": 0.41855162382125854,
      "h_x_norm": 0.3883482813835144,
      "h_xx_norm": 0.41557663679122925,
      "h_tt_norm": 0.416963666677475
    }
  },
  "eval": {
    "layer_1": {
      "h_norm": 0.45139357447624207,
      "residual_norm": 2.0336806774139404,
      "residual_inf_norm": 2.0336806774139404,
      "h_t_norm": 0.8154778480529785,
      "h_x_norm": 0.5985133647918701,
      "h_xx_norm": 1.0920816659927368,
      "h_tt_norm": 1.911838412284851
    },
    "layer_2": {
      "h_norm": 0.4131421148777008,
      "residual_norm": 0.5614747405052185,
      "residual_inf_norm": 0.5614747405052185,
      "h_t_norm": 0.4720654785633087,
      "h_x_norm": 0.4192053973674774,
      "h_xx_norm": 0.49991220235824585,
      "h_tt_norm": 0.6240623593330383
    },
    "layer_3": {
      "h_norm": 0.4154341220855713,
      "residual_norm": 0.46425577998161316,
      "residual_inf_norm": 0.46425577998161316,
      "h_t_norm": 0.4539605975151062,
      "h_x_norm": 0.4130307137966156,
      "h_xx_norm": 0.48704269528388977,
      "h_tt_norm": 0.5306838750839233
    },
    "layer_4": {
      "h_norm": 0.4157978892326355,
      "residual_norm": 0.0864059329032898,
      "residual_inf_norm": 0.0864059329032898,
      "h_t_norm": 0.4218920171260834,
      "h_x_norm": 0.3902439475059509,
      "h_xx_norm": 0.4119684100151062,
      "h_tt_norm": 0.40975555777549744
    },
    "layer_5": {
      "h_norm": 0.41691917181015015,
      "residual_norm": 0.02499670349061489,
      "residual_inf_norm": 0.02499670349061489,
      "h_t_norm": 0.4192625880241394,
      "h_x_norm": 0.3878916800022125,
      "h_xx_norm": 0.41292503476142883,
      "h_tt_norm": 0.4150995910167694
    }
  },
  "layer_norms": {
    "layer_1": {
      "train_residual_l2": 2.0072903633117676,
      "eval_residual_l2": 2.0336806774139404,
      "train_residual_linf": 2.0072903633117676,
      "eval_residual_linf": 2.0336806774139404
    },
    "layer_2": {
      "train_residual_l2": 0.5742440819740295,
      "eval_residual_l2": 0.5614747405052185,
      "train_residual_linf": 0.5742440819740295,
      "eval_residual_linf": 0.5614747405052185
    },
    "layer_3": {
      "train_residual_l2": 0.4629424512386322,
      "eval_residual_l2": 0.46425577998161316,
      "train_residual_linf": 0.4629424512386322,
      "eval_residual_linf": 0.46425577998161316
    },
    "layer_4": {
      "train_residual_l2": 0.08521778136491776,
      "eval_residual_l2": 0.0864059329032898,
      "train_residual_linf": 0.08521778136491776,
      "eval_residual_linf": 0.0864059329032898
    },
    "layer_5": {
      "train_residual_l2": 0.024751726537942886,
      "eval_residual_l2": 0.02499670349061489,
      "train_residual_linf": 0.024751726537942886,
      "eval_residual_linf": 0.02499670349061489
    }
  },
  "ic": {
    "train": {
      "layer_1": {
        "l2": 0.6647771596908569,
        "linf": 0.6647771596908569
      },
      "layer_2": {
        "l2": 0.16209368407726288,
        "linf": 0.16209368407726288
      },
      "layer_3": {
        "l2": 0.09071187674999237,
        "linf": 0.09071187674999237
      },
      "layer_4": {
        "l2": 0.01239101868122816,
        "linf": 0.01239101868122816
      },
      "layer_5": {
        "l2": 0.0035504258703440428,
        "linf": 0.0035504258703440428
      }
    },
    "eval": {
      "layer_1": {
        "l2": 0.6477659344673157,
        "linf": 0.6477659344673157
      },
      "layer_2": {
        "l2": 0.14330828189849854,
        "linf": 0.14330828189849854
      },
      "layer_3": {
        "l2": 0.08927131444215775,
        "linf": 0.08927131444215775
      },
      "layer_4": {
        "l2": 0.012810111977159977,
        "linf": 0.012810111977159977
      },
      "layer_5": {
        "l2": 0.0034815885592252016,
        "linf": 0.0034815885592252016
      }
    }
  },
  "bc_value": {
    "train": {
      "layer_1": {
        "l2": 1.341835379600525,
        "linf": 1.341835379600525
      },
      "layer_2": {
        "l2": 1.3095556497573853,
        "linf": 1.3095556497573853
      },
      "layer_3": {
        "l2": 1.3203251361846924,
        "linf": 1.3203251361846924
      },
      "layer_4": {
        "l2": 1.176710605621338,
        "linf": 1.176710605621338
      },
      "layer_5": {
        "l2": 1.1861670017242432,
        "linf": 1.1861670017242432
      }
    },
    "eval": {
      "layer_1": {
        "l2": 1.4056129455566406,
        "linf": 1.4056129455566406
      },
      "layer_2": {
        "l2": 1.142769455909729,
        "linf": 1.142769455909729
      },
      "layer_3": {
        "l2": 1.155591368675232,
        "linf": 1.155591368675232
      },
      "layer_4": {
        "l2": 1.0589028596878052,
        "linf": 1.0589028596878052
      },
      "layer_5": {
        "l2": 1.0641493797302246,
        "linf": 1.0641493797302246
      }
    }
  },
  "bc_derivative": {
    "train": {
      "layer_1": {
        "l2": 2.207249402999878,
        "linf": 2.207249402999878
      },
      "layer_2": {
        "l2": 0.8055202960968018,
        "linf": 0.8055202960968018
      },
      "layer_3": {
        "l2": 0.5638484358787537,
        "linf": 0.5638484358787537
      },
      "layer_4": {
        "l2": 0.08057417720556259,
        "linf": 0.08057417720556259
      },
      "layer_5": {
        "l2": 0.043320588767528534,
        "linf": 0.043320588767528534
      }
    },
    "eval": {
      "layer_1": {
        "l2": 2.3816535472869873,
        "linf": 2.3816535472869873
      },
      "layer_2": {
        "l2": 0.8749662041664124,
        "linf": 0.8749662041664124
      },
      "layer_3": {
        "l2": 0.6077826023101807,
        "linf": 0.6077826023101807
      },
      "layer_4": {
        "l2": 0.08446779102087021,
        "linf": 0.08446779102087021
      },
      "layer_5": {
        "l2": 0.04750831052660942,
        "linf": 0.04750831052660942
      }
    }
  },
  "final_layer_train_residual": 0.024751726537942886,
  "final_layer_eval_residual": 0.02499670349061489,
  "final_layer_train_residual_inf": 0.024751726537942886,
  "final_layer_eval_residual_inf": 0.02499670349061489,
  "final_layer_train_ic": {
    "l2": 0.0035504258703440428,
    "linf": 0.0035504258703440428
  },
  "final_layer_eval_ic": {
    "l2": 0.0034815885592252016,
    "linf": 0.0034815885592252016
  },
  "final_layer_train_bc_value": {
    "l2": 1.1861670017242432,
    "linf": 1.1861670017242432
  },