{
  "layers_analyzed": [
    "layer_1",
    "layer_2",
    "layer_3",
    "layer_4",
    "layer_5"
  ],
  "num_layers": 5,
  "train": {
    "rel_l2": [
      0.24821779131889343,
      0.11921506375074387,
      0.14139112830162048,
      0.056121837347745895,
      0.030421381816267967
    ],
    "inf_norm": [
      0.7101489901542664,
      0.534216582775116,
      0.39499419927597046,
      0.2600879669189453,
      0.21130585670471191
    ]
  },
  "eval": {
    "rel_l2": [
      0.2508229613304138,
      0.12067347764968872,
      0.14306896924972534,
      0.05726759508252144,
      0.0308423712849617
    ],
    "inf_norm": [
      0.7101337313652039,
      0.4669262170791626,
      0.3397101163864136,
      0.23202544450759888,
      0.2088126540184021
    ]
  },
  "layer_dimensions": {
    "layer_1": 50,
    "layer_2": 50,
    "layer_3": 50,
    "layer_4": 50,
    "layer_5": 50
  }
}