{
  "layers_analyzed": [
    "layer_1",
    "layer_2",
    "layer_3",
    "layer_4",
    "layer_5",
    "layer_6",
    "layer_7"
  ],
  "num_layers": 7,
  "train": {
    "layer_1": {
      "h_norm": 0.5065615773200989,
      "residual_norm": 1.1668452024459839,
      "residual_inf_norm": 1.1668452024459839,
      "h_t_norm": 0.9207528233528137,
      "h_x_norm": 2.2235805988311768,
      "h_xx_norm": 13.690479278564453,
      "convection_norm": 1.0087802410125732
    },
    "layer_2": {
      "h_norm": 0.5419003963470459,
      "residual_norm": 2.236492156982422,
      "residual_inf_norm": 2.236492156982422,
      "h_t_norm": 1.8745942115783691,
      "h_x_norm": 2.5487470626831055,
      "h_xx_norm": 21.817886352539062,
      "convection_norm": 1.2589442729949951
    },
    "layer_3": {
      "h_norm": 0.5280963778495789,
      "residual_norm": 0.5512180924415588,
      "residual_inf_norm": 0.5512180924415588,
      "h_t_norm": 0.6441946625709534,
      "h_x_norm": 2.0230460166931152,
      "h_xx_norm": 19.586097717285156,
      "convection_norm": 0.9849345088005066
    },
    "layer_4": {
      "h_norm": 0.5371783971786499,
      "residual_norm": 0.3437650799751282,
      "residual_inf_norm": 0.3437650799751282,
      "h_t_norm": 0.6149954199790955,
      "h_x_norm": 1.9663033485412598,
      "h_xx_norm": 52.75196075439453,
      "convection_norm": 0.9578620791435242
    },
    "layer_5": {
      "h_norm": 0.5380598306655884,
      "residual_norm": 0.18805411458015442,
      "residual_inf_norm": 0.18805411458015442,
      "h_t_norm": 0.6113784313201904,
      "h_x_norm": 1.924951434135437,
      "h_xx_norm": 70.40470123291016,
      "convection_norm": 0.9205464720726013
    },
    "layer_6": {
      "h_norm": 0.5382670164108276,
      "residual_norm": 0.1055803969502449,
      "residual_inf_norm": 0.1055803969502449,
      "h_t_norm": 0.6193734407424927,
      "h_x_norm": 1.8916149139404297,
      "h_xx_norm": 80.46319580078125,
      "convection_norm": 0.8868423104286194
    },
    "layer_7": {
      "h_norm": 0.5383375287055969,
      "residual_norm": 0.010429923422634602,
      "residual_inf_norm": 0.010429923422634602,
      "h_t_norm": 0.6130180358886719,
      "h_x_norm": 1.8631799221038818,
      "h_xx_norm": 87.587646484375,
      "convection_norm": 0.8765963315963745
    }
  },
  "eval": {
    "layer_1": {
      "h_norm": 0.5072439312934875,
      "residual_norm": 1.1906739473342896,
      "residual_inf_norm": 1.1906739473342896,
      "h_t_norm": 0.9164944291114807,
      "h_x_norm": 2.2329654693603516,
      "h_xx_norm": 13.695894241333008,
      "convection_norm": 1.0377860069274902
    },
    "layer_2": {
      "h_norm": 0.5404648780822754,
      "residual_norm": 2.247166633605957,
      "residual_inf_norm": 2.247166633605957,
      "h_t_norm": 1.884155511856079,
      "h_x_norm": 2.566000461578369,
      "h_xx_norm": 21.855539321899414,
      "convection_norm": 1.2635208368301392
    },
    "layer_3": {
      "h_norm": 0.527770459651947,
      "residual_norm": 0.5611820816993713,
      "residual_inf_norm": 0.5611820816993713,
      "h_t_norm": 0.6463133096694946,
      "h_x_norm": 2.0463650226593018,
      "h_xx_norm": 19.832473754882812,
      "convection_norm": 0.9936932325363159
    },
    "layer_4": {
      "h_norm": 0.5372576713562012,
      "residual_norm": 0.35336583852767944,
      "residual_inf_norm": 0.35336583852767944,
      "h_t_norm": 0.6132779717445374,
      "h_x_norm": 2.0042057037353516,
      "h_xx_norm": 53.7255859375,
      "convection_norm": 0.965850830078125
    },
    "layer_5": {
      "h_norm": 0.538979172706604,
      "residual_norm": 0.19576841592788696,
      "residual_inf_norm": 0.19576841592788696,
      "h_t_norm": 0.6117211580276489,
      "h_x_norm": 1.9281702041625977,
      "h_xx_norm": 75.10337829589844,
      "convection_norm": 0.9472845792770386
    },
    "layer_6": {
      "h_norm": 0.5388654470443726,
      "residual_norm": 0.10740727186203003,
      "residual_inf_norm": 0.10740727186203003,
      "h_t_norm": 0.6211920976638794,
      "h_x_norm": 1.8852100372314453,
      "h_xx_norm": 84.3884506225586,
      "convection_norm": 0.9027092456817627
    },
    "layer_7": {
      "h_norm": 0.5391409993171692,
      "residual_norm": 0.01059910748153925,
      "residual_inf_norm": 0.01059910748153925,
      "h_t_norm": 0.6154935956001282,
      "h_x_norm": 1.8501206636428833,
      "h_xx_norm": 87.93109130859375,
      "convection_norm": 0.8800101280212402
    }
  },
  "layer_norms": {
    "layer_1": {
      "train_residual_l2": 1.1668452024459839,
      "eval_residual_l2": 1.1906739473342896,
      "train_residual_linf": 1.1668452024459839,
      "eval_residual_linf": 1.1906739473342896
    },
    "layer_2": {
      "train_residual_l2": 2.236492156982422,
      "eval_residual_l2": 2.247166633605957,
      "train_residual_linf": 2.236492156982422,
      "eval_residual_linf": 2.247166633605957
    },
    "layer_3": {
      "train_residual_l2": 0.5512180924415588,
      "eval_residual_l2": 0.5611820816993713,
      "train_residual_linf": 0.5512180924415588,
      "eval_residual_linf": 0.5611820816993713
    },
    "layer_4": {
      "train_residual_l2": 0.3437650799751282,
      "eval_residual_l2": 0.35336583852767944,
      "train_residual_linf": 0.3437650799751282,
      "eval_residual_linf": 0.35336583852767944
    },
    "layer_5": {
      "train_residual_l2": 0.18805411458015442,
      "eval_residual_l2": 0.19576841592788696,
      "train_residual_linf": 0.18805411458015442,
      "eval_residual_linf": 0.19576841592788696
    },
    "layer_6": {
      "train_residual_l2": 0.1055803969502449,
      "eval_residual_l2": 0.10740727186203003,
      "train_residual_linf": 0.1055803969502449,
      "eval_residual_linf": 0.10740727186203003
    },
    "layer_7": {
      "train_residual_l2": 0.010429923422634602,
      "eval_residual_l2": 0.01059910748153925,
      "train_residual_linf": 0.010429923422634602,
      "eval_residual_linf": 0.01059910748153925
    }
  },
  "ic": {
    "train": {
      "layer_1": {
        "l2": 0.13703317940235138,
        "linf": 0.13703317940235138
      },
      "layer_2": {
        "l2": 0.4164661467075348,
        "linf": 0.4164661467075348
      },
      "layer_3": {
        "l2": 0.05130314454436302,
        "linf": 0.05130314454436302
      },
      "layer_4": {
        "l2": 0.04541805759072304,
        "linf": 0.04541805759072304
      },
      "layer_5": {
        "l2": 0.012634187936782837,
        "linf": 0.012634187936782837
      },
      "layer_6": {
        "l2": 0.012667465023696423,
        "linf": 0.012667465023696423
      },
      "layer_7": {
        "l2": 0.000780987087637186,
        "linf": 0.000780987087637186
      }
    },
    "eval": {
      "layer_1": {
        "l2": 0.14013826847076416,
        "linf": 0.14013826847076416
      },
      "layer_2": {
        "l2": 0.4108382761478424,
        "linf": 0.4108382761478424
      },
      "layer_3": {
        "l2": 0.05620095133781433,
        "linf": 0.05620095133781433
      },
      "layer_4": {
        "l2": 0.04595154896378517,
        "linf": 0.04595154896378517
      },
      "layer_5": {
        "l2": 0.013725507073104382,
        "linf": 0.013725507073104382
      },
      "layer_6": {
        "l2": 0.01186624076217413,
        "linf": 0.01186624076217413
      },
      "layer_7": {
        "l2": 0.0009535039425827563,
        "linf": 0.0009535039425827563
      }
    }
  },
  "bc_value": {
    "train": {
      "layer_1": {
        "l2": 0.566556990146637,
        "linf": 0.566556990146637
      },
      "layer_2": {
        "l2": 0.5417948961257935,
        "linf": 0.5417948961257935
      },
      "layer_3": {
        "l2": 0.056617069989442825,
        "linf": 0.056617069989442825
      },
      "layer_4": {
        "l2": 0.018970534205436707,
        "linf": 0.018970534205436707
      },
      "layer_5": {
        "l2": 0.010123667307198048,
        "linf": 0.010123667307198048
      },