{
  "layers_analyzed": [
    "layer_1",
    "layer_2",
    "layer_3",
    "layer_4",
    "layer_5"
  ],
  "num_layers": 5,
  "train": {
    "rel_l2": [
      0.1333339512348175,
      0.18240594863891602,
      0.13495948910713196,
      0.02244821935892105,
      0.0060963439755141735
    ],
    "inf_norm": [
      0.5917338728904724,
      0.5044844150543213,
      0.4202471375465393,
      0.12550783157348633,
      0.046955645084381104
    ]
  },
  "eval": {
    "rel_l2": [
      0.1323707401752472,
      0.183491513133049,
      0.13762889802455902,
      0.02318628877401352,
      0.00607697619125247
    ],
    "inf_norm": [
      0.5300570130348206,
      0.4211962819099426,
      0.3067530393600464,
      0.10185348987579346,
      0.031714558601379395
    ]
  },
  "layer_dimensions": {
    "layer_1": 70,
    "layer_2": 70,
    "layer_3": 70,
    "layer_4": 70,
    "layer_5": 70
  }
}