{
  "layers_analyzed": [
    "layer_1",
    "layer_2",
    "layer_3"
  ],
  "num_layers": 3,
  "train": {
    "layer_1": {
      "h_norm": 0.48309993743896484,
      "residual_norm": 0.7769439816474915,
      "residual_inf_norm": 0.7769439816474915,
      "h_t_norm": 0.4583233892917633,
      "h_x_norm": 1.7821329832077026,
      "h_xx_norm": 9.795062065124512,
      "convection_norm": 0.8020928502082825
    },
    "layer_2": {
      "h_norm": 0.5538156628608704,
      "residual_norm": 3.277086019515991,
      "residual_inf_norm": 3.277086019515991,
      "h_t_norm": 2.8936188220977783,
      "h_x_norm": 4.364252090454102,
      "h_xx_norm": 132.6898193359375,
      "convection_norm": 2.6223511695861816
    },
    "layer_3": {
      "h_norm": 0.5380334258079529,
      "residual_norm": 0.29315897822380066,
      "residual_inf_norm": 0.29315897822380066,
      "h_t_norm": 0.6270608901977539,
      "h_x_norm": 1.9466592073440552,
      "h_xx_norm": 86.76272583007812,
      "convection_norm": 0.9350872039794922
    }
  },
  "eval": {
    "layer_1": {
      "h_norm": 0.4817727506160736,
      "residual_norm": 0.7779797315597534,
      "residual_inf_norm": 0.7779797315597534,
      "h_t_norm": 0.4561927914619446,
      "h_x_norm": 1.7920780181884766,
      "h_xx_norm": 9.75841236114502,
      "convection_norm": 0.8090111613273621
    },
    "layer_2": {
      "h_norm": 0.5544266700744629,
      "residual_norm": 3.304381847381592,
      "residual_inf_norm": 3.304381847381592,
      "h_t_norm": 2.8499183654785156,
      "h_x_norm": 4.368328094482422,
      "h_xx_norm": 135.6681365966797,
      "convection_norm": 2.654581069946289
    },
    "layer_3": {
      "h_norm": 0.5386859774589539,
      "residual_norm": 0.28689444065093994,
      "residual_inf_norm": 0.28689444065093994,
      "h_t_norm": 0.6283276677131653,
      "h_x_norm": 1.9477243423461914,
      "h_xx_norm": 91.78335571289062,
      "convection_norm": 0.950557291507721
    }
  },
  "layer_norms": {
    "layer_1": {
      "train_residual_l2": 0.7769439816474915,
      "eval_residual_l2": 0.7779797315597534,
      "train_residual_linf": 0.7769439816474915,
      "eval_residual_linf": 0.7779797315597534
    },
    "layer_2": {
      "train_residual_l2": 3.277086019515991,
      "eval_residual_l2": 3.304381847381592,
      "train_residual_linf": 3.277086019515991,
      "eval_residual_linf": 3.304381847381592
    },
    "layer_3": {
      "train_residual_l2": 0.29315897822380066,
      "eval_residual_l2": 0.28689444065093994,
      "train_residual_linf": 0.29315897822380066,
      "eval_residual_linf": 0.28689444065093994
    }
  },
  "ic": {
    "train": {
      "layer_1": {
        "l2": 0.1269577145576477,
        "linf": 0.1269577145576477
      },
      "layer_2": {
        "l2": 0.4977598488330841,
        "linf": 0.4977598488330841
      },
      "layer_3": {
        "l2": 0.014499693177640438,
        "linf": 0.014499693177640438
      }
    },
    "eval": {
      "layer_1": {
        "l2": 0.1273997277021408,
        "linf": 0.1273997277021408
      },
      "layer_2": {
        "l2": 0.4236694574356079,
        "linf": 0.4236694574356079
      },
      "layer_3": {
        "l2": 0.011900926008820534,
        "linf": 0.011900926008820534
      }
    }
  },
  "bc_value": {
    "train": {
      "layer_1": {
        "l2": 0.31916603446006775,
        "linf": 0.31916603446006775
      },
      "layer_2": {
        "l2": 0.5235461592674255,
        "linf": 0.5235461592674255
      },
      "layer_3": {
        "l2": 0.008535918779671192,
        "linf": 0.008535918779671192
      }
    },
    "eval": {
      "layer_1": {
        "l2": 0.3176422119140625,
        "linf": 0.3176422119140625
      },
      "layer_2": {
        "l2": 0.4603627622127533,
        "linf": 0.4603627622127533
      },
      "layer_3": {
        "l2": 0.008625726215541363,
        "linf": 0.008625726215541363
      }
    }
  },
  "bc_derivative": {
    "train": {
      "layer_1": {
        "l2": 0.7209787964820862,
        "linf": 0.7209787964820862
      },
      "layer_2": {
        "l2": 9.687566757202148,
        "linf": 9.687566757202148
      },
      "layer_3": {
        "l2": 0.34072333574295044,
        "linf": 0.34072333574295044
      }
    },
    "eval": {
      "layer_1": {
        "l2": 0.5951597690582275,
        "linf": 0.5951597690582275
      },
      "layer_2": {
        "l2": 10.469945907592773,
        "linf": 10.469945907592773
      },
      "layer_3": {
        "l2": 0.3569059371948242,
        "linf": 0.3569059371948242
      }
    }
  },
  "final_layer_train_residual": 0.29315897822380066,
  "final_layer_eval_residual": 0.28689444065093994,
  "final_layer_train_residual_inf": 0.29315897822380066,
  "final_layer_eval_residual_inf": 0.28689444065093994,
  "final_layer_train_ic": {
    "l2": 0.014499693177640438,
    "linf": 0.014499693177640438
  },
  "final_layer_eval_ic": {
    "l2": 0.011900926008820534,
    "linf": 0.011900926008820534
  },
  "final_layer_train_bc_value": {
    "l2": 0.008535918779671192,
    "linf": 0.008535918779671192
  },
  "final_layer_eval_bc_value": {
    "l2": 0.008625726215541363,
    "linf": 0.008625726215541363
  },
  "final_layer_train_bc_derivative": {
    "l2": 0.34072333574295044,
    "linf": 0.34072333574295044
  },
  "final_layer_eval_bc_derivative": {
    "l2": 0.3569059371948242,
    "linf": 0.3569059371948242
  }
}