{
  "layers_analyzed": [
    "layer_1",
    "layer_2",
    "layer_3"
  ],
  "num_layers": 3,
  "train": {
    "layer_1": {
      "h_norm": 0.6452975273132324,
      "residual_norm": 2.6307950019836426,
      "residual_inf_norm": 2.3564043045043945,
      "h_t_norm": 2.9806809425354004,
      "h_x_norm": 0.9992278814315796,
      "h_xx_norm": 2.7483603954315186,
      "nonlinear_norm": 1.2424837350845337
    },
    "layer_2": {
      "h_norm": 0.7226384878158569,
      "residual_norm": 5.72347354888916,
      "residual_inf_norm": 4.999435901641846,
      "h_t_norm": 3.894094467163086,
      "h_x_norm": 1.5701076984405518,
      "h_xx_norm": 9.29231071472168,
      "nonlinear_norm": 1.911576509475708
    },
    "layer_3": {
      "h_norm": 0.590790867805481,
      "residual_norm": 0.0862300843000412,
      "residual_inf_norm": 0.077322818338871,
      "h_t_norm": 1.5911915302276611,
      "h_x_norm": 0.6783716082572937,
      "h_xx_norm": 1.688929796218872,
      "nonlinear_norm": 1.6205741167068481
    }
  },
  "eval": {
    "layer_1": {
      "h_norm": 0.6785385608673096,
      "residual_norm": 2.8672940731048584,
      "residual_inf_norm": 2.579012393951416,
      "h_t_norm": 3.2195236682891846,
      "h_x_norm": 1.0580099821090698,
      "h_xx_norm": 2.941880941390991,
      "nonlinear_norm": 1.422499656677246
    },
    "layer_2": {
      "h_norm": 0.7489618062973022,
      "residual_norm": 6.054141044616699,
      "residual_inf_norm": 5.2807159423828125,
      "h_t_norm": 4.237259387969971,
      "h_x_norm": 1.6709108352661133,
      "h_xx_norm": 9.522917747497559,
      "nonlinear_norm": 2.0377726554870605
    },
    "layer_3": {
      "h_norm": 0.6012850403785706,
      "residual_norm": 0.0913269892334938,
      "residual_inf_norm": 0.0823528841137886,
      "h_t_norm": 1.6315217018127441,
      "h_x_norm": 0.6963828206062317,
      "h_xx_norm": 1.5542062520980835,
      "nonlinear_norm": 1.6136603355407715
    }
  },
  "layer_norms": {
    "layer_1": {
      "train_residual_l2": 2.6307950019836426,
      "eval_residual_l2": 2.8672940731048584,
      "train_residual_linf": 2.3564043045043945,
      "eval_residual_linf": 2.579012393951416
    },
    "layer_2": {
      "train_residual_l2": 5.72347354888916,
      "eval_residual_l2": 6.054141044616699,
      "train_residual_linf": 4.999435901641846,
      "eval_residual_linf": 5.2807159423828125
    },
    "layer_3": {
      "train_residual_l2": 0.0862300843000412,
      "eval_residual_l2": 0.0913269892334938,
      "train_residual_linf": 0.077322818338871,
      "eval_residual_linf": 0.0823528841137886
    }
  },
  "ic": {
    "train": {
      "layer_1": {
        "l2": 0.6198594570159912,
        "linf": 0.5303709506988525
      },
      "layer_2": {
        "l2": 0.9159109592437744,
        "linf": 0.6796996593475342
      },
      "layer_3": {
        "l2": 0.0038192684296518564,
        "linf": 0.0035076302010565996
      }
    },
    "eval": {
      "layer_1": {
        "l2": 0.5566185116767883,
        "linf": 0.47276777029037476
      },
      "layer_2": {
        "l2": 0.9448450207710266,
        "linf": 0.7043822407722473
      },
      "layer_3": {
        "l2": 0.004552437923848629,
        "linf": 0.004124933388084173
      }
    }
  },
  "bc_value": {
    "train": {
      "layer_1": {
        "l2": 0.6632713079452515,
        "linf": 0.5670880079269409
      },
      "layer_2": {
        "l2": 0.8763198852539062,
        "linf": 0.6364088654518127
      },
      "layer_3": {
        "l2": 0.003988978452980518,
        "linf": 0.003660013899207115
      }
    },
    "eval": {
      "layer_1": {
        "l2": 0.6572402119636536,
        "linf": 0.558551013469696
      },
      "layer_2": {
        "l2": 0.9694451093673706,
        "linf": 0.707843005657196
      },
      "layer_3": {
        "l2": 0.004706446081399918,
        "linf": 0.004306620452553034
      }
    }
  },
  "bc_derivative": {
    "train": {
      "layer_1": {
        "l2": 4.524102687835693,
        "linf": 4.1113057136535645
      },
      "layer_2": {
        "l2": 1.7174910306930542,
        "linf": 1.3142696619033813
      },
      "layer_3": {
        "l2": 0.028098976239562035,
        "linf": 0.025201737880706787
      }
    },
    "eval": {
      "layer_1": {
        "l2": 4.4785566329956055,
        "linf": 4.156976222991943
      },
      "layer_2": {
        "l2": 1.7816215753555298,
        "linf": 1.3750989437103271
      },
      "layer_3": {
        "l2": 0.028397953137755394,
        "linf": 0.02519688382744789
      }
    }
  },
  "final_layer_train_residual": 0.0862300843000412,
  "final_layer_eval_residual": 0.0913269892334938,
  "final_layer_train_residual_inf": 0.077322818338871,
  "final_layer_eval_residual_inf": 0.0823528841137886,
  "final_layer_train_ic": {
    "l2": 0.0038192684296518564,
    "linf": 0.0035076302010565996
  },
  "final_layer_eval_ic": {
    "l2": 0.004552437923848629,
    "linf": 0.004124933388084173
  },
  "final_layer_train_bc_value": {
    "l2": 0.003988978452980518,
    "linf": 0.003660013899207115
  },
  "final_layer_eval_bc_value": {
    "l2": 0.004706446081399918,
    "linf": 0.004306620452553034
  },
  "final_layer_train_bc_derivative": {
    "l2": 0.028098976239562035,
    "linf": 0.025201737880706787
  },
  "final_layer_eval_bc_derivative": {
    "l2": 0.028397953137755394,
    "linf": 0.02519688382744789
  }
}