{
  "bins": 10,
  "num_classes": 79,
  "num_samples": 4992,
  "layers_analyzed": [
    "layer_1",
    "layer_2",
    "layer_3",
    "layer_4",
    "layer_5"
  ],
  "layer_accuracies": {
    "layer_1": 0.10216346153846154,
    "layer_2": 0.12880608974358973,
    "layer_3": 0.17688301282051283,
    "layer_4": 0.2421875,
    "layer_5": 0.3046875
  },
  "layer_compactness": {
    "layer_1": {
      "intra_class": 0.5827155028622648,
      "inter_class_mean": 0.34136155247688293,
      "inter_class_std": 0.20485521852970123
    },
    "layer_2": {
      "intra_class": 1.3128264836304664,
      "inter_class_mean": 0.9144406318664551,
      "inter_class_std": 0.536808967590332
    },
    "layer_3": {
      "intra_class": 2.2418376291973416,
      "inter_class_mean": 2.1072869300842285,
      "inter_class_std": 1.1467291116714478
    },
    "layer_4": {
      "intra_class": 3.009668622895529,
      "inter_class_mean": 3.59322452545166,
      "inter_class_std": 1.7554073333740234
    },
    "layer_5": {
      "intra_class": 3.0916349577290876,
      "inter_class_mean": 4.743402004241943,
      "inter_class_std": 2.1964495182037354
    }
  },
  "layer_margins": {
    "layer_1": {
      "mean_margin": -0.20239610970020294,
      "std_margin": 0.18083056807518005,
      "fraction_positive": 0.10216346153846154
    },
    "layer_2": {
      "mean_margin": -0.40586936473846436,
      "std_margin": 0.3927987217903137,
      "fraction_positive": 0.12880608974358973
    },
    "layer_3": {
      "mean_margin": -0.6496283411979675,
      "std_margin": 0.71066814661026,
      "fraction_positive": 0.17688301282051283
    },
    "layer_4": {
      "mean_margin": -0.7999830842018127,
      "std_margin": 0.9852041602134705,
      "fraction_positive": 0.2421875
    },
    "layer_5": {
      "mean_margin": -0.6694310307502747,
      "std_margin": 1.047954797744751,
      "fraction_positive": 0.3046875
    }
  }
}