{
  "bins": 5,
  "num_classes": 5,
  "num_samples": 4000,
  "layers_analyzed": [
    "layer_1",
    "layer_2",
    "layer_3",
    "layer_4",
    "layer_5"
  ],
  "layer_accuracies": {
    "layer_1": 0.2405,
    "layer_2": 0.24575,
    "layer_3": 0.22125,
    "layer_4": 0.2915,
    "layer_5": 0.3505
  },
  "layer_compactness": {
    "layer_1": {
      "intra_class": 0.4065876126289368,
      "intra_class_std": 0.20454444528192842,
      "inter_class_mean": 0.30080074071884155,
      "inter_class_std": 0.31081047654151917
    },
    "layer_2": {
      "intra_class": 0.25453906059265136,
      "intra_class_std": 0.12788583385336957,
      "inter_class_mean": 0.16639526188373566,
      "inter_class_std": 0.1618579924106598
    },
    "layer_3": {
      "intra_class": 0.2185115098953247,
      "intra_class_std": 0.10964272810385467,
      "inter_class_mean": 0.12228353321552277,
      "inter_class_std": 0.10276433825492859
    },
    "layer_4": {
      "intra_class": 0.23484995365142822,
      "intra_class_std": 0.11809039971228479,
      "inter_class_mean": 0.1658329963684082,
      "inter_class_std": 0.12267342954874039
    },
    "layer_5": {
      "intra_class": 0.2298907995223999,
      "intra_class_std": 0.1158175889555933,
      "inter_class_mean": 0.21805477142333984,
      "inter_class_std": 0.12165074050426483
    }
  },
  "layer_margins": {
    "layer_1": {
      "mean_margin": -0.10290757566690445,
      "std_margin": 0.17369142174720764,
      "fraction_positive": 0.2405
    },
    "layer_2": {
      "mean_margin": -0.053919557482004166,
      "std_margin": 0.09074673056602478,
      "fraction_positive": 0.24575
    },
    "layer_3": {
      "mean_margin": -0.02729777805507183,
      "std_margin": 0.049413640052080154,
      "fraction_positive": 0.22125
    },
    "layer_4": {
      "mean_margin": -0.03918612375855446,
      "std_margin": 0.07147227972745895,
      "fraction_positive": 0.2915
    },
    "layer_5": {
      "mean_margin": -0.028432225808501244,
      "std_margin": 0.07298135757446289,
      "fraction_positive": 0.3505
    }
  }
}